#
# There is insufficient memory for the Java Runtime Environment to continue.
# Native memory allocation (malloc) failed to allocate 32744 bytes. Error detail: Chunk::new
# Possible reasons:
#   The system is out of physical RAM or swap space
#   This process is running with CompressedOops enabled, and the Java Heap may be blocking the growth of the native heap
# Possible solutions:
#   Reduce memory load on the system
#   Increase physical memory or swap space
#   Check if swap backing store is full
#   Decrease Java heap size (-Xmx/-Xms)
#   Decrease number of Java threads
#   Decrease Java thread stack sizes (-Xss)
#   Set larger code cache with -XX:ReservedCodeCacheSize=
#   JVM is running with Unscaled Compressed Oops mode in which the Java heap is
#     placed in the first 4GB address space. The Java Heap base address is the
#     maximum limit for the native heap growth. Please use -XX:HeapBaseMinAddress
#     to set the Java Heap base and to place the Java Heap above 4GB virtual address.
# This output file may be truncated or incomplete.
#
#  Out of Memory Error (arena.cpp:168), pid=56204, tid=47552
#
# JRE version: OpenJDK Runtime Environment (21.0.4) (build 21.0.4+-12508038-b607.1)
# Java VM: OpenJDK 64-Bit Server VM (21.0.4+-12508038-b607.1, mixed mode, tiered, compressed oops, compressed class ptrs, g1 gc, windows-amd64)
# No core dump will be written. Minidumps are not enabled by default on client versions of Windows
#

---------------  S U M M A R Y ------------

Command Line: --add-opens=java.base/java.util=ALL-UNNAMED --add-opens=java.base/java.lang=ALL-UNNAMED --add-opens=java.base/java.lang.invoke=ALL-UNNAMED --add-opens=java.prefs/java.util.prefs=ALL-UNNAMED --add-exports=jdk.compiler/com.sun.tools.javac.api=ALL-UNNAMED --add-exports=jdk.compiler/com.sun.tools.javac.util=ALL-UNNAMED --add-opens=java.base/java.nio.charset=ALL-UNNAMED --add-opens=java.base/java.net=ALL-UNNAMED --add-opens=java.base/java.util.concurrent.atomic=ALL-UNNAMED -Xmx2048m -Dfile.encoding=UTF-8 -Duser.country=US -Duser.language=en -Duser.variant -javaagent:C:\Users\KSHPRIME\.gradle\wrapper\dists\gradle-8.10.2-bin\a04bxjujx95o3nb99gddekhwo\gradle-8.10.2\lib\agents\gradle-instrumentation-agent-8.10.2.jar org.gradle.launcher.daemon.bootstrap.GradleDaemon 8.10.2

Host: 12th Gen Intel(R) Core(TM) i7-12700H, 20 cores, 15G,  Windows 11 , 64 bit Build 26100 (10.0.26100.3775)
Time: Fri May  2 16:48:52 2025 Sri Lanka Standard Time elapsed time: 11.120987 seconds (0d 0h 0m 11s)

---------------  T H R E A D  ---------------

Current thread (0x000002e1b4051900):  JavaThread "C2 CompilerThread0" daemon [_thread_in_native, id=47552, stack(0x000000fee0a00000,0x000000fee0b00000) (1024K)]


Current CompileTask:
C2:  11121 10521       4       org.gradle.internal.instantiation.generator.AbstractClassGenerator::inspectType (560 bytes)

Stack: [0x000000fee0a00000,0x000000fee0b00000]
Native frames: (J=compiled Java code, j=interpreted, Vv=VM code, C=native code)
V  [jvm.dll+0x6ce539]
V  [jvm.dll+0x85bf03]
V  [jvm.dll+0x85e45e]
V  [jvm.dll+0x85eb43]
V  [jvm.dll+0x27dd06]
V  [jvm.dll+0xbf9cd]
V  [jvm.dll+0xbff03]
V  [jvm.dll+0xbfaf5]
V  [jvm.dll+0x6ace2a]
V  [jvm.dll+0x876dc]
V  [jvm.dll+0x66027d]
V  [jvm.dll+0x65e19d]
V  [jvm.dll+0x24726f]
V  [jvm.dll+0x2469c1]
V  [jvm.dll+0x1c58a4]
V  [jvm.dll+0x255fec]
V  [jvm.dll+0x254536]
V  [jvm.dll+0x3efab6]
V  [jvm.dll+0x804418]
V  [jvm.dll+0x6cce0d]
C  [ucrtbase.dll+0x37b0]
C  [KERNEL32.DLL+0x2e8d7]
C  [ntdll.dll+0xb14fc]


---------------  P R O C E S S  ---------------

Threads class SMR info:
_java_thread_list=0x000002e1c022f900, length=136, elements={
0x000002e19b80e1a0, 0x000002e1b3fdbc90, 0x000002e1b3fdc510, 0x000002e1b40344b0,
0x000002e1b4012f40, 0x000002e1b40135b0, 0x000002e1b4038b30, 0x000002e1b4051900,
0x000002e1b40726e0, 0x000002e1b41d4a50, 0x000002e1b4072db0, 0x000002e1b461aa90,
0x000002e1ba590350, 0x000002e1ba626480, 0x000002e1ba7406c0, 0x000002e1ba7564e0,
0x000002e1ba73bba0, 0x000002e1ba65fcd0, 0x000002e1ba6e0c80, 0x000002e1ba6dff60,
0x000002e1ba6e2d50, 0x000002e1ba6e05f0, 0x000002e1ba6e1310, 0x000002e1ba6e19a0,
0x000002e1ba6e2030, 0x000002e1ba6e33e0, 0x000002e1bc690ed0, 0x000002e1bc691bf0,
0x000002e1bc692280, 0x000002e1bc692910, 0x000002e1bc68fb20, 0x000002e1bc690840,
0x000002e1bc691560, 0x000002e1bc692fa0, 0x000002e1bc693630, 0x000002e1bc6901b0,
0x000002e1bc696420, 0x000002e1bc696ab0, 0x000002e1bc693cc0, 0x000002e1bc695070,
0x000002e1bc694350, 0x000002e1bc6949e0, 0x000002e1bc695d90, 0x000002e1bc695700,
0x000002e1bc697140, 0x000002e1b490e500, 0x000002e1b490b710, 0x000002e1b490c430,
0x000002e1b490cac0, 0x000002e1b490bda0, 0x000002e1b490d150, 0x000002e1b490b080,
0x000002e1b490ff40, 0x000002e1b40748f0, 0x000002e1b94b8a40, 0x000002e1b490f8b0,
0x000002e1b49105d0, 0x000002e1b49112f0, 0x000002e1b4911980, 0x000002e1b4912010,
0x000002e1b49126a0, 0x000002e1bcef4080, 0x000002e1bcef4da0, 0x000002e1bcef6e70,
0x000002e1bcef5430, 0x000002e1bcef5ac0, 0x000002e1bcef6150, 0x000002e1bcef39f0,
0x000002e1bcef7b90, 0x000002e1bcef67e0, 0x000002e1bcef7500, 0x000002e1bcef4710,
0x000002e1bcef9c60, 0x000002e1bcef88b0, 0x000002e1bcefa2f0, 0x000002e1bcef8220,
0x000002e1b94bb320, 0x000002e1bdca5050, 0x000002e1bdca77b0, 0x000002e1bdca4330,
0x000002e1bdca84d0, 0x000002e1bdca8b60, 0x000002e1bdca56e0, 0x000002e1bdca91f0,
0x000002e1bdca5d70, 0x000002e1bdca9880, 0x000002e1bdca6400, 0x000002e1bdca9f10,
0x000002e1bdcaa5a0, 0x000002e1bdcaac30, 0x000002e1be2f2690, 0x000002e1be2f12e0,
0x000002e1be2f33b0, 0x000002e1be2f2000, 0x000002e1be2eff30, 0x000002e1be2f3a40,
0x000002e1be2f2d20, 0x000002e1be2f05c0, 0x000002e1be2f1970, 0x000002e1be2f40d0,
0x000002e1be2f0c50, 0x000002e1be2f4760, 0x000002e1be2f4df0, 0x000002e1be2f5480,
0x000002e1be2f6ec0, 0x000002e1be2f5b10, 0x000002e1be2f6830, 0x000002e1be2f61a0,
0x000002e1be2f7550, 0x000002e1bc033920, 0x000002e1bc036080, 0x000002e1bc032c00,
0x000002e1bc0359f0, 0x000002e1bc033290, 0x000002e1bc034640, 0x000002e1bc035360,
0x000002e1be076870, 0x000002e1be075b50, 0x000002e1be076f00, 0x000002e1be0782b0,
0x000002e1be077c20, 0x000002e1be077590, 0x000002e1be0754c0, 0x000002e1be078940,
0x000002e1be0761e0, 0x000002e1bdd457c0, 0x000002e1bdd46b70, 0x000002e1bdd45e50,
0x000002e1bdd464e0, 0x000002e1bdd485b0, 0x000002e1bdd47200, 0x000002e1bdd47890,
0x000002e1bdd47f20, 0x000002e1bdd45130, 0x000002e1b94bb9f0, 0x000002e1b991c740
}

Java Threads: ( => current thread )
  0x000002e19b80e1a0 JavaThread "main"                              [_thread_blocked, id=60952, stack(0x000000fedfc00000,0x000000fedfd00000) (1024K)]
  0x000002e1b3fdbc90 JavaThread "Reference Handler"          daemon [_thread_blocked, id=49820, stack(0x000000fee0400000,0x000000fee0500000) (1024K)]
  0x000002e1b3fdc510 JavaThread "Finalizer"                  daemon [_thread_blocked, id=26764, stack(0x000000fee0500000,0x000000fee0600000) (1024K)]
  0x000002e1b40344b0 JavaThread "Signal Dispatcher"          daemon [_thread_blocked, id=11780, stack(0x000000fee0600000,0x000000fee0700000) (1024K)]
  0x000002e1b4012f40 JavaThread "Attach Listener"            daemon [_thread_blocked, id=43336, stack(0x000000fee0700000,0x000000fee0800000) (1024K)]
  0x000002e1b40135b0 JavaThread "Service Thread"             daemon [_thread_blocked, id=59168, stack(0x000000fee0800000,0x000000fee0900000) (1024K)]
  0x000002e1b4038b30 JavaThread "Monitor Deflation Thread"   daemon [_thread_blocked, id=59476, stack(0x000000fee0900000,0x000000fee0a00000) (1024K)]
=>0x000002e1b4051900 JavaThread "C2 CompilerThread0"         daemon [_thread_in_native, id=47552, stack(0x000000fee0a00000,0x000000fee0b00000) (1024K)]
  0x000002e1b40726e0 JavaThread "C1 CompilerThread0"         daemon [_thread_blocked, id=51052, stack(0x000000fee0b00000,0x000000fee0c00000) (1024K)]
  0x000002e1b41d4a50 JavaThread "Common-Cleaner"             daemon [_thread_blocked, id=56992, stack(0x000000fee0c00000,0x000000fee0d00000) (1024K)]
  0x000002e1b4072db0 JavaThread "C1 CompilerThread1"         daemon [_thread_blocked, id=41444, stack(0x000000fee0d00000,0x000000fee0e00000) (1024K)]
  0x000002e1b461aa90 JavaThread "Notification Thread"        daemon [_thread_blocked, id=46312, stack(0x000000fee1000000,0x000000fee1100000) (1024K)]
  0x000002e1ba590350 JavaThread "Daemon health stats"               [_thread_blocked, id=46052, stack(0x000000fee1b00000,0x000000fee1c00000) (1024K)]
  0x000002e1ba626480 JavaThread "Incoming local TCP Connector on port 11010"        [_thread_in_native, id=8252, stack(0x000000fee1c00000,0x000000fee1d00000) (1024K)]
  0x000002e1ba7406c0 JavaThread "Daemon periodic checks"            [_thread_blocked, id=61332, stack(0x000000fee1d00000,0x000000fee1e00000) (1024K)]
  0x000002e1ba7564e0 JavaThread "Daemon"                            [_thread_blocked, id=6908, stack(0x000000fee1e00000,0x000000fee1f00000) (1024K)]
  0x000002e1ba73bba0 JavaThread "Handler for socket connection from /127.0.0.1:11010 to /127.0.0.1:11011"        [_thread_in_native, id=32504, stack(0x000000fee1f00000,0x000000fee2000000) (1024K)]
  0x000002e1ba65fcd0 JavaThread "Cancel handler"                    [_thread_blocked, id=20496, stack(0x000000fee2000000,0x000000fee2100000) (1024K)]
  0x000002e1ba6e0c80 JavaThread "Daemon worker"                     [_thread_in_vm, id=16552, stack(0x000000fee2100000,0x000000fee2200000) (1024K)]
  0x000002e1ba6dff60 JavaThread "Asynchronous log dispatcher for DefaultDaemonConnection: socket connection from /127.0.0.1:11010 to /127.0.0.1:11011"        [_thread_blocked, id=42692, stack(0x000000fee2200000,0x000000fee2300000) (1024K)]
  0x000002e1ba6e2d50 JavaThread "Stdin handler"                     [_thread_blocked, id=29368, stack(0x000000fee2300000,0x000000fee2400000) (1024K)]
  0x000002e1ba6e05f0 JavaThread "Daemon client event forwarder"        [_thread_blocked, id=61184, stack(0x000000fee2400000,0x000000fee2500000) (1024K)]
  0x000002e1ba6e1310 JavaThread "Cache worker for journal cache (C:\Users\KSHPRIME\.gradle\caches\journal-1)"        [_thread_blocked, id=34684, stack(0x000000fee2e00000,0x000000fee2f00000) (1024K)]
  0x000002e1ba6e19a0 JavaThread "File lock request listener"        [_thread_in_native, id=33632, stack(0x000000fee2f00000,0x000000fee3000000) (1024K)]
  0x000002e1ba6e2030 JavaThread "Cache worker for file hash cache (C:\Users\KSHPRIME\.gradle\caches\8.10.2\fileHashes)"        [_thread_blocked, id=20816, stack(0x000000fee3000000,0x000000fee3100000) (1024K)]
  0x000002e1ba6e33e0 JavaThread "Cache worker for file hash cache (D:\AndroidStudioProjects\TuneUpMeStudio\.gradle\8.10.2\fileHashes)"        [_thread_blocked, id=48628, stack(0x000000fee3100000,0x000000fee3200000) (1024K)]
  0x000002e1bc690ed0 JavaThread "Cache worker for Build Output Cleanup Cache (D:\AndroidStudioProjects\TuneUpMeStudio\.gradle\buildOutputCleanup)"        [_thread_blocked, id=43884, stack(0x000000fee3200000,0x000000fee3300000) (1024K)]
  0x000002e1bc691bf0 JavaThread "File watcher server"        daemon [_thread_in_native, id=47044, stack(0x000000fee0e00000,0x000000fee0f00000) (1024K)]
  0x000002e1bc692280 JavaThread "File watcher consumer"      daemon [_thread_blocked, id=58868, stack(0x000000fee0f00000,0x000000fee1000000) (1024K)]
  0x000002e1bc692910 JavaThread "jar transforms"                    [_thread_blocked, id=37344, stack(0x000000fee1200000,0x000000fee1300000) (1024K)]
  0x000002e1bc68fb20 JavaThread "jar transforms Thread 2"           [_thread_blocked, id=59444, stack(0x000000fee3300000,0x000000fee3400000) (1024K)]
  0x000002e1bc690840 JavaThread "jar transforms Thread 3"           [_thread_blocked, id=8996, stack(0x000000fee3400000,0x000000fee3500000) (1024K)]
  0x000002e1bc691560 JavaThread "jar transforms Thread 4"           [_thread_blocked, id=10232, stack(0x000000fee3500000,0x000000fee3600000) (1024K)]
  0x000002e1bc692fa0 JavaThread "jar transforms Thread 5"           [_thread_blocked, id=32944, stack(0x000000fee3600000,0x000000fee3700000) (1024K)]
  0x000002e1bc693630 JavaThread "jar transforms Thread 6"           [_thread_blocked, id=8880, stack(0x000000fee3700000,0x000000fee3800000) (1024K)]
  0x000002e1bc6901b0 JavaThread "jar transforms Thread 7"           [_thread_blocked, id=25636, stack(0x000000fee3800000,0x000000fee3900000) (1024K)]
  0x000002e1bc696420 JavaThread "jar transforms Thread 8"           [_thread_blocked, id=51328, stack(0x000000fee3900000,0x000000fee3a00000) (1024K)]
  0x000002e1bc696ab0 JavaThread "jar transforms Thread 9"           [_thread_blocked, id=24396, stack(0x000000fee3a00000,0x000000fee3b00000) (1024K)]
  0x000002e1bc693cc0 JavaThread "jar transforms Thread 10"          [_thread_blocked, id=11472, stack(0x000000fee3b00000,0x000000fee3c00000) (1024K)]
  0x000002e1bc695070 JavaThread "jar transforms Thread 11"          [_thread_blocked, id=17048, stack(0x000000fee3c00000,0x000000fee3d00000) (1024K)]
  0x000002e1bc694350 JavaThread "jar transforms Thread 12"          [_thread_blocked, id=60408, stack(0x000000fee3d00000,0x000000fee3e00000) (1024K)]
  0x000002e1bc6949e0 JavaThread "jar transforms Thread 13"          [_thread_blocked, id=51128, stack(0x000000fee3e00000,0x000000fee3f00000) (1024K)]
  0x000002e1bc695d90 JavaThread "jar transforms Thread 14"          [_thread_blocked, id=51684, stack(0x000000fee3f00000,0x000000fee4000000) (1024K)]
  0x000002e1bc695700 JavaThread "jar transforms Thread 15"          [_thread_blocked, id=33196, stack(0x000000fee4000000,0x000000fee4100000) (1024K)]
  0x000002e1bc697140 JavaThread "jar transforms Thread 16"          [_thread_blocked, id=53888, stack(0x000000fee4100000,0x000000fee4200000) (1024K)]
  0x000002e1b490e500 JavaThread "jar transforms Thread 17"          [_thread_blocked, id=22368, stack(0x000000fee4200000,0x000000fee4300000) (1024K)]
  0x000002e1b490b710 JavaThread "jar transforms Thread 18"          [_thread_blocked, id=29608, stack(0x000000fee4300000,0x000000fee4400000) (1024K)]
  0x000002e1b490c430 JavaThread "jar transforms Thread 19"          [_thread_blocked, id=33688, stack(0x000000fee4400000,0x000000fee4500000) (1024K)]
  0x000002e1b490cac0 JavaThread "jar transforms Thread 20"          [_thread_blocked, id=3800, stack(0x000000fee4500000,0x000000fee4600000) (1024K)]
  0x000002e1b490bda0 JavaThread "Cache worker for checksums cache (D:\AndroidStudioProjects\TuneUpMeStudio\.gradle\8.10.2\checksums)"        [_thread_blocked, id=30532, stack(0x000000fee4800000,0x000000fee4900000) (1024K)]
  0x000002e1b490d150 JavaThread "Cache worker for file content cache (C:\Users\KSHPRIME\.gradle\caches\8.10.2\fileContent)"        [_thread_blocked, id=57180, stack(0x000000fee4900000,0x000000fee4a00000) (1024K)]
  0x000002e1b490b080 JavaThread "Cache worker for cache directory md-rule (C:\Users\KSHPRIME\.gradle\caches\8.10.2\md-rule)"        [_thread_blocked, id=46868, stack(0x000000fee4a00000,0x000000fee4b00000) (1024K)]
  0x000002e1b490ff40 JavaThread "Cache worker for cache directory md-supplier (C:\Users\KSHPRIME\.gradle\caches\8.10.2\md-supplier)"        [_thread_blocked, id=21972, stack(0x000000fee4b00000,0x000000fee4c00000) (1024K)]
  0x000002e1b40748f0 JavaThread "C1 CompilerThread2"         daemon [_thread_blocked, id=57500, stack(0x000000fee4c00000,0x000000fee4d00000) (1024K)]
  0x000002e1b94b8a40 JavaThread "C1 CompilerThread3"         daemon [_thread_in_native, id=12120, stack(0x000000fee4d00000,0x000000fee4e00000) (1024K)]
  0x000002e1b490f8b0 JavaThread "Unconstrained build operations"        [_thread_blocked, id=6240, stack(0x000000fee4e00000,0x000000fee4f00000) (1024K)]
  0x000002e1b49105d0 JavaThread "Unconstrained build operations Thread 2"        [_thread_blocked, id=20796, stack(0x000000fee4f00000,0x000000fee5000000) (1024K)]
  0x000002e1b49112f0 JavaThread "Unconstrained build operations Thread 3"        [_thread_blocked, id=36788, stack(0x000000fee5000000,0x000000fee5100000) (1024K)]
  0x000002e1b4911980 JavaThread "Unconstrained build operations Thread 4"        [_thread_blocked, id=15188, stack(0x000000fee5100000,0x000000fee5200000) (1024K)]
  0x000002e1b4912010 JavaThread "Unconstrained build operations Thread 5"        [_thread_blocked, id=41496, stack(0x000000fee5200000,0x000000fee5300000) (1024K)]
  0x000002e1b49126a0 JavaThread "Unconstrained build operations Thread 6"        [_thread_blocked, id=15088, stack(0x000000fee5300000,0x000000fee5400000) (1024K)]
  0x000002e1bcef4080 JavaThread "Unconstrained build operations Thread 7"        [_thread_blocked, id=57940, stack(0x000000fee5400000,0x000000fee5500000) (1024K)]
  0x000002e1bcef4da0 JavaThread "Unconstrained build operations Thread 8"        [_thread_blocked, id=17868, stack(0x000000fee5500000,0x000000fee5600000) (1024K)]
  0x000002e1bcef6e70 JavaThread "Unconstrained build operations Thread 9"        [_thread_blocked, id=51372, stack(0x000000fee5600000,0x000000fee5700000) (1024K)]
  0x000002e1bcef5430 JavaThread "Unconstrained build operations Thread 10"        [_thread_blocked, id=53976, stack(0x000000fee5700000,0x000000fee5800000) (1024K)]
  0x000002e1bcef5ac0 JavaThread "Unconstrained build operations Thread 11"        [_thread_blocked, id=7600, stack(0x000000fee5800000,0x000000fee5900000) (1024K)]
  0x000002e1bcef6150 JavaThread "Unconstrained build operations Thread 12"        [_thread_blocked, id=52680, stack(0x000000fee5900000,0x000000fee5a00000) (1024K)]
  0x000002e1bcef39f0 JavaThread "Unconstrained build operations Thread 13"        [_thread_blocked, id=25104, stack(0x000000fee5a00000,0x000000fee5b00000) (1024K)]
  0x000002e1bcef7b90 JavaThread "Unconstrained build operations Thread 14"        [_thread_blocked, id=8520, stack(0x000000fee5b00000,0x000000fee5c00000) (1024K)]
  0x000002e1bcef67e0 JavaThread "Unconstrained build operations Thread 15"        [_thread_blocked, id=7068, stack(0x000000fee5c00000,0x000000fee5d00000) (1024K)]
  0x000002e1bcef7500 JavaThread "Unconstrained build operations Thread 16"        [_thread_blocked, id=14032, stack(0x000000fee5d00000,0x000000fee5e00000) (1024K)]
  0x000002e1bcef4710 JavaThread "Unconstrained build operations Thread 17"        [_thread_blocked, id=34812, stack(0x000000fee5e00000,0x000000fee5f00000) (1024K)]
  0x000002e1bcef9c60 JavaThread "Unconstrained build operations Thread 18"        [_thread_blocked, id=60492, stack(0x000000fee5f00000,0x000000fee6000000) (1024K)]
  0x000002e1bcef88b0 JavaThread "Unconstrained build operations Thread 19"        [_thread_blocked, id=46568, stack(0x000000fee6000000,0x000000fee6100000) (1024K)]
  0x000002e1bcefa2f0 JavaThread "Unconstrained build operations Thread 20"        [_thread_blocked, id=6284, stack(0x000000fee6100000,0x000000fee6200000) (1024K)]
  0x000002e1bcef8220 JavaThread "Unconstrained build operations Thread 21"        [_thread_blocked, id=33428, stack(0x000000fee6200000,0x000000fee6300000) (1024K)]
  0x000002e1b94bb320 JavaThread "C2 CompilerThread1"         daemon [_thread_in_native, id=18868, stack(0x000000fee1100000,0x000000fee1200000) (1024K)]
  0x000002e1bdca5050 JavaThread "Unconstrained build operations Thread 22"        [_thread_blocked, id=6724, stack(0x000000fee4600000,0x000000fee4700000) (1024K)]
  0x000002e1bdca77b0 JavaThread "Unconstrained build operations Thread 23"        [_thread_blocked, id=3460, stack(0x000000fee4700000,0x000000fee4800000) (1024K)]
  0x000002e1bdca4330 JavaThread "Unconstrained build operations Thread 24"        [_thread_blocked, id=54728, stack(0x000000fee6400000,0x000000fee6500000) (1024K)]
  0x000002e1bdca84d0 JavaThread "Unconstrained build operations Thread 25"        [_thread_blocked, id=43344, stack(0x000000fee6500000,0x000000fee6600000) (1024K)]
  0x000002e1bdca8b60 JavaThread "Unconstrained build operations Thread 26"        [_thread_blocked, id=6800, stack(0x000000fee6600000,0x000000fee6700000) (1024K)]
  0x000002e1bdca56e0 JavaThread "Unconstrained build operations Thread 27"        [_thread_blocked, id=16852, stack(0x000000fee6700000,0x000000fee6800000) (1024K)]
  0x000002e1bdca91f0 JavaThread "Unconstrained build operations Thread 28"        [_thread_blocked, id=48228, stack(0x000000fee6800000,0x000000fee6900000) (1024K)]
  0x000002e1bdca5d70 JavaThread "Unconstrained build operations Thread 29"        [_thread_blocked, id=25704, stack(0x000000fee6900000,0x000000fee6a00000) (1024K)]
  0x000002e1bdca9880 JavaThread "Unconstrained build operations Thread 30"        [_thread_blocked, id=37680, stack(0x000000fee6a00000,0x000000fee6b00000) (1024K)]
  0x000002e1bdca6400 JavaThread "Unconstrained build operations Thread 31"        [_thread_blocked, id=32556, stack(0x000000fee6b00000,0x000000fee6c00000) (1024K)]
  0x000002e1bdca9f10 JavaThread "Unconstrained build operations Thread 32"        [_thread_blocked, id=58432, stack(0x000000fee6c00000,0x000000fee6d00000) (1024K)]
  0x000002e1bdcaa5a0 JavaThread "Unconstrained build operations Thread 33"        [_thread_blocked, id=7592, stack(0x000000fee6d00000,0x000000fee6e00000) (1024K)]
  0x000002e1bdcaac30 JavaThread "Unconstrained build operations Thread 34"        [_thread_blocked, id=47496, stack(0x000000fee6e00000,0x000000fee6f00000) (1024K)]
  0x000002e1be2f2690 JavaThread "Unconstrained build operations Thread 35"        [_thread_blocked, id=19640, stack(0x000000fee6f00000,0x000000fee7000000) (1024K)]
  0x000002e1be2f12e0 JavaThread "Unconstrained build operations Thread 36"        [_thread_blocked, id=39520, stack(0x000000fee7000000,0x000000fee7100000) (1024K)]
  0x000002e1be2f33b0 JavaThread "Unconstrained build operations Thread 37"        [_thread_blocked, id=42640, stack(0x000000fee7100000,0x000000fee7200000) (1024K)]
  0x000002e1be2f2000 JavaThread "Unconstrained build operations Thread 38"        [_thread_blocked, id=15248, stack(0x000000fee7200000,0x000000fee7300000) (1024K)]
  0x000002e1be2eff30 JavaThread "Unconstrained build operations Thread 39"        [_thread_blocked, id=16660, stack(0x000000fee7300000,0x000000fee7400000) (1024K)]
  0x000002e1be2f3a40 JavaThread "Unconstrained build operations Thread 40"        [_thread_blocked, id=59540, stack(0x000000fee7400000,0x000000fee7500000) (1024K)]
  0x000002e1be2f2d20 JavaThread "Unconstrained build operations Thread 41"        [_thread_blocked, id=30260, stack(0x000000fee7500000,0x000000fee7600000) (1024K)]
  0x000002e1be2f05c0 JavaThread "Unconstrained build operations Thread 42"        [_thread_blocked, id=43312, stack(0x000000fee7600000,0x000000fee7700000) (1024K)]
  0x000002e1be2f1970 JavaThread "Unconstrained build operations Thread 43"        [_thread_blocked, id=16128, stack(0x000000fee7700000,0x000000fee7800000) (1024K)]
  0x000002e1be2f40d0 JavaThread "Unconstrained build operations Thread 44"        [_thread_blocked, id=40380, stack(0x000000fee7800000,0x000000fee7900000) (1024K)]
  0x000002e1be2f0c50 JavaThread "Unconstrained build operations Thread 45"        [_thread_blocked, id=55360, stack(0x000000fee7900000,0x000000fee7a00000) (1024K)]
  0x000002e1be2f4760 JavaThread "Unconstrained build operations Thread 46"        [_thread_blocked, id=39048, stack(0x000000fee7a00000,0x000000fee7b00000) (1024K)]
  0x000002e1be2f4df0 JavaThread "Unconstrained build operations Thread 47"        [_thread_blocked, id=42876, stack(0x000000fee7b00000,0x000000fee7c00000) (1024K)]
  0x000002e1be2f5480 JavaThread "Unconstrained build operations Thread 48"        [_thread_blocked, id=53968, stack(0x000000fee7c00000,0x000000fee7d00000) (1024K)]
  0x000002e1be2f6ec0 JavaThread "Unconstrained build operations Thread 49"        [_thread_blocked, id=6460, stack(0x000000fee7d00000,0x000000fee7e00000) (1024K)]
  0x000002e1be2f5b10 JavaThread "Unconstrained build operations Thread 50"        [_thread_blocked, id=48392, stack(0x000000fee7e00000,0x000000fee7f00000) (1024K)]
  0x000002e1be2f6830 JavaThread "Unconstrained build operations Thread 51"        [_thread_blocked, id=40088, stack(0x000000fee7f00000,0x000000fee8000000) (1024K)]
  0x000002e1be2f61a0 JavaThread "Unconstrained build operations Thread 52"        [_thread_blocked, id=40364, stack(0x000000fee8000000,0x000000fee8100000) (1024K)]
  0x000002e1be2f7550 JavaThread "Unconstrained build operations Thread 53"        [_thread_blocked, id=49656, stack(0x000000fee8100000,0x000000fee8200000) (1024K)]
  0x000002e1bc033920 JavaThread "Unconstrained build operations Thread 54"        [_thread_blocked, id=45932, stack(0x000000fee8200000,0x000000fee8300000) (1024K)]
  0x000002e1bc036080 JavaThread "Unconstrained build operations Thread 55"        [_thread_blocked, id=42036, stack(0x000000fee8300000,0x000000fee8400000) (1024K)]
  0x000002e1bc032c00 JavaThread "Unconstrained build operations Thread 56"        [_thread_blocked, id=16860, stack(0x000000fee8400000,0x000000fee8500000) (1024K)]
  0x000002e1bc0359f0 JavaThread "Unconstrained build operations Thread 57"        [_thread_blocked, id=12196, stack(0x000000fee8500000,0x000000fee8600000) (1024K)]
  0x000002e1bc033290 JavaThread "Unconstrained build operations Thread 58"        [_thread_blocked, id=45064, stack(0x000000fee8600000,0x000000fee8700000) (1024K)]
  0x000002e1bc034640 JavaThread "Unconstrained build operations Thread 59"        [_thread_blocked, id=15112, stack(0x000000fee8700000,0x000000fee8800000) (1024K)]
  0x000002e1bc035360 JavaThread "Unconstrained build operations Thread 60"        [_thread_blocked, id=2980, stack(0x000000fee8800000,0x000000fee8900000) (1024K)]
  0x000002e1be076870 JavaThread "Unconstrained build operations Thread 61"        [_thread_blocked, id=34520, stack(0x000000fee8900000,0x000000fee8a00000) (1024K)]
  0x000002e1be075b50 JavaThread "Unconstrained build operations Thread 62"        [_thread_blocked, id=59108, stack(0x000000fee8a00000,0x000000fee8b00000) (1024K)]
  0x000002e1be076f00 JavaThread "Unconstrained build operations Thread 63"        [_thread_blocked, id=42988, stack(0x000000fee8b00000,0x000000fee8c00000) (1024K)]
  0x000002e1be0782b0 JavaThread "Unconstrained build operations Thread 64"        [_thread_blocked, id=42736, stack(0x000000fee8c00000,0x000000fee8d00000) (1024K)]
  0x000002e1be077c20 JavaThread "Unconstrained build operations Thread 65"        [_thread_blocked, id=46592, stack(0x000000fee8d00000,0x000000fee8e00000) (1024K)]
  0x000002e1be077590 JavaThread "Unconstrained build operations Thread 66"        [_thread_blocked, id=46900, stack(0x000000fee8e00000,0x000000fee8f00000) (1024K)]
  0x000002e1be0754c0 JavaThread "Unconstrained build operations Thread 67"        [_thread_blocked, id=32044, stack(0x000000fee8f00000,0x000000fee9000000) (1024K)]
  0x000002e1be078940 JavaThread "Unconstrained build operations Thread 68"        [_thread_blocked, id=25676, stack(0x000000fee9000000,0x000000fee9100000) (1024K)]
  0x000002e1be0761e0 JavaThread "Unconstrained build operations Thread 69"        [_thread_blocked, id=54428, stack(0x000000fee9100000,0x000000fee9200000) (1024K)]
  0x000002e1bdd457c0 JavaThread "Unconstrained build operations Thread 70"        [_thread_blocked, id=30212, stack(0x000000fee9200000,0x000000fee9300000) (1024K)]
  0x000002e1bdd46b70 JavaThread "Unconstrained build operations Thread 71"        [_thread_blocked, id=39400, stack(0x000000fee9300000,0x000000fee9400000) (1024K)]
  0x000002e1bdd45e50 JavaThread "Unconstrained build operations Thread 72"        [_thread_blocked, id=31056, stack(0x000000fee9400000,0x000000fee9500000) (1024K)]
  0x000002e1bdd464e0 JavaThread "Unconstrained build operations Thread 73"        [_thread_blocked, id=42860, stack(0x000000fee9500000,0x000000fee9600000) (1024K)]
  0x000002e1bdd485b0 JavaThread "Unconstrained build operations Thread 74"        [_thread_blocked, id=28920, stack(0x000000fee9600000,0x000000fee9700000) (1024K)]
  0x000002e1bdd47200 JavaThread "Unconstrained build operations Thread 75"        [_thread_blocked, id=59996, stack(0x000000fee9700000,0x000000fee9800000) (1024K)]
  0x000002e1bdd47890 JavaThread "Unconstrained build operations Thread 76"        [_thread_blocked, id=31396, stack(0x000000fee9800000,0x000000fee9900000) (1024K)]
  0x000002e1bdd47f20 JavaThread "Unconstrained build operations Thread 77"        [_thread_blocked, id=2928, stack(0x000000fee9900000,0x000000fee9a00000) (1024K)]
  0x000002e1bdd45130 JavaThread "Unconstrained build operations Thread 78"        [_thread_blocked, id=18892, stack(0x000000fee9a00000,0x000000fee9b00000) (1024K)]
  0x000002e1b94bb9f0 JavaThread "C2 CompilerThread2"         daemon [_thread_blocked, id=35428, stack(0x000000fee9b00000,0x000000fee9c00000) (1024K)]
  0x000002e1b991c740 JavaThread "Memory manager"                    [_thread_blocked, id=24016, stack(0x000000fee9c00000,0x000000fee9d00000) (1024K)]
Total: 136

Other Threads:
  0x000002e1b311e780 VMThread "VM Thread"                           [id=58348, stack(0x000000fee0300000,0x000000fee0400000) (1024K)]
  0x000002e1b3f709d0 WatcherThread "VM Periodic Task Thread"        [id=58896, stack(0x000000fee0200000,0x000000fee0300000) (1024K)]
  0x000002e19b868940 WorkerThread "GC Thread#0"                     [id=30708, stack(0x000000fedfd00000,0x000000fedfe00000) (1024K)]
  0x000002e1b49c36c0 WorkerThread "GC Thread#1"                     [id=35240, stack(0x000000fee1300000,0x000000fee1400000) (1024K)]
  0x000002e1b4af7100 WorkerThread "GC Thread#2"                     [id=16064, stack(0x000000fee1400000,0x000000fee1500000) (1024K)]
  0x000002e1b4ae5960 WorkerThread "GC Thread#3"                     [id=52220, stack(0x000000fee1500000,0x000000fee1600000) (1024K)]
  0x000002e1b4ae5d00 WorkerThread "GC Thread#4"                     [id=12940, stack(0x000000fee1600000,0x000000fee1700000) (1024K)]
  0x000002e1b4ae60a0 WorkerThread "GC Thread#5"                     [id=51692, stack(0x000000fee1700000,0x000000fee1800000) (1024K)]
  0x000002e1ba565d00 WorkerThread "GC Thread#6"                     [id=56156, stack(0x000000fee1800000,0x000000fee1900000) (1024K)]
  0x000002e1ba487990 WorkerThread "GC Thread#7"                     [id=13268, stack(0x000000fee1900000,0x000000fee1a00000) (1024K)]
  0x000002e1ba475ae0 WorkerThread "GC Thread#8"                     [id=5240, stack(0x000000fee1a00000,0x000000fee1b00000) (1024K)]
  0x000002e1ba6eaee0 WorkerThread "GC Thread#9"                     [id=42296, stack(0x000000fee2500000,0x000000fee2600000) (1024K)]
  0x000002e1ba6eb620 WorkerThread "GC Thread#10"                    [id=32144, stack(0x000000fee2600000,0x000000fee2700000) (1024K)]
  0x000002e1ba6eb9c0 WorkerThread "GC Thread#11"                    [id=25076, stack(0x000000fee2700000,0x000000fee2800000) (1024K)]
  0x000002e1ba6ebd60 WorkerThread "GC Thread#12"                    [id=35564, stack(0x000000fee2800000,0x000000fee2900000) (1024K)]
  0x000002e1ba6eb280 WorkerThread "GC Thread#13"                    [id=42052, stack(0x000000fee2900000,0x000000fee2a00000) (1024K)]
  0x000002e1ba6ec100 WorkerThread "GC Thread#14"                    [id=49584, stack(0x000000fee2a00000,0x000000fee2b00000) (1024K)]
  0x000002e19b879830 ConcurrentGCThread "G1 Main Marker"            [id=18324, stack(0x000000fedfe00000,0x000000fedff00000) (1024K)]
  0x000002e19b87a510 WorkerThread "G1 Conc#0"                       [id=8964, stack(0x000000fedff00000,0x000000fee0000000) (1024K)]
  0x000002e1ba6ec4a0 WorkerThread "G1 Conc#1"                       [id=12016, stack(0x000000fee2b00000,0x000000fee2c00000) (1024K)]
  0x000002e1ba6eab40 WorkerThread "G1 Conc#2"                       [id=56416, stack(0x000000fee2c00000,0x000000fee2d00000) (1024K)]
  0x000002e1ba8f6c90 WorkerThread "G1 Conc#3"                       [id=10220, stack(0x000000fee2d00000,0x000000fee2e00000) (1024K)]
  0x000002e19b8ce910 ConcurrentGCThread "G1 Refine#0"               [id=40588, stack(0x000000fee0000000,0x000000fee0100000) (1024K)]
  0x000002e1b3028f10 ConcurrentGCThread "G1 Service"                [id=43992, stack(0x000000fee0100000,0x000000fee0200000) (1024K)]
Total: 24

Threads with active compile tasks:
C2 CompilerThread0    11140 10521       4       org.gradle.internal.instantiation.generator.AbstractClassGenerator::inspectType (560 bytes)
C1 CompilerThread3    11140 10651       3       org.gradle.api.internal.artifacts.configurations.DefaultConfiguration::isFullyResoled (20 bytes)
C2 CompilerThread1    11140 10673   !   4       java.util.zip.InflaterInputStream::read (129 bytes)
Total: 3

VM state: not at safepoint (normal execution)

VM Mutex/Monitor currently owned by a thread: None

Heap address: 0x0000000080000000, size: 2048 MB, Compressed Oops mode: 32-bit

CDS archive(s) not mapped
Compressed class space mapped at: 0x0000000100000000-0x0000000140000000, reserved size: 1073741824
Narrow klass base: 0x0000000000000000, Narrow klass shift: 3, Narrow klass range: 0x140000000

GC Precious Log:
 CardTable entry size: 512
 Card Set container configuration: InlinePtr #cards 5 size 8 Array Of Cards #cards 12 size 40 Howl #buckets 4 coarsen threshold 1843 Howl Bitmap #cards 512 size 80 coarsen threshold 460 Card regions per heap region 1 cards per card region 2048
 CPUs: 20 total, 20 available
 Memory: 15999M
 Large Page Support: Disabled
 NUMA Support: Disabled
 Compressed Oops: Enabled (32-bit)
 Heap Region Size: 1M
 Heap Min Capacity: 8M
 Heap Initial Capacity: 250M
 Heap Max Capacity: 2G
 Pre-touch: Disabled
 Parallel Workers: 15
 Concurrent Workers: 4
 Concurrent Refinement Workers: 15
 Periodic GC: Disabled

Heap:
 garbage-first heap   total 174080K, used 147983K [0x0000000080000000, 0x0000000100000000)
  region size 1024K, 45 young (46080K), 6 survivors (6144K)
 Metaspace       used 92426K, committed 94400K, reserved 1179648K
  class space    used 12349K, committed 13312K, reserved 1048576K

Heap Regions: E=young(eden), S=young(survivor), O=old, HS=humongous(starts), HC=humongous(continues), CS=collection set, F=free, TAMS=top-at-mark-start, PB=parsable bottom
|   0|0x0000000080000000, 0x0000000080100000, 0x0000000080100000|100%| O|  |TAMS 0x0000000080000000| PB 0x0000000080000000| Untracked 
|   1|0x0000000080100000, 0x0000000080200000, 0x0000000080200000|100%|HS|  |TAMS 0x0000000080100000| PB 0x0000000080100000| Complete 
|   2|0x0000000080200000, 0x0000000080300000, 0x0000000080300000|100%|HC|  |TAMS 0x0000000080200000| PB 0x0000000080200000| Complete 
|   3|0x0000000080300000, 0x0000000080400000, 0x0000000080400000|100%|HC|  |TAMS 0x0000000080300000| PB 0x0000000080300000| Complete 
|   4|0x0000000080400000, 0x0000000080500000, 0x0000000080500000|100%|HC|  |TAMS 0x0000000080400000| PB 0x0000000080400000| Complete 
|   5|0x0000000080500000, 0x0000000080600000, 0x0000000080600000|100%| O|  |TAMS 0x0000000080500000| PB 0x0000000080500000| Untracked 
|   6|0x0000000080600000, 0x0000000080700000, 0x0000000080700000|100%| O|  |TAMS 0x0000000080600000| PB 0x0000000080600000| Untracked 
|   7|0x0000000080700000, 0x0000000080800000, 0x0000000080800000|100%| O|  |TAMS 0x0000000080700000| PB 0x0000000080700000| Untracked 
|   8|0x0000000080800000, 0x0000000080900000, 0x0000000080900000|100%|HS|  |TAMS 0x0000000080800000| PB 0x0000000080800000| Complete 
|   9|0x0000000080900000, 0x0000000080a00000, 0x0000000080a00000|100%| O|  |TAMS 0x0000000080900000| PB 0x0000000080900000| Untracked 
|  10|0x0000000080a00000, 0x0000000080b00000, 0x0000000080b00000|100%| O|  |TAMS 0x0000000080a00000| PB 0x0000000080a00000| Untracked 
|  11|0x0000000080b00000, 0x0000000080c00000, 0x0000000080c00000|100%| O|  |TAMS 0x0000000080b00000| PB 0x0000000080b00000| Untracked 
|  12|0x0000000080c00000, 0x0000000080d00000, 0x0000000080d00000|100%| O|  |TAMS 0x0000000080c00000| PB 0x0000000080c00000| Untracked 
|  13|0x0000000080d00000, 0x0000000080e00000, 0x0000000080e00000|100%| O|  |TAMS 0x0000000080d00000| PB 0x0000000080d00000| Untracked 
|  14|0x0000000080e00000, 0x0000000080f00000, 0x0000000080f00000|100%| O|  |TAMS 0x0000000080e00000| PB 0x0000000080e00000| Untracked 
|  15|0x0000000080f00000, 0x0000000081000000, 0x0000000081000000|100%| O|  |TAMS 0x0000000080f00000| PB 0x0000000080f00000| Untracked 
|  16|0x0000000081000000, 0x0000000081100000, 0x0000000081100000|100%| O|  |TAMS 0x0000000081000000| PB 0x0000000081000000| Untracked 
|  17|0x0000000081100000, 0x0000000081200000, 0x0000000081200000|100%| O|  |TAMS 0x0000000081100000| PB 0x0000000081100000| Untracked 
|  18|0x0000000081200000, 0x0000000081300000, 0x0000000081300000|100%| O|  |TAMS 0x0000000081200000| PB 0x0000000081200000| Untracked 
|  19|0x0000000081300000, 0x0000000081400000, 0x0000000081400000|100%| O|  |TAMS 0x0000000081300000| PB 0x0000000081300000| Untracked 
|  20|0x0000000081400000, 0x0000000081500000, 0x0000000081500000|100%| O|  |TAMS 0x0000000081400000| PB 0x0000000081400000| Untracked 
|  21|0x0000000081500000, 0x0000000081600000, 0x0000000081600000|100%| O|  |TAMS 0x0000000081500000| PB 0x0000000081500000| Untracked 
|  22|0x0000000081600000, 0x0000000081700000, 0x0000000081700000|100%|HS|  |TAMS 0x0000000081600000| PB 0x0000000081600000| Complete 
|  23|0x0000000081700000, 0x0000000081800000, 0x0000000081800000|100%|HC|  |TAMS 0x0000000081700000| PB 0x0000000081700000| Complete 
|  24|0x0000000081800000, 0x0000000081900000, 0x0000000081900000|100%|HC|  |TAMS 0x0000000081800000| PB 0x0000000081800000| Complete 
|  25|0x0000000081900000, 0x0000000081a00000, 0x0000000081a00000|100%|HS|  |TAMS 0x0000000081900000| PB 0x0000000081900000| Complete 
|  26|0x0000000081a00000, 0x0000000081b00000, 0x0000000081b00000|100%|HC|  |TAMS 0x0000000081a00000| PB 0x0000000081a00000| Complete 
|  27|0x0000000081b00000, 0x0000000081c00000, 0x0000000081c00000|100%|HS|  |TAMS 0x0000000081b00000| PB 0x0000000081b00000| Complete 
|  28|0x0000000081c00000, 0x0000000081d00000, 0x0000000081d00000|100%| O|  |TAMS 0x0000000081c00000| PB 0x0000000081c00000| Untracked 
|  29|0x0000000081d00000, 0x0000000081e00000, 0x0000000081e00000|100%| O|  |TAMS 0x0000000081d00000| PB 0x0000000081d00000| Untracked 
|  30|0x0000000081e00000, 0x0000000081f00000, 0x0000000081f00000|100%| O|  |TAMS 0x0000000081e00000| PB 0x0000000081e00000| Untracked 
|  31|0x0000000081f00000, 0x0000000082000000, 0x0000000082000000|100%| O|  |TAMS 0x0000000081f00000| PB 0x0000000081f00000| Untracked 
|  32|0x0000000082000000, 0x0000000082100000, 0x0000000082100000|100%| O|  |TAMS 0x0000000082000000| PB 0x0000000082000000| Untracked 
|  33|0x0000000082100000, 0x0000000082200000, 0x0000000082200000|100%|HS|  |TAMS 0x0000000082100000| PB 0x0000000082100000| Complete 
|  34|0x0000000082200000, 0x0000000082300000, 0x0000000082300000|100%|HC|  |TAMS 0x0000000082200000| PB 0x0000000082200000| Complete 
|  35|0x0000000082300000, 0x0000000082400000, 0x0000000082400000|100%|HC|  |TAMS 0x0000000082300000| PB 0x0000000082300000| Complete 
|  36|0x0000000082400000, 0x0000000082500000, 0x0000000082500000|100%|HC|  |TAMS 0x0000000082400000| PB 0x0000000082400000| Complete 
|  37|0x0000000082500000, 0x0000000082600000, 0x0000000082600000|100%|HC|  |TAMS 0x0000000082500000| PB 0x0000000082500000| Complete 
|  38|0x0000000082600000, 0x0000000082700000, 0x0000000082700000|100%|HC|  |TAMS 0x0000000082600000| PB 0x0000000082600000| Complete 
|  39|0x0000000082700000, 0x0000000082800000, 0x0000000082800000|100%| O|  |TAMS 0x0000000082700000| PB 0x0000000082700000| Untracked 
|  40|0x0000000082800000, 0x0000000082900000, 0x0000000082900000|100%| O|  |TAMS 0x0000000082800000| PB 0x0000000082800000| Untracked 
|  41|0x0000000082900000, 0x0000000082a00000, 0x0000000082a00000|100%| O|  |TAMS 0x0000000082900000| PB 0x0000000082900000| Untracked 
|  42|0x0000000082a00000, 0x0000000082b00000, 0x0000000082b00000|100%| O|  |TAMS 0x0000000082a00000| PB 0x0000000082a00000| Untracked 
|  43|0x0000000082b00000, 0x0000000082c00000, 0x0000000082c00000|100%| O|  |TAMS 0x0000000082b00000| PB 0x0000000082b00000| Untracked 
|  44|0x0000000082c00000, 0x0000000082d00000, 0x0000000082d00000|100%| O|  |TAMS 0x0000000082c00000| PB 0x0000000082c00000| Untracked 
|  45|0x0000000082d00000, 0x0000000082e00000, 0x0000000082e00000|100%| O|  |TAMS 0x0000000082d00000| PB 0x0000000082d00000| Untracked 
|  46|0x0000000082e00000, 0x0000000082f00000, 0x0000000082f00000|100%| O|  |TAMS 0x0000000082e00000| PB 0x0000000082e00000| Untracked 
|  47|0x0000000082f00000, 0x0000000083000000, 0x0000000083000000|100%| O|  |TAMS 0x0000000082f00000| PB 0x0000000082f00000| Untracked 
|  48|0x0000000083000000, 0x0000000083100000, 0x0000000083100000|100%| O|  |TAMS 0x0000000083000000| PB 0x0000000083000000| Untracked 
|  49|0x0000000083100000, 0x0000000083200000, 0x0000000083200000|100%| O|  |TAMS 0x0000000083100000| PB 0x0000000083100000| Untracked 
|  50|0x0000000083200000, 0x0000000083300000, 0x0000000083300000|100%| O|  |TAMS 0x0000000083200000| PB 0x0000000083200000| Untracked 
|  51|0x0000000083300000, 0x0000000083400000, 0x0000000083400000|100%| O|  |TAMS 0x0000000083300000| PB 0x0000000083300000| Untracked 
|  52|0x0000000083400000, 0x0000000083500000, 0x0000000083500000|100%| O|  |TAMS 0x0000000083400000| PB 0x0000000083400000| Untracked 
|  53|0x0000000083500000, 0x0000000083600000, 0x0000000083600000|100%| O|  |TAMS 0x0000000083500000| PB 0x0000000083500000| Untracked 
|  54|0x0000000083600000, 0x0000000083700000, 0x0000000083700000|100%| O|  |TAMS 0x0000000083600000| PB 0x0000000083600000| Untracked 
|  55|0x0000000083700000, 0x0000000083800000, 0x0000000083800000|100%| O|  |TAMS 0x0000000083700000| PB 0x0000000083700000| Untracked 
|  56|0x0000000083800000, 0x0000000083900000, 0x0000000083900000|100%|HS|  |TAMS 0x0000000083800000| PB 0x0000000083800000| Complete 
|  57|0x0000000083900000, 0x0000000083a00000, 0x0000000083a00000|100%|HC|  |TAMS 0x0000000083900000| PB 0x0000000083900000| Complete 
|  58|0x0000000083a00000, 0x0000000083b00000, 0x0000000083b00000|100%|HS|  |TAMS 0x0000000083a00000| PB 0x0000000083a00000| Complete 
|  59|0x0000000083b00000, 0x0000000083c00000, 0x0000000083c00000|100%|HC|  |TAMS 0x0000000083b00000| PB 0x0000000083b00000| Complete 
|  60|0x0000000083c00000, 0x0000000083d00000, 0x0000000083d00000|100%|HC|  |TAMS 0x0000000083c00000| PB 0x0000000083c00000| Complete 
|  61|0x0000000083d00000, 0x0000000083e00000, 0x0000000083e00000|100%|HC|  |TAMS 0x0000000083d00000| PB 0x0000000083d00000| Complete 
|  62|0x0000000083e00000, 0x0000000083f00000, 0x0000000083f00000|100%|HC|  |TAMS 0x0000000083e00000| PB 0x0000000083e00000| Complete 
|  63|0x0000000083f00000, 0x0000000084000000, 0x0000000084000000|100%|HC|  |TAMS 0x0000000083f00000| PB 0x0000000083f00000| Complete 
|  64|0x0000000084000000, 0x0000000084100000, 0x0000000084100000|100%|HS|  |TAMS 0x0000000084000000| PB 0x0000000084000000| Complete 
|  65|0x0000000084100000, 0x0000000084200000, 0x0000000084200000|100%|HC|  |TAMS 0x0000000084100000| PB 0x0000000084100000| Complete 
|  66|0x0000000084200000, 0x0000000084300000, 0x0000000084300000|100%|HC|  |TAMS 0x0000000084200000| PB 0x0000000084200000| Complete 
|  67|0x0000000084300000, 0x0000000084400000, 0x0000000084400000|100%|HC|  |TAMS 0x0000000084300000| PB 0x0000000084300000| Complete 
|  68|0x0000000084400000, 0x0000000084500000, 0x0000000084500000|100%|HC|  |TAMS 0x0000000084400000| PB 0x0000000084400000| Complete 
|  69|0x0000000084500000, 0x0000000084600000, 0x0000000084600000|100%|HC|  |TAMS 0x0000000084500000| PB 0x0000000084500000| Complete 
|  70|0x0000000084600000, 0x0000000084700000, 0x0000000084700000|100%| O|  |TAMS 0x0000000084600000| PB 0x0000000084600000| Untracked 
|  71|0x0000000084700000, 0x0000000084800000, 0x0000000084800000|100%| O|  |TAMS 0x0000000084700000| PB 0x0000000084700000| Untracked 
|  72|0x0000000084800000, 0x0000000084900000, 0x0000000084900000|100%| O|  |TAMS 0x0000000084800000| PB 0x0000000084800000| Untracked 
|  73|0x0000000084900000, 0x0000000084a00000, 0x0000000084a00000|100%| O|  |TAMS 0x0000000084900000| PB 0x0000000084900000| Untracked 
|  74|0x0000000084a00000, 0x0000000084b00000, 0x0000000084b00000|100%| O|Cm|TAMS 0x0000000084a00000| PB 0x0000000084a00000| Complete 
|  75|0x0000000084b00000, 0x0000000084c00000, 0x0000000084c00000|100%| O|  |TAMS 0x0000000084b00000| PB 0x0000000084b00000| Untracked 
|  76|0x0000000084c00000, 0x0000000084d00000, 0x0000000084d00000|100%| O|  |TAMS 0x0000000084c00000| PB 0x0000000084c00000| Untracked 
|  77|0x0000000084d00000, 0x0000000084e00000, 0x0000000084e00000|100%| O|  |TAMS 0x0000000084d00000| PB 0x0000000084d00000| Untracked 
|  78|0x0000000084e00000, 0x0000000084f00000, 0x0000000084f00000|100%| O|  |TAMS 0x0000000084e00000| PB 0x0000000084e00000| Untracked 
|  79|0x0000000084f00000, 0x0000000085000000, 0x0000000085000000|100%| O|  |TAMS 0x0000000084f00000| PB 0x0000000084f00000| Untracked 
|  80|0x0000000085000000, 0x0000000085100000, 0x0000000085100000|100%| O|  |TAMS 0x0000000085000000| PB 0x0000000085000000| Untracked 
|  81|0x0000000085100000, 0x0000000085200000, 0x0000000085200000|100%| O|  |TAMS 0x0000000085100000| PB 0x0000000085100000| Untracked 
|  82|0x0000000085200000, 0x0000000085300000, 0x0000000085300000|100%| O|  |TAMS 0x0000000085200000| PB 0x0000000085200000| Untracked 
|  83|0x0000000085300000, 0x0000000085400000, 0x0000000085400000|100%| O|  |TAMS 0x0000000085300000| PB 0x0000000085300000| Untracked 
|  84|0x0000000085400000, 0x0000000085500000, 0x0000000085500000|100%|HS|  |TAMS 0x0000000085400000| PB 0x0000000085400000| Complete 
|  85|0x0000000085500000, 0x0000000085600000, 0x0000000085600000|100%|HS|  |TAMS 0x0000000085500000| PB 0x0000000085500000| Complete 
|  86|0x0000000085600000, 0x0000000085700000, 0x0000000085700000|100%| O|Cm|TAMS 0x0000000085600000| PB 0x0000000085600000| Complete 
|  87|0x0000000085700000, 0x0000000085800000, 0x0000000085800000|100%|HS|  |TAMS 0x0000000085700000| PB 0x0000000085700000| Complete 
|  88|0x0000000085800000, 0x0000000085900000, 0x0000000085900000|100%|HS|  |TAMS 0x0000000085800000| PB 0x0000000085800000| Complete 
|  89|0x0000000085900000, 0x0000000085a00000, 0x0000000085a00000|100%|HS|  |TAMS 0x0000000085900000| PB 0x0000000085900000| Complete 
|  90|0x0000000085a00000, 0x0000000085b00000, 0x0000000085b00000|100%| O|  |TAMS 0x0000000085a00000| PB 0x0000000085a00000| Untracked 
|  91|0x0000000085b00000, 0x0000000085c00000, 0x0000000085c00000|100%|HS|  |TAMS 0x0000000085b00000| PB 0x0000000085b00000| Complete 
|  92|0x0000000085c00000, 0x0000000085c00000, 0x0000000085d00000|  0%| F|  |TAMS 0x0000000085c00000| PB 0x0000000085c00000| Untracked 
|  93|0x0000000085d00000, 0x0000000085d00000, 0x0000000085e00000|  0%| F|  |TAMS 0x0000000085d00000| PB 0x0000000085d00000| Untracked 
|  94|0x0000000085e00000, 0x0000000085e00000, 0x0000000085f00000|  0%| F|  |TAMS 0x0000000085e00000| PB 0x0000000085e00000| Untracked 
|  95|0x0000000085f00000, 0x0000000085f00000, 0x0000000086000000|  0%| F|  |TAMS 0x0000000085f00000| PB 0x0000000085f00000| Untracked 
|  96|0x0000000086000000, 0x0000000086100000, 0x0000000086100000|100%|HS|  |TAMS 0x0000000086000000| PB 0x0000000086000000| Complete 
|  97|0x0000000086100000, 0x0000000086100000, 0x0000000086200000|  0%| F|  |TAMS 0x0000000086100000| PB 0x0000000086100000| Untracked 
|  98|0x0000000086200000, 0x0000000086200000, 0x0000000086300000|  0%| F|  |TAMS 0x0000000086200000| PB 0x0000000086200000| Untracked 
|  99|0x0000000086300000, 0x0000000086300000, 0x0000000086400000|  0%| F|  |TAMS 0x0000000086300000| PB 0x0000000086300000| Untracked 
| 100|0x0000000086400000, 0x0000000086500000, 0x0000000086500000|100%| O|  |TAMS 0x0000000086400000| PB 0x0000000086400000| Untracked 
| 101|0x0000000086500000, 0x0000000086600000, 0x0000000086600000|100%| O|  |TAMS 0x0000000086500000| PB 0x0000000086500000| Untracked 
| 102|0x0000000086600000, 0x0000000086700000, 0x0000000086700000|100%| O|  |TAMS 0x0000000086600000| PB 0x0000000086600000| Untracked 
| 103|0x0000000086700000, 0x0000000086800000, 0x0000000086800000|100%| O|  |TAMS 0x0000000086700000| PB 0x0000000086700000| Untracked 
| 104|0x0000000086800000, 0x0000000086883f30, 0x0000000086900000| 51%| O|  |TAMS 0x0000000086800000| PB 0x0000000086800000| Untracked 
| 105|0x0000000086900000, 0x0000000086900000, 0x0000000086a00000|  0%| F|  |TAMS 0x0000000086900000| PB 0x0000000086900000| Untracked 
| 106|0x0000000086a00000, 0x0000000086a00000, 0x0000000086b00000|  0%| F|  |TAMS 0x0000000086a00000| PB 0x0000000086a00000| Untracked 
| 107|0x0000000086b00000, 0x0000000086b00000, 0x0000000086c00000|  0%| F|  |TAMS 0x0000000086b00000| PB 0x0000000086b00000| Untracked 
| 108|0x0000000086c00000, 0x0000000086c00000, 0x0000000086d00000|  0%| F|  |TAMS 0x0000000086c00000| PB 0x0000000086c00000| Untracked 
| 109|0x0000000086d00000, 0x0000000086d00000, 0x0000000086e00000|  0%| F|  |TAMS 0x0000000086d00000| PB 0x0000000086d00000| Untracked 
| 110|0x0000000086e00000, 0x0000000086e00000, 0x0000000086f00000|  0%| F|  |TAMS 0x0000000086e00000| PB 0x0000000086e00000| Untracked 
| 111|0x0000000086f00000, 0x0000000087000000, 0x0000000087000000|100%| S|CS|TAMS 0x0000000086f00000| PB 0x0000000086f00000| Complete 
| 112|0x0000000087000000, 0x0000000087000000, 0x0000000087100000|  0%| F|  |TAMS 0x0000000087000000| PB 0x0000000087000000| Untracked 
| 113|0x0000000087100000, 0x0000000087100000, 0x0000000087200000|  0%| F|  |TAMS 0x0000000087100000| PB 0x0000000087100000| Untracked 
| 114|0x0000000087200000, 0x0000000087300000, 0x0000000087300000|100%| S|CS|TAMS 0x0000000087200000| PB 0x0000000087200000| Complete 
| 115|0x0000000087300000, 0x0000000087400000, 0x0000000087400000|100%| S|CS|TAMS 0x0000000087300000| PB 0x0000000087300000| Complete 
| 116|0x0000000087400000, 0x0000000087500000, 0x0000000087500000|100%| S|CS|TAMS 0x0000000087400000| PB 0x0000000087400000| Complete 
| 117|0x0000000087500000, 0x0000000087600000, 0x0000000087600000|100%| S|CS|TAMS 0x0000000087500000| PB 0x0000000087500000| Complete 
| 118|0x0000000087600000, 0x0000000087700000, 0x0000000087700000|100%| S|CS|TAMS 0x0000000087600000| PB 0x0000000087600000| Complete 
| 119|0x0000000087700000, 0x0000000087700000, 0x0000000087800000|  0%| F|  |TAMS 0x0000000087700000| PB 0x0000000087700000| Untracked 
| 120|0x0000000087800000, 0x0000000087800000, 0x0000000087900000|  0%| F|  |TAMS 0x0000000087800000| PB 0x0000000087800000| Untracked 
| 121|0x0000000087900000, 0x0000000087900000, 0x0000000087a00000|  0%| F|  |TAMS 0x0000000087900000| PB 0x0000000087900000| Untracked 
| 122|0x0000000087a00000, 0x0000000087a00000, 0x0000000087b00000|  0%| F|  |TAMS 0x0000000087a00000| PB 0x0000000087a00000| Untracked 
| 123|0x0000000087b00000, 0x0000000087b00000, 0x0000000087c00000|  0%| F|  |TAMS 0x0000000087b00000| PB 0x0000000087b00000| Untracked 
| 124|0x0000000087c00000, 0x0000000087c00000, 0x0000000087d00000|  0%| F|  |TAMS 0x0000000087c00000| PB 0x0000000087c00000| Untracked 
| 125|0x0000000087d00000, 0x0000000087d00000, 0x0000000087e00000|  0%| F|  |TAMS 0x0000000087d00000| PB 0x0000000087d00000| Untracked 
| 126|0x0000000087e00000, 0x0000000087e00000, 0x0000000087f00000|  0%| F|  |TAMS 0x0000000087e00000| PB 0x0000000087e00000| Untracked 
| 127|0x0000000087f00000, 0x0000000087f00000, 0x0000000088000000|  0%| F|  |TAMS 0x0000000087f00000| PB 0x0000000087f00000| Untracked 
| 128|0x0000000088000000, 0x0000000088080800, 0x0000000088100000| 50%| E|  |TAMS 0x0000000088000000| PB 0x0000000088000000| Complete 
| 129|0x0000000088100000, 0x0000000088200000, 0x0000000088200000|100%| E|CS|TAMS 0x0000000088100000| PB 0x0000000088100000| Complete 
| 130|0x0000000088200000, 0x0000000088300000, 0x0000000088300000|100%| E|CS|TAMS 0x0000000088200000| PB 0x0000000088200000| Complete 
| 131|0x0000000088300000, 0x0000000088400000, 0x0000000088400000|100%| E|CS|TAMS 0x0000000088300000| PB 0x0000000088300000| Complete 
| 132|0x0000000088400000, 0x0000000088500000, 0x0000000088500000|100%| E|CS|TAMS 0x0000000088400000| PB 0x0000000088400000| Complete 
| 133|0x0000000088500000, 0x0000000088600000, 0x0000000088600000|100%| E|CS|TAMS 0x0000000088500000| PB 0x0000000088500000| Complete 
| 134|0x0000000088600000, 0x0000000088700000, 0x0000000088700000|100%| E|CS|TAMS 0x0000000088600000| PB 0x0000000088600000| Complete 
| 135|0x0000000088700000, 0x0000000088800000, 0x0000000088800000|100%| E|CS|TAMS 0x0000000088700000| PB 0x0000000088700000| Complete 
| 136|0x0000000088800000, 0x0000000088900000, 0x0000000088900000|100%| E|CS|TAMS 0x0000000088800000| PB 0x0000000088800000| Complete 
| 137|0x0000000088900000, 0x0000000088a00000, 0x0000000088a00000|100%| E|CS|TAMS 0x0000000088900000| PB 0x0000000088900000| Complete 
| 138|0x0000000088a00000, 0x0000000088b00000, 0x0000000088b00000|100%| E|CS|TAMS 0x0000000088a00000| PB 0x0000000088a00000| Complete 
| 139|0x0000000088b00000, 0x0000000088c00000, 0x0000000088c00000|100%| E|CS|TAMS 0x0000000088b00000| PB 0x0000000088b00000| Complete 
| 140|0x0000000088c00000, 0x0000000088d00000, 0x0000000088d00000|100%| E|CS|TAMS 0x0000000088c00000| PB 0x0000000088c00000| Complete 
| 141|0x0000000088d00000, 0x0000000088e00000, 0x0000000088e00000|100%| E|CS|TAMS 0x0000000088d00000| PB 0x0000000088d00000| Complete 
| 142|0x0000000088e00000, 0x0000000088f00000, 0x0000000088f00000|100%| E|CS|TAMS 0x0000000088e00000| PB 0x0000000088e00000| Complete 
| 143|0x0000000088f00000, 0x0000000089000000, 0x0000000089000000|100%| E|CS|TAMS 0x0000000088f00000| PB 0x0000000088f00000| Complete 
| 144|0x0000000089000000, 0x0000000089100000, 0x0000000089100000|100%| E|CS|TAMS 0x0000000089000000| PB 0x0000000089000000| Complete 
| 145|0x0000000089100000, 0x0000000089200000, 0x0000000089200000|100%| E|CS|TAMS 0x0000000089100000| PB 0x0000000089100000| Complete 
| 146|0x0000000089200000, 0x0000000089300000, 0x0000000089300000|100%| E|CS|TAMS 0x0000000089200000| PB 0x0000000089200000| Complete 
| 147|0x0000000089300000, 0x0000000089400000, 0x0000000089400000|100%| E|CS|TAMS 0x0000000089300000| PB 0x0000000089300000| Complete 
| 148|0x0000000089400000, 0x0000000089500000, 0x0000000089500000|100%| E|CS|TAMS 0x0000000089400000| PB 0x0000000089400000| Complete 
| 149|0x0000000089500000, 0x0000000089600000, 0x0000000089600000|100%| E|CS|TAMS 0x0000000089500000| PB 0x0000000089500000| Complete 
| 150|0x0000000089600000, 0x0000000089700000, 0x0000000089700000|100%| E|CS|TAMS 0x0000000089600000| PB 0x0000000089600000| Complete 
| 151|0x0000000089700000, 0x0000000089800000, 0x0000000089800000|100%| E|CS|TAMS 0x0000000089700000| PB 0x0000000089700000| Complete 
| 152|0x0000000089800000, 0x0000000089900000, 0x0000000089900000|100%| E|CS|TAMS 0x0000000089800000| PB 0x0000000089800000| Complete 
| 153|0x0000000089900000, 0x0000000089a00000, 0x0000000089a00000|100%| E|CS|TAMS 0x0000000089900000| PB 0x0000000089900000| Complete 
| 154|0x0000000089a00000, 0x0000000089b00000, 0x0000000089b00000|100%| E|CS|TAMS 0x0000000089a00000| PB 0x0000000089a00000| Complete 
| 155|0x0000000089b00000, 0x0000000089c00000, 0x0000000089c00000|100%| E|CS|TAMS 0x0000000089b00000| PB 0x0000000089b00000| Complete 
| 156|0x0000000089c00000, 0x0000000089d00000, 0x0000000089d00000|100%| E|CS|TAMS 0x0000000089c00000| PB 0x0000000089c00000| Complete 
| 157|0x0000000089d00000, 0x0000000089e00000, 0x0000000089e00000|100%| E|CS|TAMS 0x0000000089d00000| PB 0x0000000089d00000| Complete 
| 222|0x000000008de00000, 0x000000008df00000, 0x000000008df00000|100%| E|CS|TAMS 0x000000008de00000| PB 0x000000008de00000| Complete 
| 223|0x000000008df00000, 0x000000008e000000, 0x000000008e000000|100%| E|CS|TAMS 0x000000008df00000| PB 0x000000008df00000| Complete 
| 224|0x000000008e000000, 0x000000008e100000, 0x000000008e100000|100%| E|CS|TAMS 0x000000008e000000| PB 0x000000008e000000| Complete 
| 225|0x000000008e100000, 0x000000008e200000, 0x000000008e200000|100%| E|CS|TAMS 0x000000008e100000| PB 0x000000008e100000| Complete 
| 226|0x000000008e200000, 0x000000008e300000, 0x000000008e300000|100%| E|CS|TAMS 0x000000008e200000| PB 0x000000008e200000| Complete 
| 227|0x000000008e300000, 0x000000008e400000, 0x000000008e400000|100%| E|CS|TAMS 0x000000008e300000| PB 0x000000008e300000| Complete 
| 228|0x000000008e400000, 0x000000008e500000, 0x000000008e500000|100%| E|CS|TAMS 0x000000008e400000| PB 0x000000008e400000| Complete 
| 229|0x000000008e500000, 0x000000008e600000, 0x000000008e600000|100%| E|CS|TAMS 0x000000008e500000| PB 0x000000008e500000| Complete 
| 249|0x000000008f900000, 0x000000008fa00000, 0x000000008fa00000|100%| E|CS|TAMS 0x000000008f900000| PB 0x000000008f900000| Complete 
|2045|0x00000000ffd00000, 0x00000000ffe00000, 0x00000000ffe00000|100%| O|  |TAMS 0x00000000ffd00000| PB 0x00000000ffd00000| Untracked 
|2046|0x00000000ffe00000, 0x00000000fff00000, 0x00000000fff00000|100%| O|  |TAMS 0x00000000ffe00000| PB 0x00000000ffe00000| Untracked 
|2047|0x00000000fff00000, 0x0000000100000000, 0x0000000100000000|100%| O|  |TAMS 0x00000000fff00000| PB 0x00000000fff00000| Untracked 

Card table byte_map: [0x000002e1ae7f0000,0x000002e1aebf0000] _byte_map_base: 0x000002e1ae3f0000

Marking Bits: (CMBitMap*) 0x000002e19b868f50
 Bits: [0x000002e1aebf0000, 0x000002e1b0bf0000)

Polling page: 0x000002e199770000

Metaspace:

Usage:
  Non-class:     78.21 MB used.
      Class:     12.06 MB used.
       Both:     90.27 MB used.

Virtual space:
  Non-class space:      128.00 MB reserved,      79.19 MB ( 62%) committed,  2 nodes.
      Class space:        1.00 GB reserved,      13.00 MB (  1%) committed,  1 nodes.
             Both:        1.12 GB reserved,      92.19 MB (  8%) committed. 

Chunk freelists:
   Non-Class:  208.00 KB
       Class:  3.00 MB
        Both:  3.20 MB

MaxMetaspaceSize: unlimited
CompressedClassSpaceSize: 1.00 GB
Initial GC threshold: 21.00 MB
Current GC threshold: 143.75 MB
CDS: off
 - commit_granule_bytes: 65536.
 - commit_granule_words: 8192.
 - virtual_space_node_default_size: 8388608.
 - enlarge_chunks_in_place: 1.
 - use_allocation_guard: 0.


Internal statistics:

num_allocs_failed_limit: 6.
num_arena_births: 3732.
num_arena_deaths: 0.
num_vsnodes_births: 3.
num_vsnodes_deaths: 0.
num_space_committed: 1475.
num_space_uncommitted: 0.
num_chunks_returned_to_freelist: 6.
num_chunks_taken_from_freelist: 7463.
num_chunk_merges: 6.
num_chunk_splits: 4867.
num_chunks_enlarged: 3039.
num_inconsistent_stats: 0.

CodeHeap 'non-profiled nmethods': size=119168Kb used=4965Kb max_used=4965Kb free=114203Kb
 bounds [0x000002e1a64f0000, 0x000002e1a69d0000, 0x000002e1ad950000]
CodeHeap 'profiled nmethods': size=119104Kb used=17275Kb max_used=17275Kb free=101828Kb
 bounds [0x000002e19e950000, 0x000002e19fa40000, 0x000002e1a5da0000]
CodeHeap 'non-nmethods': size=7488Kb used=4534Kb max_used=4578Kb free=2953Kb
 bounds [0x000002e1a5da0000, 0x000002e1a6220000, 0x000002e1a64f0000]
 total_blobs=10174 nmethods=9210 adapters=865
 compilation: enabled
              stopped_count=0, restarted_count=0
 full_count=0

Compilation events (20 events):
Event: 11.116 Thread 0x000002e1b40726e0 10633       3       org.gradle.api.internal.DefaultDomainObjectCollection$$Lambda/0x00000001005cfd80::<init> (15 bytes)
Event: 11.116 Thread 0x000002e1b40748f0 10634       3       org.gradle.api.internal.lambdas.SerializableLambdas::action (2 bytes)
Event: 11.116 Thread 0x000002e1b40726e0 nmethod 10633 0x000002e19fa18110 code [0x000002e19fa182c0, 0x000002e19fa184e0]
Event: 11.116 Thread 0x000002e1b40748f0 nmethod 10634 0x000002e19f677c10 code [0x000002e19f677da0, 0x000002e19f677e90]
Event: 11.116 Thread 0x000002e1b4072db0 nmethod 10632 0x000002e19fa18590 code [0x000002e19fa187e0, 0x000002e19fa19218]
Event: 11.117 Thread 0x000002e1b4072db0 10635       3       org.gradle.api.internal.artifacts.ivyservice.moduleconverter.DefaultRootComponentMetadataBuilder$MetadataHolder::currentValue (23 bytes)
Event: 11.117 Thread 0x000002e1b40726e0 10636       3       org.gradle.api.internal.DefaultDomainObjectCollection::<init> (16 bytes)
Event: 11.117 Thread 0x000002e1b94b8a40 10637       3       org.gradle.api.internal.collections.DefaultCollectionEventRegister::<init> (29 bytes)
Event: 11.117 Thread 0x000002e1b4072db0 nmethod 10635 0x000002e19fa19590 code [0x000002e19fa19740, 0x000002e19fa19a60]
Event: 11.117 Thread 0x000002e1b94b8a40 nmethod 10637 0x000002e19fa19b90 code [0x000002e19fa19d60, 0x000002e19fa1a1c8]
Event: 11.117 Thread 0x000002e1b40726e0 nmethod 10636 0x000002e19fa1a310 code [0x000002e19fa1a500, 0x000002e19fa1aa68]
Event: 11.117 Thread 0x000002e1b94b8a40 10638       3       org.gradle.api.internal.DefaultMutationGuard::<init> (17 bytes)
Event: 11.118 Thread 0x000002e1b40726e0 10639       3       org.gradle.api.internal.AbstractMutationGuard::<init> (5 bytes)
Event: 11.118 Thread 0x000002e1b40726e0 nmethod 10639 0x000002e19fa1ac90 code [0x000002e19fa1ae20, 0x000002e19fa1af88]
Event: 11.118 Thread 0x000002e1b40726e0 10640       3       org.gradle.api.internal.DefaultMutationGuard$GuardState::<init> (5 bytes)
Event: 11.118 Thread 0x000002e1b94b8a40 nmethod 10638 0x000002e19fa1b090 code [0x000002e19fa1b280, 0x000002e19fa1b738]
Event: 11.118 Thread 0x000002e1b4072db0 10641       3       org.gradle.api.internal.artifacts.ivyservice.moduleconverter.DefaultRootComponentMetadataBuilder$MetadataHolder::validateMutation (23 bytes)
Event: 11.118 Thread 0x000002e1b40726e0 nmethod 10640 0x000002e19fa1b990 code [0x000002e19fa1bb60, 0x000002e19fa1be40]
Event: 11.118 Thread 0x000002e1b94bb320 10642       4       java.util.HashMap::keySet (25 bytes)
Event: 11.118 Thread 0x000002e1b4072db0 nmethod 10641 0x000002e19fa1c010 code [0x000002e19fa1c240, 0x000002e19fa1ca58]

GC Heap History (20 events):
Event: 7.359 GC heap before
{Heap before GC invocations=17 (full 0):
 garbage-first heap   total 132096K, used 126756K [0x0000000080000000, 0x0000000100000000)
  region size 1024K, 56 young (57344K), 3 survivors (3072K)
 Metaspace       used 60428K, committed 62144K, reserved 1114112K
  class space    used 8100K, committed 8960K, reserved 1048576K
}
Event: 7.363 GC heap after
{Heap after GC invocations=18 (full 0):
 garbage-first heap   total 136192K, used 76000K [0x0000000080000000, 0x0000000100000000)
  region size 1024K, 7 young (7168K), 7 survivors (7168K)
 Metaspace       used 60428K, committed 62144K, reserved 1114112K
  class space    used 8100K, committed 8960K, reserved 1048576K
}
Event: 7.753 GC heap before
{Heap before GC invocations=18 (full 0):
 garbage-first heap   total 136192K, used 120032K [0x0000000080000000, 0x0000000100000000)
  region size 1024K, 50 young (51200K), 7 survivors (7168K)
 Metaspace       used 66732K, committed 68416K, reserved 1114112K
  class space    used 9009K, committed 9856K, reserved 1048576K
}
Event: 7.757 GC heap after
{Heap after GC invocations=19 (full 0):
 garbage-first heap   total 136192K, used 77164K [0x0000000080000000, 0x0000000100000000)
  region size 1024K, 3 young (3072K), 3 survivors (3072K)
 Metaspace       used 66732K, committed 68416K, reserved 1114112K
  class space    used 9009K, committed 9856K, reserved 1048576K
}
Event: 8.145 GC heap before
{Heap before GC invocations=19 (full 0):
 garbage-first heap   total 136192K, used 123244K [0x0000000080000000, 0x0000000100000000)
  region size 1024K, 48 young (49152K), 3 survivors (3072K)
 Metaspace       used 71545K, committed 73408K, reserved 1114112K
  class space    used 9783K, committed 10688K, reserved 1048576K
}
Event: 8.149 GC heap after
{Heap after GC invocations=20 (full 0):
 garbage-first heap   total 136192K, used 79994K [0x0000000080000000, 0x0000000100000000)
  region size 1024K, 5 young (5120K), 5 survivors (5120K)
 Metaspace       used 71545K, committed 73408K, reserved 1114112K
  class space    used 9783K, committed 10688K, reserved 1048576K
}
Event: 9.494 GC heap before
{Heap before GC invocations=21 (full 0):
 garbage-first heap   total 136192K, used 120954K [0x0000000080000000, 0x0000000100000000)
  region size 1024K, 46 young (47104K), 5 survivors (5120K)
 Metaspace       used 79143K, committed 81024K, reserved 1179648K
  class space    used 10723K, committed 11648K, reserved 1048576K
}
Event: 9.499 GC heap after
{Heap after GC invocations=22 (full 0):
 garbage-first heap   total 136192K, used 85105K [0x0000000080000000, 0x0000000100000000)
  region size 1024K, 6 young (6144K), 6 survivors (6144K)
 Metaspace       used 79143K, committed 81024K, reserved 1179648K
  class space    used 10723K, committed 11648K, reserved 1048576K
}
Event: 9.619 GC heap before
{Heap before GC invocations=22 (full 0):
 garbage-first heap   total 136192K, used 119921K [0x0000000080000000, 0x0000000100000000)
  region size 1024K, 41 young (41984K), 6 survivors (6144K)
 Metaspace       used 79558K, committed 81408K, reserved 1179648K
  class space    used 10738K, committed 11648K, reserved 1048576K
}
Event: 9.623 GC heap after
{Heap after GC invocations=23 (full 0):
 garbage-first heap   total 136192K, used 88341K [0x0000000080000000, 0x0000000100000000)
  region size 1024K, 4 young (4096K), 4 survivors (4096K)
 Metaspace       used 79558K, committed 81408K, reserved 1179648K
  class space    used 10738K, committed 11648K, reserved 1048576K
}
Event: 9.693 GC heap before
{Heap before GC invocations=23 (full 0):
 garbage-first heap   total 136192K, used 122133K [0x0000000080000000, 0x0000000100000000)
  region size 1024K, 38 young (38912K), 4 survivors (4096K)
 Metaspace       used 79788K, committed 81600K, reserved 1179648K
  class space    used 10739K, committed 11648K, reserved 1048576K
}
Event: 9.696 GC heap after
{Heap after GC invocations=24 (full 0):
 garbage-first heap   total 164864K, used 89065K [0x0000000080000000, 0x0000000100000000)
  region size 1024K, 3 young (3072K), 3 survivors (3072K)
 Metaspace       used 79788K, committed 81600K, reserved 1179648K
  class space    used 10739K, committed 11648K, reserved 1048576K
}
Event: 9.810 GC heap before
{Heap before GC invocations=25 (full 0):
 garbage-first heap   total 164864K, used 145385K [0x0000000080000000, 0x0000000100000000)
  region size 1024K, 59 young (60416K), 3 survivors (3072K)
 Metaspace       used 79810K, committed 81664K, reserved 1179648K
  class space    used 10739K, committed 11648K, reserved 1048576K
}
Event: 9.812 GC heap after
{Heap after GC invocations=26 (full 0):
 garbage-first heap   total 164864K, used 90355K [0x0000000080000000, 0x0000000100000000)
  region size 1024K, 5 young (5120K), 5 survivors (5120K)
 Metaspace       used 79810K, committed 81664K, reserved 1179648K
  class space    used 10739K, committed 11648K, reserved 1048576K
}
Event: 10.118 GC heap before
{Heap before GC invocations=26 (full 0):
 garbage-first heap   total 164864K, used 153843K [0x0000000080000000, 0x0000000100000000)
  region size 1024K, 61 young (62464K), 5 survivors (5120K)
 Metaspace       used 81545K, committed 83456K, reserved 1179648K
  class space    used 10951K, committed 11904K, reserved 1048576K
}
Event: 10.121 GC heap after
{Heap after GC invocations=27 (full 0):
 garbage-first heap   total 167936K, used 101504K [0x0000000080000000, 0x0000000100000000)
  region size 1024K, 8 young (8192K), 8 survivors (8192K)
 Metaspace       used 81545K, committed 83456K, reserved 1179648K
  class space    used 10951K, committed 11904K, reserved 1048576K
}
Event: 10.532 GC heap before
{Heap before GC invocations=27 (full 0):
 garbage-first heap   total 167936K, used 148608K [0x0000000080000000, 0x0000000100000000)
  region size 1024K, 55 young (56320K), 8 survivors (8192K)
 Metaspace       used 86119K, committed 88064K, reserved 1179648K
  class space    used 11460K, committed 12416K, reserved 1048576K
}
Event: 10.537 GC heap after
{Heap after GC invocations=28 (full 0):
 garbage-first heap   total 167936K, used 103379K [0x0000000080000000, 0x0000000100000000)
  region size 1024K, 2 young (2048K), 2 survivors (2048K)
 Metaspace       used 86119K, committed 88064K, reserved 1179648K
  class space    used 11460K, committed 12416K, reserved 1048576K
}
Event: 10.850 GC heap before
{Heap before GC invocations=29 (full 0):
 garbage-first heap   total 174080K, used 157651K [0x0000000080000000, 0x0000000100000000)
  region size 1024K, 50 young (51200K), 2 survivors (2048K)
 Metaspace       used 89548K, committed 91520K, reserved 1179648K
  class space    used 12002K, committed 12992K, reserved 1048576K
}
Event: 10.853 GC heap after
{Heap after GC invocations=30 (full 0):
 garbage-first heap   total 174080K, used 109071K [0x0000000080000000, 0x0000000100000000)
  region size 1024K, 6 young (6144K), 6 survivors (6144K)
 Metaspace       used 89548K, committed 91520K, reserved 1179648K
  class space    used 12002K, committed 12992K, reserved 1048576K
}

Dll operation events (3 events):
Event: 0.007 Loaded shared library C:\Program Files\Android\Android Studio1\jbr\bin\java.dll
Event: 0.019 Loaded shared library C:\Program Files\Android\Android Studio1\jbr\bin\zip.dll
Event: 0.322 Loaded shared library C:\Program Files\Android\Android Studio1\jbr\bin\verify.dll

Deoptimization events (20 events):
Event: 10.871 Thread 0x000002e1ba6e0c80 DEOPT PACKING pc=0x000002e1a6931aa8 sp=0x000000fee21f5cd0
Event: 10.871 Thread 0x000002e1ba6e0c80 DEOPT UNPACKING pc=0x000002e1a5df46a2 sp=0x000000fee21f5c98 mode 2
Event: 10.995 Thread 0x000002e1ba6e0c80 DEOPT PACKING pc=0x000002e19f557edd sp=0x000000fee21f5d00
Event: 10.995 Thread 0x000002e1ba6e0c80 DEOPT UNPACKING pc=0x000002e1a5df4e42 sp=0x000000fee21f52b0 mode 0
Event: 11.091 Thread 0x000002e1ba6e0c80 Uncommon trap: trap_request=0xffffff45 fr.pc=0x000002e1a6578544 relative=0x0000000000000364
Event: 11.091 Thread 0x000002e1ba6e0c80 Uncommon trap: reason=unstable_if action=reinterpret pc=0x000002e1a6578544 method=org.gradle.internal.reflect.PropertyAccessorType.of(Ljava/lang/reflect/Method;)Lorg/gradle/internal/reflect/PropertyAccessorType; @ 56 c2
Event: 11.091 Thread 0x000002e1ba6e0c80 DEOPT PACKING pc=0x000002e1a6578544 sp=0x000000fee21f6360
Event: 11.091 Thread 0x000002e1ba6e0c80 DEOPT UNPACKING pc=0x000002e1a5df46a2 sp=0x000000fee21f6320 mode 2
Event: 11.111 Thread 0x000002e1ba6e0c80 Uncommon trap: trap_request=0xffffff45 fr.pc=0x000002e1a685ff6c relative=0x000000000000014c
Event: 11.111 Thread 0x000002e1ba6e0c80 Uncommon trap: reason=unstable_if action=reinterpret pc=0x000002e1a685ff6c method=org.objectweb.asm.ByteVector.putByteArray([BII)Lorg/objectweb/asm/ByteVector; @ 20 c2
Event: 11.111 Thread 0x000002e1ba6e0c80 DEOPT PACKING pc=0x000002e1a685ff6c sp=0x000000fee21f4e50
Event: 11.111 Thread 0x000002e1ba6e0c80 DEOPT UNPACKING pc=0x000002e1a5df46a2 sp=0x000000fee21f4e20 mode 2
Event: 11.111 Thread 0x000002e1ba6e0c80 Uncommon trap: trap_request=0xffffff45 fr.pc=0x000002e1a6814704 relative=0x0000000000000b04
Event: 11.111 Thread 0x000002e1ba6e0c80 Uncommon trap: reason=unstable_if action=reinterpret pc=0x000002e1a6814704 method=org.objectweb.asm.Label.resolve([BLorg/objectweb/asm/ByteVector;I)Z @ 81 c2
Event: 11.111 Thread 0x000002e1ba6e0c80 DEOPT PACKING pc=0x000002e1a6814704 sp=0x000000fee21f4e70
Event: 11.111 Thread 0x000002e1ba6e0c80 DEOPT UNPACKING pc=0x000002e1a5df46a2 sp=0x000000fee21f4d98 mode 2
Event: 11.111 Thread 0x000002e1ba6e0c80 Uncommon trap: trap_request=0xffffff45 fr.pc=0x000002e1a67835e4 relative=0x0000000000000244
Event: 11.111 Thread 0x000002e1ba6e0c80 Uncommon trap: reason=unstable_if action=reinterpret pc=0x000002e1a67835e4 method=org.objectweb.asm.Label.resolve([BLorg/objectweb/asm/ByteVector;I)Z @ 81 c2
Event: 11.111 Thread 0x000002e1ba6e0c80 DEOPT PACKING pc=0x000002e1a67835e4 sp=0x000000fee21f4e00
Event: 11.111 Thread 0x000002e1ba6e0c80 DEOPT UNPACKING pc=0x000002e1a5df46a2 sp=0x000000fee21f4d90 mode 2

Classes loaded (20 events):
Event: 10.722 Loading class sun/security/util/JarConstraintsParameters
Event: 10.722 Loading class sun/security/util/JarConstraintsParameters done
Event: 10.723 Loading class java/util/Base64
Event: 10.723 Loading class java/util/Base64 done
Event: 10.723 Loading class java/util/Base64$Decoder
Event: 10.723 Loading class java/util/Base64$Decoder done
Event: 10.723 Loading class java/util/Base64$Encoder
Event: 10.723 Loading class java/util/Base64$Encoder done
Event: 10.723 Loading class java/util/jar/JarVerifier$VerifierStream
Event: 10.724 Loading class java/util/jar/JarVerifier$VerifierStream done
Event: 10.724 Loading class sun/security/util/ManifestEntryVerifier$SunProviderHolder
Event: 10.724 Loading class sun/security/util/ManifestEntryVerifier$SunProviderHolder done
Event: 10.834 Loading class java/lang/foreign/ValueLayout
Event: 10.834 Loading class java/lang/foreign/MemoryLayout
Event: 10.834 Loading class java/lang/foreign/MemoryLayout done
Event: 10.834 Loading class java/lang/foreign/ValueLayout done
Event: 11.077 Loading class javax/xml/stream/XMLStreamException
Event: 11.077 Loading class javax/xml/stream/XMLStreamException done
Event: 11.089 Loading class sun/reflect/annotation/AnnotationInvocationHandler$1
Event: 11.089 Loading class sun/reflect/annotation/AnnotationInvocationHandler$1 done

Classes unloaded (0 events):
No events

Classes redefined (0 events):
No events

Internal exceptions (20 events):
Event: 8.107 Thread 0x000002e1ba6e0c80 Exception <a 'java/lang/NoSuchMethodError'{0x0000000085b58070}: static Lorg/gradle/api/internal/catalog/PluginModel;.<clinit>()V> (0x0000000085b58070) 
thrown [s\src\hotspot\share\prims\jni.cpp, line 1135]
Event: 8.108 Thread 0x000002e1ba6e0c80 Exception <a 'java/lang/NoSuchMethodError'{0x0000000085b6fb68}: static Lorg/gradle/api/internal/catalog/VersionModel;.<clinit>()V> (0x0000000085b6fb68) 
thrown [s\src\hotspot\share\prims\jni.cpp, line 1135]
Event: 8.153 Thread 0x000002e1ba6e0c80 Exception <a 'java/lang/NoSuchMethodError'{0x000000008f92f1b0}: 'int java.lang.invoke.DirectMethodHandle$Holder.invokeSpecialIFC(java.lang.Object, java.lang.Object, java.lang.Object)'> (0x000000008f92f1b0) 
thrown [s\src\hotspot\share\interpreter\linkResolver.cpp, line 784]
Event: 8.194 Thread 0x000002e1ba6e0c80 Exception <a 'java/lang/NoSuchMethodError'{0x000000008e3e3340}: 'java.lang.Object java.lang.invoke.DirectMethodHandle$Holder.invokeSpecial(java.lang.Object, java.lang.Object, java.lang.Object, java.lang.Object, java.lang.Object, long)'> (0x000000008e3e3340) 
thrown [s\src\hotspot\share\interpreter\linkResolver.cpp, line 784]
Event: 8.195 Thread 0x000002e1ba6e0c80 Exception <a 'java/lang/NoSuchMethodError'{0x000000008e2038a8}: 'void java.lang.invoke.DirectMethodHandle$Holder.invokeStatic(java.lang.Object, java.lang.Object, java.lang.Object, int, java.lang.Object)'> (0x000000008e2038a8) 
thrown [s\src\hotspot\share\interpreter\linkResolver.cpp, line 784]
Event: 8.228 Thread 0x000002e1ba6e0c80 Exception <a 'sun/nio/fs/WindowsException'{0x000000008e0e5940}> (0x000000008e0e5940) 
thrown [s\src\hotspot\share\prims\jni.cpp, line 535]
Event: 8.262 Thread 0x000002e1ba6e0c80 Exception <a 'java/lang/NoSuchMethodError'{0x0000000087bccdc8}: 'void java.lang.invoke.DirectMethodHandle$Holder.invokeVirtual(java.lang.Object, java.lang.Object)'> (0x0000000087bccdc8) 
thrown [s\src\hotspot\share\interpreter\linkResolver.cpp, line 784]
Event: 9.500 Thread 0x000002e1b3fdc510 Implicit null exception at 0x000002e1a6782107 to 0x000002e1a67821cc
Event: 9.784 Thread 0x000002e1bdd47890 Implicit null exception at 0x000002e1a658a869 to 0x000002e1a658a90c
Event: 9.815 Thread 0x000002e1be0761e0 Implicit null exception at 0x000002e1a677c683 to 0x000002e1a677cf20
Event: 9.817 Thread 0x000002e1be078940 Implicit null exception at 0x000002e1a677c683 to 0x000002e1a677cf20
Event: 9.819 Thread 0x000002e1bdd457c0 Implicit null exception at 0x000002e1a677c683 to 0x000002e1a677cf20
Event: 9.820 Thread 0x000002e1be077590 Implicit null exception at 0x000002e1a677c683 to 0x000002e1a677cf20
Event: 9.903 Thread 0x000002e1ba6e0c80 Implicit null exception at 0x000002e1a68d42dd to 0x000002e1a68d47c8
Event: 9.903 Thread 0x000002e1ba6e0c80 Implicit null exception at 0x000002e1a68d5ebf to 0x000002e1a68d6388
Event: 10.595 Thread 0x000002e1ba6e0c80 Exception <a 'java/lang/NoSuchMethodError'{0x000000008e0151f8}: 'java.lang.Object java.lang.invoke.DirectMethodHandle$Holder.newInvokeSpecial(java.lang.Object, java.lang.Object, java.lang.Object, java.lang.Object, java.lang.Object, java.lang.Object, java.lang.Object, java.lang.Object, java.lang.Object, java.lang.Object, java.lang.Object, java.lang.Object, java.lang.Object, java.lang.Object, java.lang.Object, java.lang.Object)'> (0x000000008e0151f8) 
thrown [s\src\hotspot\share\interpreter\linkResolver.cpp,
Event: 10.596 Thread 0x000002e1ba6e0c80 Exception <a 'java/lang/NoSuchMethodError'{0x000000008e01c120}: 'java.lang.Object java.lang.invoke.DirectMethodHandle$Holder.invokeSpecial(java.lang.Object, java.lang.Object, java.lang.Object, java.lang.Object, java.lang.Object, java.lang.Object, java.lang.Object, java.lang.Object, java.lang.Object, java.lang.Object, java.lang.Object, java.lang.Object, java.lang.Object, java.lang.Object, java.lang.Object, java.lang.Object, java.lang.Object)'> (0x000000008e01c120) 
thrown [s\src\hotspot\share\interpreter\li
Event: 10.596 Thread 0x000002e1ba6e0c80 Exception <a 'java/lang/NoSuchMethodError'{0x000000008e021fb0}: 'java.lang.Object java.lang.invoke.DelegatingMethodHandle$Holder.reinvoke_L(java.lang.Object, java.lang.Object, java.lang.Object, java.lang.Object, java.lang.Object, java.lang.Object, java.lang.Object, java.lang.Object, java.lang.Object, java.lang.Object, java.lang.Object, java.lang.Object, java.lang.Object, java.lang.Object, java.lang.Object, java.lang.Object)'> (0x000000008e021fb0) 
thrown [s\src\hotspot\share\interpreter\linkResolver.cpp, l
Event: 10.712 Thread 0x000002e1ba6e0c80 Implicit null exception at 0x000002e1a6797a5d to 0x000002e1a6797ca0
Event: 11.111 Thread 0x000002e1ba6e0c80 Implicit null exception at 0x000002e1a685fe75 to 0x000002e1a685ff50

ZGC Phase Switch (0 events):
No events

VM Operations (20 events):
Event: 9.728 Executing VM operation: G1PauseCleanup
Event: 9.728 Executing VM operation: G1PauseCleanup done
Event: 9.810 Executing VM operation: G1CollectForAllocation (G1 Evacuation Pause)
Event: 9.812 Executing VM operation: G1CollectForAllocation (G1 Evacuation Pause) done
Event: 9.900 Executing VM operation: ICBufferFull
Event: 9.900 Executing VM operation: ICBufferFull done
Event: 9.934 Executing VM operation: HandshakeAllThreads (Deoptimize)
Event: 9.934 Executing VM operation: HandshakeAllThreads (Deoptimize) done
Event: 10.117 Executing VM operation: G1CollectForAllocation (G1 Evacuation Pause)
Event: 10.121 Executing VM operation: G1CollectForAllocation (G1 Evacuation Pause) done
Event: 10.532 Executing VM operation: G1CollectForAllocation (G1 Evacuation Pause)
Event: 10.537 Executing VM operation: G1CollectForAllocation (G1 Evacuation Pause) done
Event: 10.552 Executing VM operation: G1PauseRemark
Event: 10.555 Executing VM operation: G1PauseRemark done
Event: 10.566 Executing VM operation: G1PauseCleanup
Event: 10.567 Executing VM operation: G1PauseCleanup done
Event: 10.600 Executing VM operation: HandshakeAllThreads (Deoptimize)
Event: 10.600 Executing VM operation: HandshakeAllThreads (Deoptimize) done
Event: 10.850 Executing VM operation: G1CollectForAllocation (G1 Evacuation Pause)
Event: 10.853 Executing VM operation: G1CollectForAllocation (G1 Evacuation Pause) done

Memory protections (0 events):
No events

Nmethod flushes (20 events):
Event: 10.554 Thread 0x000002e1b311e780 flushing  nmethod 0x000002e19f260b90
Event: 10.554 Thread 0x000002e1b311e780 flushing  nmethod 0x000002e19f2d3e10
Event: 10.554 Thread 0x000002e1b311e780 flushing  nmethod 0x000002e19f39f410
Event: 10.554 Thread 0x000002e1b311e780 flushing  nmethod 0x000002e19f3d7c90
Event: 10.554 Thread 0x000002e1b311e780 flushing  nmethod 0x000002e19f4a4290
Event: 10.554 Thread 0x000002e1b311e780 flushing  nmethod 0x000002e19f4a4790
Event: 10.554 Thread 0x000002e1b311e780 flushing  nmethod 0x000002e19f4a5a90
Event: 10.554 Thread 0x000002e1b311e780 flushing  nmethod 0x000002e19f56b710
Event: 10.554 Thread 0x000002e1b311e780 flushing  nmethod 0x000002e19f56e510
Event: 10.554 Thread 0x000002e1b311e780 flushing  nmethod 0x000002e19f574510
Event: 10.554 Thread 0x000002e1b311e780 flushing  nmethod 0x000002e19f574e10
Event: 10.554 Thread 0x000002e1b311e780 flushing  nmethod 0x000002e19f575f10
Event: 10.554 Thread 0x000002e1b311e780 flushing  nmethod 0x000002e19f60f790
Event: 10.554 Thread 0x000002e1b311e780 flushing  nmethod 0x000002e19f772390
Event: 10.554 Thread 0x000002e1b311e780 flushing  nmethod 0x000002e19f772790
Event: 10.554 Thread 0x000002e1b311e780 flushing  nmethod 0x000002e19f774a90
Event: 10.554 Thread 0x000002e1b311e780 flushing  nmethod 0x000002e19f52f890
Event: 10.554 Thread 0x000002e1b311e780 flushing  nmethod 0x000002e19f5aa990
Event: 10.554 Thread 0x000002e1b311e780 flushing  nmethod 0x000002e19f5aaf90
Event: 10.554 Thread 0x000002e1b311e780 flushing  nmethod 0x000002e19f5b5010

Events (20 events):
Event: 9.640 Thread 0x000002e1ba6e0c80 Thread added: 0x000002e1be076f00
Event: 9.641 Thread 0x000002e1ba6e0c80 Thread added: 0x000002e1be0782b0
Event: 9.641 Thread 0x000002e1ba6e0c80 Thread added: 0x000002e1be077c20
Event: 9.642 Thread 0x000002e1ba6e0c80 Thread added: 0x000002e1be077590
Event: 9.642 Thread 0x000002e1ba6e0c80 Thread added: 0x000002e1be0754c0
Event: 9.642 Thread 0x000002e1ba6e0c80 Thread added: 0x000002e1be078940
Event: 9.642 Thread 0x000002e1ba6e0c80 Thread added: 0x000002e1be0761e0
Event: 9.643 Thread 0x000002e1ba6e0c80 Thread added: 0x000002e1bdd457c0
Event: 9.643 Thread 0x000002e1ba6e0c80 Thread added: 0x000002e1bdd46b70
Event: 9.643 Thread 0x000002e1ba6e0c80 Thread added: 0x000002e1bdd45e50
Event: 9.643 Thread 0x000002e1ba6e0c80 Thread added: 0x000002e1bdd464e0
Event: 9.644 Thread 0x000002e1ba6e0c80 Thread added: 0x000002e1bdd485b0
Event: 9.644 Thread 0x000002e1ba6e0c80 Thread added: 0x000002e1bdd47200
Event: 9.644 Thread 0x000002e1ba6e0c80 Thread added: 0x000002e1bdd47890
Event: 9.644 Thread 0x000002e1ba6e0c80 Thread added: 0x000002e1bdd47f20
Event: 9.645 Thread 0x000002e1ba6e0c80 Thread added: 0x000002e1bdd45130
Event: 9.680 Thread 0x000002e1b4051900 Thread added: 0x000002e1b94bb9f0
Event: 9.693 Thread 0x000002e1b4072db0 Thread added: 0x000002e1b94b8370
Event: 10.441 Thread 0x000002e1b94b8370 Thread exited: 0x000002e1b94b8370
Event: 10.633 Thread 0x000002e1ba6e0c80 Thread added: 0x000002e1b991c740


Dynamic libraries:
0x00007ff6fcdb0000 - 0x00007ff6fcdba000 	C:\Program Files\Android\Android Studio1\jbr\bin\java.exe
0x00007ffebe900000 - 0x00007ffebeb60000 	C:\WINDOWS\SYSTEM32\ntdll.dll
0x00007ffebd010000 - 0x00007ffebd0d7000 	C:\WINDOWS\System32\KERNEL32.DLL
0x00007ffebc2a0000 - 0x00007ffebc66a000 	C:\WINDOWS\System32\KERNELBASE.dll
0x00007ffebc150000 - 0x00007ffebc29b000 	C:\WINDOWS\System32\ucrtbase.dll
0x00007ffe8f530000 - 0x00007ffe8f548000 	C:\Program Files\Android\Android Studio1\jbr\bin\jli.dll
0x00007ffeb2af0000 - 0x00007ffeb2b0b000 	C:\Program Files\Android\Android Studio1\jbr\bin\VCRUNTIME140.dll
0x00007ffebd800000 - 0x00007ffebd9cc000 	C:\WINDOWS\System32\USER32.dll
0x00007ffebbba0000 - 0x00007ffebbbc7000 	C:\WINDOWS\System32\win32u.dll
0x00007ffea5d30000 - 0x00007ffea5fc7000 	C:\WINDOWS\WinSxS\amd64_microsoft.windows.common-controls_6595b64144ccf1df_6.0.26100.3624_none_3e086962e3345f24\COMCTL32.dll
0x00007ffebe640000 - 0x00007ffebe66a000 	C:\WINDOWS\System32\GDI32.dll
0x00007ffebe670000 - 0x00007ffebe719000 	C:\WINDOWS\System32\msvcrt.dll
0x00007ffebbd50000 - 0x00007ffebbe81000 	C:\WINDOWS\System32\gdi32full.dll
0x00007ffebbe90000 - 0x00007ffebbf33000 	C:\WINDOWS\System32\msvcp_win.dll
0x00007ffebdc80000 - 0x00007ffebdcaf000 	C:\WINDOWS\System32\IMM32.DLL
0x00007ffeb66d0000 - 0x00007ffeb66dc000 	C:\Program Files\Android\Android Studio1\jbr\bin\vcruntime140_1.dll
0x00007ffe57600000 - 0x00007ffe5768d000 	C:\Program Files\Android\Android Studio1\jbr\bin\msvcp140.dll
0x00007ffe07510000 - 0x00007ffe08193000 	C:\Program Files\Android\Android Studio1\jbr\bin\server\jvm.dll
0x00007ffebdcc0000 - 0x00007ffebdd72000 	C:\WINDOWS\System32\ADVAPI32.dll
0x00007ffebe720000 - 0x00007ffebe7c6000 	C:\WINDOWS\System32\sechost.dll
0x00007ffebe520000 - 0x00007ffebe636000 	C:\WINDOWS\System32\RPCRT4.dll
0x00007ffebc700000 - 0x00007ffebc774000 	C:\WINDOWS\System32\WS2_32.dll
0x00007ffebb240000 - 0x00007ffebb29e000 	C:\WINDOWS\SYSTEM32\POWRPROF.dll
0x00007ffeb24b0000 - 0x00007ffeb24bb000 	C:\WINDOWS\SYSTEM32\VERSION.dll
0x00007ffeafbe0000 - 0x00007ffeafc16000 	C:\WINDOWS\SYSTEM32\WINMM.dll
0x00007ffebb220000 - 0x00007ffebb234000 	C:\WINDOWS\SYSTEM32\UMPDC.dll
0x00007ffeba8f0000 - 0x00007ffeba90a000 	C:\WINDOWS\SYSTEM32\kernel.appcore.dll
0x00007ffeb2a80000 - 0x00007ffeb2a8a000 	C:\Program Files\Android\Android Studio1\jbr\bin\jimage.dll
0x00007ffeb8c80000 - 0x00007ffeb8ec1000 	C:\WINDOWS\SYSTEM32\DBGHELP.DLL
0x00007ffebcb80000 - 0x00007ffebcf02000 	C:\WINDOWS\System32\combase.dll
0x00007ffebcf30000 - 0x00007ffebd006000 	C:\WINDOWS\System32\OLEAUT32.dll
0x00007ffe97190000 - 0x00007ffe971c9000 	C:\WINDOWS\SYSTEM32\dbgcore.DLL
0x00007ffebbf40000 - 0x00007ffebbfd9000 	C:\WINDOWS\System32\bcryptPrimitives.dll
0x00007ffeb2a70000 - 0x00007ffeb2a7e000 	C:\Program Files\Android\Android Studio1\jbr\bin\instrument.dll
0x00007ffe8f550000 - 0x00007ffe8f570000 	C:\Program Files\Android\Android Studio1\jbr\bin\java.dll
0x00007ffe8ecb0000 - 0x00007ffe8ecc8000 	C:\Program Files\Android\Android Studio1\jbr\bin\zip.dll
0x00007ffebdd80000 - 0x00007ffebe4a9000 	C:\WINDOWS\System32\SHELL32.dll
0x00007ffebbfe0000 - 0x00007ffebc148000 	C:\WINDOWS\System32\wintypes.dll
0x00007ffeb9750000 - 0x00007ffeb9fa2000 	C:\WINDOWS\SYSTEM32\windows.storage.dll
0x00007ffebe7d0000 - 0x00007ffebe8bd000 	C:\WINDOWS\System32\SHCORE.dll
0x00007ffebe4b0000 - 0x00007ffebe514000 	C:\WINDOWS\System32\shlwapi.dll
0x00007ffebb9f0000 - 0x00007ffebba1f000 	C:\WINDOWS\SYSTEM32\profapi.dll
0x00007ffe8def0000 - 0x00007ffe8df00000 	C:\Program Files\Android\Android Studio1\jbr\bin\net.dll
0x00007ffeb4200000 - 0x00007ffeb431d000 	C:\WINDOWS\SYSTEM32\WINHTTP.dll
0x00007ffebae80000 - 0x00007ffebaeea000 	C:\WINDOWS\system32\mswsock.dll
0x00007ffe8b280000 - 0x00007ffe8b296000 	C:\Program Files\Android\Android Studio1\jbr\bin\nio.dll
0x00007ffe8b250000 - 0x00007ffe8b260000 	C:\Program Files\Android\Android Studio1\jbr\bin\verify.dll
0x00007ffe76940000 - 0x00007ffe76967000 	C:\Users\KSHPRIME\.gradle\native\c067742578af261105cb4f569cf0c3c89f3d7b1fecec35dd04571415982c5e48\windows-amd64\native-platform.dll
0x00007ffe4cb60000 - 0x00007ffe4cca4000 	C:\Users\KSHPRIME\.gradle\native\100fb08df4bc3b14c8652ba06237920a3bd2aa13389f12d3474272988ae205f9\windows-amd64\native-platform-file-events.dll
0x00007ffe8dfd0000 - 0x00007ffe8dfd9000 	C:\Program Files\Android\Android Studio1\jbr\bin\management.dll
0x00007ffe8dfc0000 - 0x00007ffe8dfcb000 	C:\Program Files\Android\Android Studio1\jbr\bin\management_ext.dll
0x00007ffebcf20000 - 0x00007ffebcf28000 	C:\WINDOWS\System32\PSAPI.DLL
0x00007ffebb120000 - 0x00007ffebb13c000 	C:\WINDOWS\SYSTEM32\CRYPTSP.dll
0x00007ffeba850000 - 0x00007ffeba88a000 	C:\WINDOWS\system32\rsaenh.dll
0x00007ffebaf20000 - 0x00007ffebaf4b000 	C:\WINDOWS\SYSTEM32\USERENV.dll
0x00007ffebb9c0000 - 0x00007ffebb9e6000 	C:\WINDOWS\SYSTEM32\bcrypt.dll
0x00007ffebb140000 - 0x00007ffebb14c000 	C:\WINDOWS\SYSTEM32\CRYPTBASE.dll
0x00007ffeba2d0000 - 0x00007ffeba303000 	C:\WINDOWS\SYSTEM32\IPHLPAPI.DLL
0x00007ffebdb70000 - 0x00007ffebdb7a000 	C:\WINDOWS\System32\NSI.dll
0x00007ffe8df80000 - 0x00007ffe8df89000 	C:\Program Files\Android\Android Studio1\jbr\bin\extnet.dll
0x00007ffe82d00000 - 0x00007ffe82d08000 	C:\WINDOWS\system32\wshunix.dll
0x00007ffeba3c0000 - 0x00007ffeba4e5000 	C:\WINDOWS\SYSTEM32\DNSAPI.dll
0x00007ffeb3e90000 - 0x00007ffeb3e9b000 	C:\Windows\System32\rasadhlp.dll
0x00007ffeb5170000 - 0x00007ffeb51f5000 	C:\WINDOWS\System32\fwpuclnt.dll

dbghelp: loaded successfully - version: 4.0.5 - missing functions: none
symbol engine: initialized successfully - sym options: 0x614 - pdb path: .;C:\Program Files\Android\Android Studio1\jbr\bin;C:\WINDOWS\SYSTEM32;C:\WINDOWS\WinSxS\amd64_microsoft.windows.common-controls_6595b64144ccf1df_6.0.26100.3624_none_3e086962e3345f24;C:\Program Files\Android\Android Studio1\jbr\bin\server;C:\Users\KSHPRIME\.gradle\native\c067742578af261105cb4f569cf0c3c89f3d7b1fecec35dd04571415982c5e48\windows-amd64;C:\Users\KSHPRIME\.gradle\native\100fb08df4bc3b14c8652ba06237920a3bd2aa13389f12d3474272988ae205f9\windows-amd64

VM Arguments:
jvm_args: --add-opens=java.base/java.util=ALL-UNNAMED --add-opens=java.base/java.lang=ALL-UNNAMED --add-opens=java.base/java.lang.invoke=ALL-UNNAMED --add-opens=java.prefs/java.util.prefs=ALL-UNNAMED --add-exports=jdk.compiler/com.sun.tools.javac.api=ALL-UNNAMED --add-exports=jdk.compiler/com.sun.tools.javac.util=ALL-UNNAMED --add-opens=java.base/java.nio.charset=ALL-UNNAMED --add-opens=java.base/java.net=ALL-UNNAMED --add-opens=java.base/java.util.concurrent.atomic=ALL-UNNAMED -Xmx2048m -Dfile.encoding=UTF-8 -Duser.country=US -Duser.language=en -Duser.variant -javaagent:C:\Users\KSHPRIME\.gradle\wrapper\dists\gradle-8.10.2-bin\a04bxjujx95o3nb99gddekhwo\gradle-8.10.2\lib\agents\gradle-instrumentation-agent-8.10.2.jar 
java_command: org.gradle.launcher.daemon.bootstrap.GradleDaemon 8.10.2
java_class_path (initial): C:\Users\KSHPRIME\.gradle\wrapper\dists\gradle-8.10.2-bin\a04bxjujx95o3nb99gddekhwo\gradle-8.10.2\lib\gradle-daemon-main-8.10.2.jar
Launcher Type: SUN_STANDARD

[Global flags]
     intx CICompilerCount                          = 12                                        {product} {ergonomic}
     uint ConcGCThreads                            = 4                                         {product} {ergonomic}
     uint G1ConcRefinementThreads                  = 15                                        {product} {ergonomic}
   size_t G1HeapRegionSize                         = 1048576                                   {product} {ergonomic}
    uintx GCDrainStackTargetSize                   = 64                                        {product} {ergonomic}
   size_t InitialHeapSize                          = 262144000                                 {product} {ergonomic}
   size_t MarkStackSize                            = 4194304                                   {product} {ergonomic}
   size_t MaxHeapSize                              = 2147483648                                {product} {command line}
   size_t MaxNewSize                               = 1287651328                                {product} {ergonomic}
   size_t MinHeapDeltaBytes                        = 1048576                                   {product} {ergonomic}
   size_t MinHeapSize                              = 8388608                                   {product} {ergonomic}
    uintx NonNMethodCodeHeapSize                   = 7602480                                {pd product} {ergonomic}
    uintx NonProfiledCodeHeapSize                  = 122027880                              {pd product} {ergonomic}
    uintx ProfiledCodeHeapSize                     = 122027880                              {pd product} {ergonomic}
    uintx ReservedCodeCacheSize                    = 251658240                              {pd product} {ergonomic}
     bool SegmentedCodeCache                       = true                                      {product} {ergonomic}
   size_t SoftMaxHeapSize                          = 2147483648                             {manageable} {ergonomic}
     bool UseCompressedOops                        = true                           {product lp64_product} {ergonomic}
     bool UseG1GC                                  = true                                      {product} {ergonomic}
     bool UseLargePagesIndividualAllocation        = false                                  {pd product} {ergonomic}

Logging:
Log output configuration:
 #0: stdout all=warning uptime,level,tags foldmultilines=false
 #1: stderr all=off uptime,level,tags foldmultilines=false

Environment Variables:
JAVA_HOME=C:\Program Files\Java\jdk-22
PATH=C:\Program Files (x86)\Common Files\Intel\Shared Libraries\redist\intel64\compiler;C:\Python312\Scripts\;C:\Python312\;C:\WINDOWS\system32;C:\WINDOWS;C:\WINDOWS\System32\Wbem;C:\WINDOWS\System32\WindowsPowerShell\v1.0\;C:\WINDOWS\System32\OpenSSH\;C:\Program Files\dotnet\;C:\Program Files (x86)\NVIDIA Corporation\PhysX\Common;C:\Program Files\nodejs\;C:\ProgramData\chocolatey\bin;C:\Program Files\Git\cmd;C:\Program Files\NVIDIA Corporation\NVIDIA app\NvDLISR;C:\Program Files\Java\jdk-22\bin;;c:\Users\KSHPRIME\AppData\Local\Programs\cursor\resources\app\bin;c:\Users\KSHPRIME\AppData\Local\Programs\cursor\resources\app\bin;C:\Program Files (x86)\Common Files\Intel\Shared Libraries\redist\intel64\compiler;C:\Python312\Scripts\;C:\Python312\;C:\WINDOWS\system32;C:\WINDOWS;C:\WINDOWS\System32\Wbem;C:\WINDOWS\System32\WindowsPowerShell\v1.0\;C:\WINDOWS\System32\OpenSSH\;C:\Program Files\dotnet\;C:\Program Files (x86)\NVIDIA Corporation\PhysX\Common;C:\Program Files\nodejs\;C:\ProgramData\chocolatey\bin;C:\Program Files\Git\cmd;C:\Program Files\NVIDIA Corporation\NVIDIA app\NvDLISR;C:\Program Files\MySQL\MySQL Shell 8.0\bin\;C:\Users\KSHPRIME\AppData\Local\Microsoft\WindowsApps;C:\Users\KSHPRIME\AppData\Local\Programs\Microsoft VS Code\bin;C:\Users\KSHPRIME\AppData\Roaming\npm;C:\Program Files\JetBrains\IntelliJ IDEA 2024.3.5\bin;C:\Users\KSHPRIME\.dotnet\tools;C:\Users\KSHPRIME\AppData\Local\Programs\cursor\resources\app\bin
USERNAME=KSHPRIME
OS=Windows_NT
PROCESSOR_IDENTIFIER=Intel64 Family 6 Model 154 Stepping 3, GenuineIntel
TMP=C:\Users\KSHPRIME\AppData\Local\Temp
TEMP=C:\Users\KSHPRIME\AppData\Local\Temp




Periodic native trim disabled

JNI global refs:
JNI global refs: 38, weak refs: 0

JNI global refs memory usage: 835, weak refs: 833

Process memory usage:
Resident Set Size: 445372K (2% of 16383620K total physical memory with 759760K free physical memory)

OOME stack traces (most recent first):
Classloader memory used:
Loader org.gradle.internal.classloader.VisitableURLClassLoader                         : 37495K
Loader bootstrap                                                                       : 29296K
Loader org.gradle.initialization.MixInLegacyTypesClassLoader                           : 13128K
Loader org.gradle.internal.classloader.VisitableURLClassLoader$InstrumentingVisitableURLClassLoader: 10190K
Loader org.gradle.internal.classloader.VisitableURLClassLoader                         : 924K
Loader jdk.internal.loader.ClassLoaders$PlatformClassLoader                            : 786K
Loader jdk.internal.reflect.DelegatingClassLoader                                      : 291K
Loader jdk.internal.loader.ClassLoaders$AppClassLoader                                 : 234K
Loader org.gradle.groovy.scripts.internal.DefaultScriptCompilationHandler$ScriptClassLoader: 88440B
Loader org.codehaus.groovy.runtime.callsite.CallSiteClassLoader                        : 49600B

Classes loaded by more than one classloader:
Class Program                                                                         : loaded 4 times (x 70B)
Class org.gradle.api.GradleException                                                  : loaded 3 times (x 78B)
Class com.google.common.collect.RegularImmutableMap$KeySet                            : loaded 2 times (x 146B)
Class org.gradle.internal.classloader.FilteringClassLoader                            : loaded 2 times (x 101B)
Class [Lcom.google.common.base.AbstractIterator$State;                                : loaded 2 times (x 65B)
Class com.google.common.base.CharMatcher$IsEither                                     : loaded 2 times (x 107B)
Class org.gradle.internal.classloader.ClassLoaderHierarchy                            : loaded 2 times (x 66B)
Class com.google.common.collect.ImmutableEnumSet                                      : loaded 2 times (x 142B)
Class com.google.common.util.concurrent.ExecutionError                                : loaded 2 times (x 78B)
Class com.google.common.collect.ImmutableList$1                                       : loaded 2 times (x 93B)
Class org.gradle.api.internal.classpath.ManifestUtil                                  : loaded 2 times (x 67B)
Class com.google.common.collect.RegularImmutableMap                                   : loaded 2 times (x 117B)
Class com.google.common.collect.ImmutableMap$MapViewOfValuesAsSingletonSets           : loaded 2 times (x 121B)
Class org.jetbrains.plugins.gradle.model.GradleExtensions                             : loaded 2 times (x 66B)
Class org.jetbrains.plugins.gradle.model.AnnotationProcessingModel                    : loaded 2 times (x 66B)
Class [Lorg.objectweb.asm.Symbol;                                                     : loaded 2 times (x 65B)
Class org.objectweb.asm.ClassVisitor                                                  : loaded 2 times (x 84B)
Class com.google.common.collect.UnmodifiableListIterator                              : loaded 2 times (x 91B)
Class org.gradle.internal.operations.MultipleBuildOperationFailures                   : loaded 2 times (x 91B)
Class org.objectweb.asm.MethodTooLargeException                                       : loaded 2 times (x 79B)
Class [Lcom.google.common.cache.CacheBuilder$OneWeigher;                              : loaded 2 times (x 65B)
Class com.google.common.base.Suppliers                                                : loaded 2 times (x 67B)
Class org.jetbrains.kotlin.idea.gradleTooling.model.noarg.NoArgModel                  : loaded 2 times (x 66B)
Class org.gradle.internal.classloader.DefaultClassLoaderFactory                       : loaded 2 times (x 78B)
Class com.google.common.base.CharMatcher$None                                         : loaded 2 times (x 108B)
Class kotlin.collections.AbstractList$Companion                                       : loaded 2 times (x 67B)
Class org.gradle.internal.classloader.ClassLoaderVisitor                              : loaded 2 times (x 72B)
Class [Lcom.google.common.collect.ImmutableMapEntry;                                  : loaded 2 times (x 65B)
Class org.gradle.api.internal.classpath.EffectiveClassPath                            : loaded 2 times (x 86B)
Class com.google.common.collect.ImmutableEnumMap                                      : loaded 2 times (x 121B)
Class com.google.common.collect.ListMultimap                                          : loaded 2 times (x 66B)
Class org.gradle.tooling.internal.gradle.DefaultProjectIdentifier                     : loaded 2 times (x 82B)
Class com.google.common.collect.Sets$1                                                : loaded 2 times (x 135B)
Class org.objectweb.asm.AnnotationVisitor                                             : loaded 2 times (x 74B)
Class com.google.common.base.Splitter                                                 : loaded 2 times (x 68B)
Class org.jetbrains.kotlin.idea.gradleTooling.model.allopen.AllOpenModel              : loaded 2 times (x 66B)
Class org.gradle.api.internal.DefaultClassPathProvider                                : loaded 2 times (x 72B)
Class com.google.common.collect.Sets$2                                                : loaded 2 times (x 135B)
Class [Lorg.gradle.api.internal.ClassPathProvider;                                    : loaded 2 times (x 65B)
Class org.gradle.api.internal.ClassPathProvider                                       : loaded 2 times (x 66B)
Class [Lorg.objectweb.asm.AnnotationVisitor;                                          : loaded 2 times (x 65B)
Class com.google.common.collect.Sets$3                                                : loaded 2 times (x 135B)
Class com.google.common.util.concurrent.AbstractFuture$SafeAtomicHelper               : loaded 2 times (x 75B)
Class com.google.common.cache.LocalCache$LocalLoadingCache                            : loaded 2 times (x 130B)
Class com.google.common.base.AbstractIterator$State                                   : loaded 2 times (x 75B)
Class org.gradle.internal.service.UnknownServiceException                             : loaded 2 times (x 79B)
Class com.google.common.collect.Sets$4                                                : loaded 2 times (x 135B)
Class org.objectweb.asm.ModuleVisitor                                                 : loaded 2 times (x 77B)
Class com.google.common.cache.LocalCache$Strength$1                                   : loaded 2 times (x 77B)
Class org.jetbrains.kotlin.idea.gradleTooling.KotlinDslScriptAdditionalTask           : loaded 2 times (x 66B)
Class com.google.common.util.concurrent.SettableFuture                                : loaded 2 times (x 110B)
Class com.google.common.cache.LocalCache$Strength$2                                   : loaded 2 times (x 77B)
Class com.google.common.cache.LocalCache$Strength$3                                   : loaded 2 times (x 77B)
Class com.google.common.collect.MapDifference                                         : loaded 2 times (x 66B)
Class com.google.common.base.Splitter$1                                               : loaded 2 times (x 73B)
Class org.objectweb.asm.FieldWriter                                                   : loaded 2 times (x 74B)
Class com.google.common.cache.CacheBuilder$NullListener                               : loaded 2 times (x 78B)
Class org.gradle.internal.classpath.TransformedClassPath                              : loaded 2 times (x 92B)
Class org.gradle.internal.classloader.InstrumentingClassLoader                        : loaded 2 times (x 66B)
Class com.google.common.cache.CacheLoader$FunctionToCacheLoader                       : loaded 2 times (x 71B)
Class com.google.common.collect.Iterators$ArrayItr                                    : loaded 2 times (x 93B)
Class com.google.common.collect.ImmutableCollection$Builder                           : loaded 2 times (x 72B)
Class kotlin.enums.EnumEntriesList                                                    : loaded 2 times (x 219B)
Class com.google.common.base.Joiner                                                   : loaded 2 times (x 75B)
Class com.google.common.base.MoreObjects                                              : loaded 2 times (x 67B)
Class com.google.common.base.Equivalence$Identity                                     : loaded 2 times (x 78B)
Class com.google.common.collect.Platform                                              : loaded 2 times (x 67B)
Class com.google.common.collect.UnmodifiableIterator                                  : loaded 2 times (x 76B)
Class org.jetbrains.kotlin.idea.gradleTooling.KotlinSourceSetContainer                : loaded 2 times (x 66B)
Class org.jetbrains.plugins.gradle.model.IntelliJSettings                             : loaded 2 times (x 66B)
Class org.gradle.internal.service.ServiceLocator                                      : loaded 2 times (x 66B)
Class com.google.common.base.Ascii                                                    : loaded 2 times (x 67B)
Class com.google.common.collect.SingletonImmutableBiMap                               : loaded 2 times (x 139B)
Class com.google.common.cache.LocalCache$1                                            : loaded 2 times (x 85B)
Class com.google.common.collect.AbstractMapEntry                                      : loaded 2 times (x 77B)
Class org.jetbrains.kotlin.android.synthetic.idea.AndroidExtensionsGradleModel        : loaded 2 times (x 66B)
Class org.gradle.tooling.model.UnsupportedMethodException                             : loaded 2 times (x 78B)
Class com.google.common.cache.LocalCache$2                                            : loaded 2 times (x 138B)
Class com.google.common.collect.AbstractMultimap                                      : loaded 2 times (x 119B)
Class com.google.common.util.concurrent.AbstractFuture$UnsafeAtomicHelper$1           : loaded 2 times (x 72B)
Class com.google.common.collect.RegularImmutableAsList                                : loaded 2 times (x 212B)
Class com.google.common.util.concurrent.AbstractFuture$Trusted                        : loaded 2 times (x 66B)
Class com.google.common.collect.Iterators                                             : loaded 2 times (x 67B)
Class com.google.common.base.CharMatcher$RangesMatcher                                : loaded 2 times (x 108B)
Class com.google.common.util.concurrent.UncheckedExecutionException                   : loaded 2 times (x 78B)
Class com.google.common.collect.Lists$StringAsImmutableList                           : loaded 2 times (x 203B)
Class org.gradle.kotlin.dsl.VersionCatalogAccessorsKt                                 : loaded 2 times (x 67B)
Class com.google.common.base.CharMatcher$JavaLetterOrDigit                            : loaded 2 times (x 107B)
Class org.gradle.internal.InternalTransformer                                         : loaded 2 times (x 66B)
Class org.objectweb.asm.ClassWriter                                                   : loaded 2 times (x 102B)
Class com.google.common.cache.CacheLoader$UnsupportedLoadingOperationException        : loaded 2 times (x 78B)
Class com.google.common.base.CharMatcher$And                                          : loaded 2 times (x 108B)
Class org.gradle.internal.time.DefaultTimer                                           : loaded 2 times (x 76B)
Class org.gradle.internal.classloader.ClasspathUtil$1                                 : loaded 2 times (x 72B)
Class org.objectweb.asm.FieldVisitor                                                  : loaded 2 times (x 73B)
Class com.google.common.collect.IndexedImmutableSet                                   : loaded 2 times (x 146B)
Class com.google.common.collect.ImmutableMap$1                                        : loaded 2 times (x 77B)
Class com.google.common.collect.BiMap                                                 : loaded 2 times (x 66B)
Class org.gradle.api.internal.classpath.DefaultModuleRegistry$DefaultModule           : loaded 2 times (x 82B)
Class com.google.common.primitives.Ints                                               : loaded 2 times (x 67B)
Class com.google.common.collect.AbstractIterator                                      : loaded 2 times (x 78B)
Class org.jetbrains.kotlin.idea.gradleTooling.model.lombok.LombokModel                : loaded 2 times (x 66B)
Class com.google.common.math.MathPreconditions                                        : loaded 2 times (x 67B)
Class com.google.common.collect.Multiset                                              : loaded 2 times (x 66B)
Class com.google.common.collect.ArrayListMultimapGwtSerializationDependencies         : loaded 2 times (x 168B)
Class com.google.common.collect.ObjectArrays                                          : loaded 2 times (x 67B)
Class com.google.common.collect.AbstractIndexedListIterator                           : loaded 2 times (x 92B)
Class org.gradle.internal.time.DefaultCountdownTimer                                  : loaded 2 times (x 84B)
Class com.google.common.collect.ImmutableMapEntrySet                                  : loaded 2 times (x 147B)
Class org.gradle.tooling.internal.gradle.DefaultBuildIdentifier                       : loaded 2 times (x 75B)
Class kotlin.Function                                                                 : loaded 2 times (x 66B)
Class org.gradle.api.internal.classpath.Module                                        : loaded 2 times (x 66B)
Class com.google.common.cache.Weigher                                                 : loaded 2 times (x 66B)
Class org.gradle.api.internal.classpath.UnknownModuleException                        : loaded 2 times (x 78B)
Class com.google.common.base.Stopwatch                                                : loaded 2 times (x 68B)
Class com.google.common.cache.LocalCache$Strength                                     : loaded 2 times (x 77B)
Class com.google.common.cache.Cache                                                   : loaded 2 times (x 66B)
Class com.intellij.openapi.externalSystem.model.project.dependencies.ProjectDependencies: loaded 2 times (x 66B)
Class com.google.common.util.concurrent.AbstractFuture$Cancellation                   : loaded 2 times (x 68B)
Class com.google.common.collect.ImmutableMap$Builder                                  : loaded 2 times (x 78B)
Class com.google.common.base.NullnessCasts                                            : loaded 2 times (x 67B)
Class com.google.common.cache.RemovalListener                                         : loaded 2 times (x 66B)
Class org.gradle.tooling.internal.gradle.GradleProjectIdentity                        : loaded 2 times (x 66B)
Class org.gradle.api.internal.DefaultClassPathRegistry                                : loaded 2 times (x 72B)
Class com.google.common.primitives.IntsMethodsForWeb                                  : loaded 2 times (x 67B)
Class com.google.common.collect.Multimap                                              : loaded 2 times (x 66B)
Class org.gradle.api.internal.ClassPathRegistry                                       : loaded 2 times (x 66B)
Class org.gradle.internal.classpath.DefaultClassPath$ImmutableUniqueList              : loaded 2 times (x 195B)
Class com.google.common.cache.CacheBuilder                                            : loaded 2 times (x 68B)
Class com.google.common.collect.SingletonImmutableList                                : loaded 2 times (x 203B)
Class [Lorg.objectweb.asm.Type;                                                       : loaded 2 times (x 65B)
Class Settings_gradle$1                                                               : loaded 2 times (x 71B)
Class org.gradle.internal.classpath.ClassPath                                         : loaded 2 times (x 66B)
Class org.gradle.api.UncheckedIOException                                             : loaded 2 times (x 78B)
Class com.google.common.collect.ImmutableList$ReverseImmutableList                    : loaded 2 times (x 204B)
Class com.google.common.base.JdkPattern                                               : loaded 2 times (x 71B)
Class org.objectweb.asm.SymbolTable$Entry                                             : loaded 2 times (x 70B)
Class com.google.common.util.concurrent.AbstractFuture$AtomicHelper                   : loaded 2 times (x 74B)
Class org.jetbrains.kotlin.idea.gradleTooling.KotlinGradleModel                       : loaded 2 times (x 66B)
Class org.objectweb.asm.Edge                                                          : loaded 2 times (x 68B)
Class com.google.common.base.Suppliers$SupplierOfInstance                             : loaded 2 times (x 75B)
Class com.google.common.collect.Iterators$1                                           : loaded 2 times (x 77B)
Class org.gradle.tooling.model.Model                                                  : loaded 2 times (x 66B)
Class com.google.common.cache.LocalCache$ComputingValueReference                      : loaded 2 times (x 92B)
Class com.google.common.collect.SingletonImmutableSet                                 : loaded 2 times (x 142B)
Class com.google.common.collect.ImmutableMap$IteratorBasedImmutableMap                : loaded 2 times (x 121B)
Class kotlin.UninitializedPropertyAccessException                                     : loaded 2 times (x 78B)
Class com.google.common.cache.LocalCache$Segment                                      : loaded 2 times (x 150B)
Class org.jetbrains.kotlin.idea.gradleTooling.model.annotation.AnnotationBasedPluginModel: loaded 2 times (x 66B)
Class org.jetbrains.plugins.gradle.model.IntelliJProjectSettings                      : loaded 2 times (x 66B)
Class sync_studio_tooling_dkcu6ycds0ac5k71amx3bnd7y                                   : loaded 2 times (x 175B)
Class [Lorg.objectweb.asm.SymbolTable$Entry;                                          : loaded 2 times (x 65B)
Class com.google.common.cache.CacheLoader                                             : loaded 2 times (x 70B)
Class com.google.common.collect.Iterators$4                                           : loaded 2 times (x 78B)
Class com.google.common.collect.ImmutableBiMap                                        : loaded 2 times (x 139B)
Class com.google.common.collect.AbstractListMultimap                                  : loaded 2 times (x 168B)
Class org.gradle.internal.installation.GradleInstallation$1                           : loaded 2 times (x 71B)
Class org.gradle.api.internal.classpath.ModuleRegistry                                : loaded 2 times (x 66B)
Class com.google.common.util.concurrent.internal.InternalFutureFailureAccess          : loaded 2 times (x 68B)
Class com.google.common.collect.Iterators$5                                           : loaded 2 times (x 78B)
Class com.google.common.collect.ImmutableSet$JdkBackedSetBuilderImpl                  : loaded 2 times (x 72B)
Class com.google.common.base.Splitter$SplittingIterator                               : loaded 2 times (x 80B)
Class org.jetbrains.plugins.gradle.model.VersionCatalogsModel                         : loaded 2 times (x 66B)
Class com.google.common.util.concurrent.AbstractFuture$UnsafeAtomicHelper             : loaded 2 times (x 74B)
Class com.google.common.cache.LocalCache$LocalManualCache$1                           : loaded 2 times (x 71B)
Class com.google.common.base.CharMatcher$ForPredicate                                 : loaded 2 times (x 108B)
Class com.google.common.collect.ImmutableCollection                                   : loaded 2 times (x 121B)
Class com.google.common.base.CharMatcher$AnyOf                                        : loaded 2 times (x 108B)
Class org.gradle.api.internal.classpath.DefaultModuleRegistry                         : loaded 2 times (x 82B)
Class com.google.common.util.concurrent.ListenableFuture                              : loaded 2 times (x 66B)
Class com.google.common.cache.ReferenceEntry                                          : loaded 2 times (x 66B)
Class com.google.common.collect.ImmutableSet$CachingAsList                            : loaded 2 times (x 143B)
Class com.google.common.base.Converter                                                : loaded 2 times (x 86B)
Class com.google.common.collect.Lists                                                 : loaded 2 times (x 67B)
Class com.google.common.base.CharMatcher$Any                                          : loaded 2 times (x 108B)
Class com.google.common.util.concurrent.AbstractFuture                                : loaded 2 times (x 102B)
Class com.google.common.base.FunctionalEquivalence                                    : loaded 2 times (x 79B)
Class com.google.common.collect.Iterators$9                                           : loaded 2 times (x 77B)
Class com.google.common.collect.AbstractMapBasedMultimap                              : loaded 2 times (x 135B)
Class com.google.common.collect.ImmutableAsList                                       : loaded 2 times (x 205B)
Class org.objectweb.asm.RecordComponentVisitor                                        : loaded 2 times (x 73B)
Class com.google.common.cache.CacheLoader$SupplierToCacheLoader                       : loaded 2 times (x 71B)
Class com.google.common.collect.Maps$EntryTransformer                                 : loaded 2 times (x 66B)
Class org.gradle.internal.time.MonotonicClock                                         : loaded 2 times (x 73B)
Class org.gradle.internal.service.ServiceLookupException                              : loaded 2 times (x 78B)
Class [Lcom.google.common.cache.LocalCache$EntryFactory;                              : loaded 2 times (x 65B)
Class com.google.common.base.CharMatcher$JavaLetter                                   : loaded 2 times (x 107B)
Class org.gradle.internal.classloader.ClassLoaderFactory                              : loaded 2 times (x 66B)
Class com.google.common.cache.LocalCache$LocalManualCache                             : loaded 2 times (x 95B)
Class com.google.common.base.CharMatcher$IsNot                                        : loaded 2 times (x 107B)
Class com.google.common.base.CommonPattern                                            : loaded 2 times (x 70B)
Class org.gradle.internal.service.CachingServiceLocator                               : loaded 2 times (x 78B)
Class com.google.common.math.IntMath                                                  : loaded 2 times (x 67B)
Class org.jetbrains.plugins.gradle.model.RepositoryModels                             : loaded 2 times (x 66B)
Class com.google.common.collect.Iterators$10                                          : loaded 2 times (x 77B)
Class com.google.common.collect.ImmutableMapEntry                                     : loaded 2 times (x 81B)
Class com.google.common.base.CharMatcher$JavaDigit                                    : loaded 2 times (x 107B)
Class org.gradle.internal.time.TimeSource                                             : loaded 2 times (x 66B)
Class com.google.common.base.Equivalence                                              : loaded 2 times (x 78B)
Class com.google.common.collect.ImmutableMapEntry$NonTerminalImmutableMapEntry        : loaded 2 times (x 81B)
Class com.google.common.base.Function                                                 : loaded 2 times (x 66B)
Class org.gradle.tooling.internal.gradle.GradleBuildIdentity                          : loaded 2 times (x 66B)
Class kotlin.enums.EnumEntries                                                        : loaded 2 times (x 66B)
Class com.google.common.cache.CacheBuilder$OneWeigher                                 : loaded 2 times (x 78B)
Class com.google.common.collect.RegularImmutableList                                  : loaded 2 times (x 208B)
Class org.gradle.internal.exceptions.ResolutionProvider                               : loaded 2 times (x 66B)
Class com.google.common.collect.ImmutableBiMapFauxverideShim                          : loaded 2 times (x 116B)
Class org.gradle.tooling.model.ProjectIdentifier                                      : loaded 2 times (x 66B)
Class org.gradle.internal.classloader.ClasspathUtil                                   : loaded 2 times (x 67B)
Class com.google.common.base.Charsets                                                 : loaded 2 times (x 67B)
Class com.google.common.util.concurrent.Uninterruptibles                              : loaded 2 times (x 67B)
Class com.google.common.collect.Maps                                                  : loaded 2 times (x 67B)
Class com.google.common.base.CharMatcher$JavaUpperCase                                : loaded 2 times (x 107B)
Class org.gradle.internal.time.TimeSource$1                                           : loaded 2 times (x 73B)
Class kotlin.jvm.internal.DefaultConstructorMarker                                    : loaded 2 times (x 67B)
Class org.gradle.api.specs.Spec                                                       : loaded 2 times (x 66B)
Class [Lcom.google.common.collect.ImmutableEntry;                                     : loaded 2 times (x 65B)
Class com.google.common.cache.LocalCache$LoadingValueReference                        : loaded 2 times (x 92B)
Class Build_gradle$1                                                                  : loaded 2 times (x 74B)
Class org.gradle.internal.time.Clock                                                  : loaded 2 times (x 66B)
Class [Lorg.objectweb.asm.AnnotationWriter;                                           : loaded 2 times (x 65B)
Class com.google.common.primitives.Ints$IntConverter                                  : loaded 2 times (x 86B)
Class com.google.common.collect.Maps$8                                                : loaded 2 times (x 78B)
Class org.jetbrains.plugins.gradle.model.jar.JarTaskManifestConfiguration             : loaded 2 times (x 66B)
Class kotlin.collections.AbstractList                                                 : loaded 2 times (x 193B)
Class kotlin.collections.AbstractCollection                                           : loaded 2 times (x 113B)
Class com.google.common.collect.Sets$SetView                                          : loaded 2 times (x 134B)
Class com.google.common.cache.LocalCache$StrongValueReference                         : loaded 2 times (x 86B)
Class com.google.common.util.concurrent.AbstractFuture$SynchronizedHelper             : loaded 2 times (x 74B)
Class com.google.common.base.CharMatcher$Invisible                                    : loaded 2 times (x 108B)
Class org.objectweb.asm.Type                                                          : loaded 2 times (x 68B)
Class org.gradle.internal.classloader.VisitableURLClassLoader$InstrumentingVisitableURLClassLoader: loaded 2 times (x 119B)
Class org.objectweb.asm.ByteVector                                                    : loaded 2 times (x 75B)
Class [Lcom.google.common.cache.CacheBuilder$NullListener;                            : loaded 2 times (x 65B)
Class com.google.common.math.IntMath$1                                                : loaded 2 times (x 67B)
Class org.gradle.internal.classloader.VisitableURLClassLoader$Spec                    : loaded 2 times (x 70B)
Class org.gradle.internal.classpath.DefaultClassPath                                  : loaded 2 times (x 86B)
Class org.objectweb.asm.Symbol                                                        : loaded 2 times (x 69B)
Class com.google.common.base.AbstractIterator                                         : loaded 2 times (x 76B)
Class com.google.common.collect.RegularImmutableMap$Values                            : loaded 2 times (x 203B)
Class com.google.common.collect.ImmutableSet                                          : loaded 2 times (x 141B)
Class com.google.common.base.CharMatcher$BitSetMatcher                                : loaded 2 times (x 108B)
Class com.google.common.base.CharMatcher$Ascii                                        : loaded 2 times (x 108B)
Class org.gradle.internal.classloader.ClassLoaderSpec                                 : loaded 2 times (x 67B)
Class org.objectweb.asm.AnnotationWriter                                              : loaded 2 times (x 75B)
Class com.google.common.cache.CacheStats                                              : loaded 2 times (x 67B)
Class org.objectweb.asm.RecordComponentWriter                                         : loaded 2 times (x 74B)
Class com.google.common.util.concurrent.AbstractFuture$Listener                       : loaded 2 times (x 68B)
Class com.google.common.base.CharMatcher$Or                                           : loaded 2 times (x 108B)
Class Settings_gradle$1$1                                                             : loaded 2 times (x 71B)
Class org.objectweb.asm.Attribute                                                     : loaded 2 times (x 73B)
Class com.google.common.base.Supplier                                                 : loaded 2 times (x 66B)
Class org.gradle.internal.classloader.VisitableURLClassLoader                         : loaded 2 times (x 113B)
Class com.google.common.util.concurrent.AbstractFuture$Waiter                         : loaded 2 times (x 68B)
Class Settings_gradle                                                                 : loaded 2 times (x 124B)
Class org.gradle.internal.Cast                                                        : loaded 2 times (x 67B)
Class org.gradle.api.Action                                                           : loaded 2 times (x 66B)
Class com.google.common.collect.Sets                                                  : loaded 2 times (x 67B)
Class org.objectweb.asm.Handler                                                       : loaded 2 times (x 68B)
Class com.google.common.base.Ticker                                                   : loaded 2 times (x 68B)
Class com.google.common.base.CharMatcher$FastMatcher                                  : loaded 2 times (x 107B)
Class kotlin.jvm.functions.Function1                                                  : loaded 2 times (x 66B)
Class [Lcom.google.common.cache.LocalCache$Segment;                                   : loaded 2 times (x 65B)
Class [Lcom.google.common.cache.LocalCache$Strength;                                  : loaded 2 times (x 65B)
Class com.google.common.cache.CacheBuilder$1                                          : loaded 2 times (x 81B)
Class com.google.common.collect.ImmutableMap                                          : loaded 2 times (x 116B)
Class com.google.common.base.Predicate                                                : loaded 2 times (x 66B)
Class org.gradle.internal.classpath.DefaultClassPath$ImmutableUniqueList$Builder      : loaded 2 times (x 71B)
Class com.google.common.cache.LocalCache                                              : loaded 2 times (x 183B)
Class com.google.common.cache.CacheBuilder$2                                          : loaded 2 times (x 68B)
Class com.google.common.base.CharMatcher$NegatedFastMatcher                           : loaded 2 times (x 109B)
Class [Lcom.google.common.collect.AbstractMapEntry;                                   : loaded 2 times (x 65B)
Class com.google.common.collect.ImmutableEntry                                        : loaded 2 times (x 78B)
Class com.google.common.collect.ArrayListMultimap                                     : loaded 2 times (x 168B)
Class com.google.common.base.AbstractIterator$1                                       : loaded 2 times (x 67B)
Class com.google.common.base.CharMatcher$Digit                                        : loaded 2 times (x 108B)
Class org.jetbrains.kotlin.idea.gradleTooling.model.samWithReceiver.SamWithReceiverModel: loaded 2 times (x 66B)
Class com.google.common.base.PairwiseEquivalence                                      : loaded 2 times (x 79B)
Class org.gradle.internal.exceptions.NonGradleCauseExceptionsHolder                   : loaded 2 times (x 66B)
Class com.google.common.collect.CollectPreconditions                                  : loaded 2 times (x 67B)
Class com.google.common.base.CharMatcher$JavaIsoControl                               : loaded 2 times (x 108B)
Class com.google.common.collect.SortedMapDifference                                   : loaded 2 times (x 66B)
Class com.google.common.base.CharMatcher$JavaLowerCase                                : loaded 2 times (x 107B)
Class com.google.common.cache.LocalCache$EntryFactory                                 : loaded 2 times (x 79B)
Class com.google.common.cache.LocalCache$AbstractReferenceEntry                       : loaded 2 times (x 103B)
Class com.google.common.base.Splitter$1$1                                             : loaded 2 times (x 82B)
Class com.google.common.base.CharMatcher$Whitespace                                   : loaded 2 times (x 108B)
Class org.jetbrains.kotlin.idea.gradleTooling.model.assignment.AssignmentModel        : loaded 2 times (x 66B)
Class kotlin.enums.EnumEntriesKt                                                      : loaded 2 times (x 67B)
Class org.gradle.internal.IoActions                                                   : loaded 2 times (x 67B)
Class org.objectweb.asm.SymbolTable                                                   : loaded 2 times (x 68B)
Class com.google.common.cache.CacheLoader$InvalidCacheLoadException                   : loaded 2 times (x 78B)
Class com.google.common.collect.ImmutableSet$RegularSetBuilderImpl                    : loaded 2 times (x 73B)
Class com.google.common.base.CharMatcher$SingleWidth                                  : loaded 2 times (x 108B)
Class org.gradle.internal.classloader.SystemClassLoaderSpec                           : loaded 2 times (x 67B)
Class com.google.common.cache.LocalCache$StrongEntry                                  : loaded 2 times (x 104B)
Class com.google.common.util.concurrent.AbstractFuture$TrustedFuture                  : loaded 2 times (x 110B)
Class com.google.common.cache.LoadingCache                                            : loaded 2 times (x 66B)
Class org.gradle.internal.exceptions.MultiCauseException                              : loaded 2 times (x 66B)
Class org.gradle.internal.time.CountdownTimer                                         : loaded 2 times (x 66B)
Class kotlin.jvm.internal.Intrinsics                                                  : loaded 2 times (x 67B)
Class org.objectweb.asm.MethodWriter                                                  : loaded 2 times (x 102B)
Class [Lcom.google.common.cache.Weigher;                                              : loaded 2 times (x 65B)
Class com.google.common.collect.RegularImmutableMap$BucketOverflowException           : loaded 2 times (x 78B)
Class org.jetbrains.kotlin.idea.gradleTooling.model.parcelize.ParcelizeGradleModel    : loaded 2 times (x 66B)
Class ijInit1_70h1s80ud3u2k0r5eotg2nuyz                                               : loaded 2 times (x 175B)
Class org.gradle.tooling.model.ProjectModel                                           : loaded 2 times (x 66B)
Class kotlin.KotlinNullPointerException                                               : loaded 2 times (x 79B)
Class com.google.common.collect.RegularImmutableBiMap                                 : loaded 2 times (x 144B)
Class com.google.common.cache.LocalCache$ValueReference                               : loaded 2 times (x 66B)
Class com.google.common.base.CharMatcher$Negated                                      : loaded 2 times (x 109B)
Class com.google.common.base.CharMatcher$Is                                           : loaded 2 times (x 107B)
Class org.jetbrains.plugins.gradle.model.tests.ExternalTestsModel                     : loaded 2 times (x 66B)
Class org.gradle.internal.exceptions.DefaultMultiCauseException                       : loaded 2 times (x 91B)
Class com.google.common.util.concurrent.AbstractFuture$Failure                        : loaded 2 times (x 68B)
Class com.google.common.base.Equivalence$Equals                                       : loaded 2 times (x 78B)
Class com.google.common.collect.Hashing                                               : loaded 2 times (x 67B)
Class com.google.common.base.Preconditions                                            : loaded 2 times (x 67B)
Class com.google.common.base.Joiner$1                                                 : loaded 2 times (x 76B)
Class org.objectweb.asm.Label                                                         : loaded 2 times (x 69B)
Class org.objectweb.asm.CurrentFrame                                                  : loaded 2 times (x 69B)
Class org.objectweb.asm.ClassTooLargeException                                        : loaded 2 times (x 79B)
Class com.google.common.collect.PeekingIterator                                       : loaded 2 times (x 66B)
Class com.google.common.base.CharMatcher                                              : loaded 2 times (x 107B)
Class org.gradle.internal.time.Time                                                   : loaded 2 times (x 67B)
Class com.google.common.base.Joiner$2                                                 : loaded 2 times (x 75B)
Class org.objectweb.asm.Frame                                                         : loaded 2 times (x 69B)
Class org.objectweb.asm.MethodVisitor                                                 : loaded 2 times (x 101B)
Class com.google.common.cache.LocalCache$EntryFactory$1                               : loaded 2 times (x 79B)
Class [Lcom.google.common.cache.RemovalListener;                                      : loaded 2 times (x 65B)
Class com.google.common.base.CharMatcher$1                                            : loaded 2 times (x 109B)
Class com.google.common.base.CharMatcher$NamedFastMatcher                             : loaded 2 times (x 108B)
Class com.google.common.cache.LocalCache$EntryFactory$2                               : loaded 2 times (x 79B)
Class org.jetbrains.plugins.gradle.model.DependencyAccessorsModel                     : loaded 2 times (x 66B)
Class org.gradle.api.internal.classpath.GlobalCacheRootsProvider                      : loaded 2 times (x 66B)
Class org.objectweb.asm.ModuleWriter                                                  : loaded 2 times (x 78B)
Class com.google.common.cache.LocalCache$EntryFactory$3                               : loaded 2 times (x 79B)
Class com.google.common.base.Ticker$1                                                 : loaded 2 times (x 68B)
Class com.google.common.collect.ImmutableMapEntrySet$RegularEntrySet                  : loaded 2 times (x 147B)
Class com.google.common.collect.Maps$BiMapConverter                                   : loaded 2 times (x 86B)
Class org.jetbrains.kotlin.idea.gradleTooling.KotlinMPPGradleModel                    : loaded 2 times (x 66B)
Class org.gradle.tooling.model.BuildIdentifier                                        : loaded 2 times (x 66B)
Class com.google.common.cache.LocalCache$EntryFactory$4                               : loaded 2 times (x 79B)
Class com.google.common.collect.ImmutableSet$Builder                                  : loaded 2 times (x 81B)
Class com.google.common.base.CharMatcher$InRange                                      : loaded 2 times (x 107B)
Class Settings_gradle$1$1$1                                                           : loaded 2 times (x 71B)
Class org.jetbrains.kotlin.idea.gradleTooling.PrepareKotlinIdeImportTaskModel         : loaded 2 times (x 66B)
Class com.google.common.cache.LocalCache$EntryFactory$5                               : loaded 2 times (x 79B)
Class com.google.common.cache.LocalCache$EntryFactory$6                               : loaded 2 times (x 79B)
Class Build_gradle                                                                    : loaded 2 times (x 68B)
Class org.gradle.internal.time.Timer                                                  : loaded 2 times (x 66B)
Class kotlin.jvm.internal.markers.KMappedMarker                                       : loaded 2 times (x 66B)
Class org.gradle.internal.installation.CurrentGradleInstallationLocator               : loaded 2 times (x 67B)
Class com.google.common.cache.LocalCache$EntryFactory$7                               : loaded 2 times (x 79B)
Class com.google.common.collect.ImmutableSet$EmptySetBuilderImpl                      : loaded 2 times (x 72B)
Class com.google.common.collect.ImmutableList                                         : loaded 2 times (x 202B)
Class org.gradle.internal.service.DefaultServiceLocator                               : loaded 2 times (x 79B)
Class com.google.common.cache.LocalCache$EntryFactory$8                               : loaded 2 times (x 79B)
Class com.google.common.collect.ImmutableSet$SetBuilderImpl                           : loaded 2 times (x 72B)
Class org.gradle.util.GradleVersion                                                   : loaded 2 times (x 79B)
Class org.gradle.internal.installation.CurrentGradleInstallation                      : loaded 2 times (x 69B)
Class com.google.common.cache.CacheLoader$1                                           : loaded 2 times (x 71B)
Class com.google.common.collect.ImmutableList$SubList                                 : loaded 2 times (x 204B)
Class org.gradle.util.internal.GUtil                                                  : loaded 2 times (x 67B)
Class com.google.common.util.concurrent.AbstractFuture$SetFuture                      : loaded 2 times (x 71B)
Class com.google.common.cache.AbstractCache$StatsCounter                              : loaded 2 times (x 66B)
Class com.google.common.collect.Iterators$MergingIterator                             : loaded 2 times (x 77B)
Class com.google.common.collect.RegularImmutableSet                                   : loaded 2 times (x 144B)
Class org.gradle.internal.installation.GradleInstallation                             : loaded 2 times (x 71B)
Class com.google.common.collect.Iterables                                             : loaded 2 times (x 67B)
Class com.google.common.base.Splitter$Strategy                                        : loaded 2 times (x 66B)

---------------  S Y S T E M  ---------------

OS:
 Windows 11 , 64 bit Build 26100 (10.0.26100.3775)
OS uptime: 7 days 2:12 hours
Hyper-V role detected

CPU: total 20 (initial active 20) (10 cores per cpu, 2 threads per core) family 6 model 154 stepping 3 microcode 0x429, cx8, cmov, fxsr, ht, mmx, 3dnowpref, sse, sse2, sse3, ssse3, sse4.1, sse4.2, popcnt, lzcnt, tsc, tscinvbit, avx, avx2, aes, erms, clmul, bmi1, bmi2, adx, sha, fma, vzeroupper, clflush, clflushopt, clwb, hv, serialize, rdtscp, rdpid, fsrm, f16c, cet_ibt, cet_ss
Processor Information for all 20 processors :
  Max Mhz: 2300, Current Mhz: 2300, Mhz Limit: 2300

Memory: 4k page, system-wide physical 15999M (736M free)
TotalPageFile size 59760M (AvailPageFile size 4M)
current process WorkingSet (physical memory assigned to process): 436M, peak: 436M
current process commit charge ("private bytes"): 486M, peak: 486M

vm_info: OpenJDK 64-Bit Server VM (21.0.4+-12508038-b607.1) for windows-amd64 JRE (21.0.4+-12508038-b607.1), built on 2024-10-16T17:23:34Z by "builder" with MS VC++ 16.10 / 16.11 (VS2019)

END.
