version 2
JvmtiExport can_access_local_variables 0
JvmtiExport can_hotswap_or_post_breakpoint 1
JvmtiExport can_post_on_exceptions 0
# 756 ciObject found
instanceKlass org/gradle/internal/instantiation/generator/AbstractClassGenerator
ciInstanceKlass java/util/zip/ZipFile$Source$Key 1 1 84 10 7 12 1 1 1 9 7 12 1 1 1 9 12 1 1 10 7 12 1 1 1 9 12 1 1 100 1 5 0 11 7 12 1 1 1 10 7 12 1 1 1 10 7 12 1 1 1 10 12 1 1 11 12 1 1 10 10 1 1 1 1 1 1 1 1 1 1 1 1 1 1 1 1 1 1 100 1 1 100 1 1 1
ciInstanceKlass java/util/SequencedSet 1 1 78 11 100 12 1 1 1 100 1 100 1 100 1 1 1 1 1 1 1 1 1 1 1 1 1 1 1 100 1 8 1 1 12 10 1 1 1 8 1 1 1 8 1 1 1 8 1 1 1 8 1 1 1 8 1 1 8 1 1 1 8 1 1 8 1 1 8 1 1 1 8 1 1 8 1 1 8 1
ciInstanceKlass java/util/LinkedHashSet 1 1 163 10 7 12 1 1 1 4 11 7 12 1 1 1 10 7 12 1 1 1 10 7 12 1 1 1 10 7 12 1 1 1 100 1 10 7 12 1 1 1 100 1 100 1 10 12 1 8 1 10 12 1 1 10 12 1 10 12 1 1 10 12 1 10 12 1 9 12 1 1 100 1 10 12 1 9 12 1 1 10 12 1 1 10 12 1 10 12 1 1 11 100 12 1 1 1 11 12 1 11 12 1 11 12 1 100 1 10 12 1 10 12 1 100 1 100 1 1 1 1 5 0 1 1 1 1 1 1 1 1 1 1 1 1 1 1 1 1 1 1 1 1 1 1 1 1 1 1 1 1 1 1 1 1 1 1 1 1 1 1 1 1 1
ciInstanceKlass java/util/SequencedMap 1 1 157 11 100 12 1 1 1 11 100 12 1 1 1 11 100 12 1 1 1 100 1 11 12 1 1 100 1 10 12 1 1 11 12 1 1 11 12 1 1 100 1 10 12 100 1 10 12 1 100 1 10 100 1 10 100 1 100 1 1 1 1 1 1 1 1 1 1 1 1 1 1 1 1 1 1 1 1 1 1 1 1 1 1 1 1 1 1 1 1 1 1 1 1 1 1 1 1 1 1 1 1 1 1 1 1 1 1 100 1 8 1 1 12 10 1 1 1 8 1 1 1 8 1 1 8 1 1 1 8 1 1 1 8 1 1 1 8 1 1 1 8 1 1 1 8 1 1 1 8 1 1 1 8 1 1 8 1
ciInstanceKlass java/util/LinkedHashMap 1 1 386 9 7 12 1 1 1 9 12 1 1 9 12 1 9 7 12 1 1 9 12 1 10 7 12 1 1 1 10 12 1 1 10 12 1 1 9 12 1 9 12 1 1 9 12 1 10 12 1 1 7 1 10 10 12 1 1 10 12 1 10 12 1 1 9 12 1 1 9 12 1 10 12 1 1 10 100 12 1 1 1 10 12 1 10 12 1 10 12 10 12 1 1 10 100 12 1 1 1 10 12 1 1 10 12 1 1 9 7 1 10 12 1 10 12 1 1 9 12 1 1 7 1 10 12 1 7 1 100 1 10 10 12 1 1 10 12 1 1 9 12 1 1 7 1 10 7 1 10 12 1 9 12 1 7 1 10 100 1 10 11 100 12 1 1 1 100 1 10 11 100 12 1 1 100 1 100 1 10 8 1 10 12 1 1 10 12 1 10 12 1 1 10 12 1 10 12 1 1 10 100 1 10 12 1 100 1 1 1 1 5 0 1 1 1 3 1 3 1 3 1 1 1 1 1 1 1 1 1 1 1 1 1 1 1 1 1 1 1 1 1 1 1 1 1 1 1 1 1 1 1 1 1 1 1 1 1 1 1 1 1 1 1 1 1 1 1 100 1 1 1 1 1 1 1 1 7 1 1 1 1 1 1 1 1 1 1 1 1 1 1 1 1 1 1 1 1 1 1 1 1 1 1 1 1 100 1 1 1 1 1 1 1 1 1 1 1 1 1 1 100 1 1 1 1 1 1 1 1 1 100 1 1 1 1 1 1 1 1 1 1 1 1 1 1 1 1 1 1 1 1 1 1 1 1 1 1 1 1 1 1 1 100 1 100 1 100 1 100 1 1 1 1 1 100 1 100 1 1 1 1 1 1 1 1 1
ciInstanceKlass java/util/Collections$UnmodifiableCollection$1 1 1 71 9 7 12 1 1 1 10 7 12 1 1 1 9 7 12 1 1 1 11 7 12 1 1 1 9 12 1 1 11 7 12 1 1 1 11 12 1 1 100 1 10 11 12 1 1 1 1 1 1 1 1 1 1 1 1 1 1 1 1 1 1 1 1 1 1 1 100 1 1 1
instanceKlass java/util/ArrayList$ListItr
ciInstanceKlass java/util/ArrayList$Itr 1 1 104 9 7 12 1 1 1 10 7 12 1 1 1 9 12 1 1 9 7 12 1 1 9 12 1 9 12 1 9 12 1 10 12 1 100 1 10 9 12 1 1 100 1 10 100 1 10 10 12 1 1 100 1 10 100 12 1 1 1 10 12 1 1 11 100 12 1 1 1 100 1 1 1 1 1 1 1 1 1 1 1 1 1 1 1 1 100 1 1 1 1 1 1 1 1 1 1 1 1 1 1 1 1 1
instanceKlass java/util/Collections$UnmodifiableList
instanceKlass java/util/Collections$UnmodifiableSet
ciInstanceKlass java/util/Collections$UnmodifiableCollection 1 1 136 10 7 12 1 1 1 100 1 10 9 7 12 1 1 1 11 7 12 1 1 1 11 12 1 1 11 12 1 1 11 12 1 1 11 12 1 11 12 1 11 12 1 1 7 1 10 12 1 100 1 10 11 12 1 1 11 12 1 1 11 12 1 1 11 12 1 1 11 12 1 100 1 1 1 1 5 0 1 1 1 1 1 1 1 1 1 1 1 1 1 1 1 1 1 1 1 1 1 1 1 1 1 1 1 1 1 1 1 1 1 1 1 1 1 1 1 1 1 1 1 1 1 1 1 1 1 1 1 1 1 1 100 1 1 1
ciInstanceKlass java/util/Queue 1 0 70 100 1 100 1 100 1 1 1 1 1 1 1 1 1 1 1 1 1 1 1 1 100 1 8 1 1 12 10 1 1 1 8 1 1 1 8 1 1 1 8 1 1 1 8 1 1 1 8 1 1 8 1 1 1 8 1 1 8 1 1 1 8 1 1 8 1 1 8 1
ciInstanceKlass java/util/Deque 1 1 101 10 100 12 1 1 1 11 100 12 1 1 1 100 1 100 1 100 1 1 1 1 1 1 1 1 1 1 1 1 1 1 1 1 1 1 1 1 1 1 1 1 1 1 1 1 1 1 1 1 1 1 1 1 1 1 1 1 1 1 1 1 1 1 1 1 1 1 1 1 1 100 1 8 1 1 12 10 1 1 1 8 1 1 1 8 1 1 1 8 1 1 8 1 1 1 8 1 1 8 1
ciInstanceKlass java/util/ArrayDeque 1 1 438 100 1 9 7 12 1 1 1 3 10 12 1 1 10 7 12 1 1 1 9 12 1 1 9 12 1 10 7 12 1 1 1 100 1 8 1 10 12 1 1 3 10 7 12 1 1 7 1 11 7 12 1 1 1 10 12 1 10 12 1 1 100 1 10 100 1 10 10 12 1 10 12 1 10 12 1 10 18 12 1 1 11 12 1 1 10 12 1 1 10 12 1 10 12 1 1 100 1 10 10 12 1 10 12 1 1 10 12 1 1 10 12 1 1 10 12 1 10 12 1 10 12 1 10 12 1 10 12 1 1 7 1 10 12 1 100 1 10 7 1 10 10 100 12 1 1 1 11 100 12 1 10 12 1 1 18 12 1 1 18 11 100 12 1 10 12 1 1 10 12 1 1 10 12 1 1 10 12 1 1 10 12 1 1 10 12 1 7 10 12 1 1 10 12 1 1 10 12 1 1 10 100 12 1 1 10 12 1 100 1 100 1 10 10 100 12 1 1 10 12 1 10 12 1 10 100 12 1 1 10 12 1 10 100 12 1 1 1 11 100 12 1 1 1 10 12 1 100 1 9 12 1 1 8 1 10 12 1 1 10 100 12 1 1 1 8 1 10 12 1 1 10 12 1 11 12 1 100 1 100 1 100 1 1 1 1 1 5 0 1 1 1 1 1 1 1 1 1 1 1 1 1 1 1 1 1 1 1 1 1 1 1 1 1 1 1 1 1 1 1 1 1 1 1 1 1 1 1 1 1 1 1 1 1 1 1 1 1 1 1 1 1 1 1 1 1 1 1 1 1 1 1 1 1 1 1 1 1 1 1 1 1 1 1 1 1 1 1 1 1 1 1 1 1 1 100 1 1 1 1 1 1 1 1 100 1 1 1 1 1 1 1 1 1 1 1 100 1 1 1 100 1 1 1 1 1 1 1 1 1 1 1 16 15 16 15 10 12 15 10 12 15 10 7 12 1 1 1 1 1 1 1 100 1 100 1 1
ciInstanceKlass java/util/HashMap$KeySet 1 1 129 9 7 12 1 1 1 10 7 12 1 1 1 9 7 12 1 1 1 10 12 1 7 1 10 12 1 10 12 1 1 10 12 1 1 10 12 1 1 7 1 10 12 1 7 1 10 12 1 1 10 12 1 100 1 10 9 12 1 1 9 12 1 9 100 12 1 1 1 11 100 12 1 1 1 9 12 1 1 100 1 10 1 1 1 1 1 1 1 1 1 1 1 1 1 1 1 1 1 1 1 1 1 1 1 1 1 1 1 1 1 1 1 1 1 1 1 1 100 1 1 1 1 1 1 1 1 1 1
ciInstanceKlass java/util/HashMap$KeyIterator 1 1 45 10 7 12 1 1 1 10 7 12 1 1 1 9 7 12 1 1 1 100 1 1 1 1 1 1 1 1 1 1 1 1 1 1 1 1 1 1 1 100 1 1 1 1 1
ciInstanceKlass java/lang/Void 1 1 31 10 100 12 1 1 1 8 1 10 7 12 1 1 1 9 7 12 1 1 1 1 1 1 1 1 1 1 1 1 1
staticfield java/lang/Void TYPE Ljava/lang/Class; java/lang/Class
instanceKlass kotlin/reflect/jvm/internal/impl/serialization/deserialization/descriptors/DeserializedAnnotations
instanceKlass com/android/build/gradle/internal/tasks/BuildAnalyzer
instanceKlass org/gradle/api/internal/tasks/DefaultTaskCollection$1$2$1
instanceKlass com/google/common/collect/Iterators$ConcatenatedIterator
instanceKlass org/gradle/api/internal/tasks/DefaultTaskCollection$1$2
instanceKlass org/gradle/api/internal/tasks/DefaultTaskCollection$1$1
instanceKlass org/gradle/api/internal/tasks/DefaultTaskCollection$1
instanceKlass org/gradle/kotlin/dsl/provider/plugins/DefaultProjectSchemaProviderKt$targetSchemaFor$collectSchemaOf$2$plugin$1
instanceKlass org/gradle/kotlin/dsl/provider/plugins/DefaultProjectSchemaProviderKt$accessibleConventionsSchema$1
instanceKlass org/gradle/kotlin/dsl/provider/plugins/DefaultProjectSchemaProviderKt$targetSchemaFor$collectSchemaOf$plugins$1
# instanceKlass com/google/gms/googleservices/GoogleServicesPlugin$GoogleServicesPluginConfig_Decorated$$Lambda+0x0000000100d12d08
instanceKlass  @bci org/gradle/api/internal/FactoryNamedDomainObjectContainer_Decorated getConventionWhileDisabledDeprecationLogger ()Lorg/gradle/api/plugins/Convention; 1 <appendix> member <vmtarget> ; # org/gradle/api/internal/FactoryNamedDomainObjectContainer_Decorated$$Lambda+0x0000000100d24a48
# instanceKlass com/android/build/gradle/internal/plugins/AppPlugin$ApplicationAndroidComponentsExtensionImplCompat_Decorated$$Lambda+0x0000000100d12ad0
# instanceKlass com/android/build/gradle/internal/dsl/BaseAppModuleExtension_Decorated$$Lambda+0x0000000100d12898
# instanceKlass org/gradle/api/plugins/internal/DefaultJavaPluginExtension_Decorated$$Lambda+0x0000000100d05100
# instanceKlass org/gradle/jvm/toolchain/internal/DefaultJavaToolchainService_Decorated$$Lambda+0x0000000100d04ec8
# instanceKlass org/gradle/api/reporting/ReportingExtension_Decorated$$Lambda+0x0000000100d04c90
instanceKlass org/gradle/api/internal/DefaultNamedDomainObjectCollection$1$1
instanceKlass org/gradle/api/internal/DefaultNamedDomainObjectCollection$1
instanceKlass  @bci org/gradle/api/internal/tasks/DefaultSourceSetContainer_Decorated getConventionWhileDisabledDeprecationLogger ()Lorg/gradle/api/plugins/Convention; 1 <appendix> member <vmtarget> ; # org/gradle/api/internal/tasks/DefaultSourceSetContainer_Decorated$$Lambda+0x0000000100d04a58
# instanceKlass org/gradle/api/internal/plugins/DefaultArtifactPublicationSet_Decorated$$Lambda+0x0000000100c6bdb0
# instanceKlass org/gradle/api/plugins/internal/DefaultBasePluginExtension_Decorated$$Lambda+0x0000000100c6bb78
# instanceKlass org/gradle/api/internal/catalog/DefaultDependenciesAccessors$DefaultVersionCatalogsExtension_Decorated$$Lambda+0x0000000100c6b940
# instanceKlass org/gradle/accessors/dm/LibrariesForLibs_Decorated$$Lambda+0x0000000100a533d0
instanceKlass kotlin/reflect/jvm/internal/impl/load/kotlin/KotlinClassFinderKt
instanceKlass kotlin/reflect/jvm/internal/impl/protobuf/SmallSortedMap$EntryIterator
instanceKlass kotlin/reflect/jvm/internal/impl/protobuf/GeneratedMessageLite$ExtendableMessage$ExtensionWriter
instanceKlass kotlin/reflect/jvm/internal/impl/serialization/deserialization/descriptors/DeserializedMemberScope$OptimizedImplementation
instanceKlass kotlin/reflect/jvm/internal/impl/serialization/deserialization/descriptors/DeserializedMemberScope$Implementation
instanceKlass kotlin/reflect/jvm/internal/impl/load/java/structure/JavaTypeParameter
instanceKlass kotlin/reflect/jvm/internal/impl/serialization/deserialization/ProtoContainer
instanceKlass kotlin/reflect/jvm/internal/impl/metadata/deserialization/VersionSpecificBehaviorKt
instanceKlass kotlin/reflect/jvm/internal/impl/serialization/deserialization/ProtoEnumFlagsUtilsKt$WhenMappings
instanceKlass kotlin/reflect/jvm/internal/impl/serialization/deserialization/ProtoEnumFlagsUtilsKt
instanceKlass kotlin/reflect/jvm/internal/impl/serialization/deserialization/ProtoEnumFlags$WhenMappings
instanceKlass kotlin/reflect/jvm/internal/impl/metadata/ProtoBuf$MemberKind$1
instanceKlass kotlin/reflect/jvm/internal/impl/metadata/ProtoBuf$Class$Kind$1
instanceKlass kotlin/reflect/jvm/internal/impl/metadata/ProtoBuf$Modality$1
instanceKlass kotlin/reflect/jvm/internal/impl/metadata/ProtoBuf$Visibility$1
instanceKlass kotlin/reflect/jvm/internal/impl/metadata/deserialization/Flags$FlagField
instanceKlass kotlin/reflect/jvm/internal/impl/metadata/deserialization/Flags
instanceKlass kotlin/reflect/jvm/internal/impl/serialization/deserialization/ProtoEnumFlags
instanceKlass kotlin/reflect/jvm/internal/impl/metadata/jvm/deserialization/JvmNameResolverBase$WhenMappings
instanceKlass kotlin/reflect/jvm/internal/impl/serialization/deserialization/NameResolverUtilKt
instanceKlass kotlin/reflect/jvm/internal/impl/descriptors/DeserializedDescriptor
instanceKlass kotlin/reflect/jvm/internal/impl/serialization/deserialization/MemberDeserializer
instanceKlass kotlin/reflect/jvm/internal/impl/serialization/deserialization/TypeDeserializer
instanceKlass kotlin/reflect/jvm/internal/impl/serialization/deserialization/DeserializationContext
instanceKlass kotlin/reflect/jvm/internal/impl/metadata/deserialization/VersionRequirementTable$Companion
instanceKlass kotlin/reflect/jvm/internal/impl/metadata/deserialization/VersionRequirementTable
instanceKlass kotlin/reflect/jvm/internal/impl/metadata/deserialization/TypeTable
instanceKlass kotlin/reflect/jvm/internal/impl/serialization/deserialization/ClassDeserializer$ClassKey
instanceKlass kotlin/reflect/jvm/internal/impl/serialization/deserialization/ClassData
instanceKlass kotlin/reflect/jvm/internal/impl/load/kotlin/KotlinJvmBinarySourceElement
instanceKlass kotlin/reflect/jvm/internal/impl/serialization/deserialization/descriptors/DeserializedContainerSource
instanceKlass kotlin/reflect/jvm/internal/impl/protobuf/SmallSortedMap$Entry
instanceKlass kotlin/reflect/jvm/internal/impl/protobuf/FieldSet$1
instanceKlass kotlin/reflect/jvm/internal/impl/protobuf/AbstractMessageLite$Builder
instanceKlass kotlin/reflect/jvm/internal/impl/protobuf/GeneratedMessageLite$1
instanceKlass kotlin/reflect/jvm/internal/impl/metadata/ProtoBuf$Type$Argument$Projection$1
instanceKlass kotlin/reflect/jvm/internal/impl/metadata/ProtoBuf$Type$ArgumentOrBuilder
instanceKlass kotlin/reflect/jvm/internal/impl/metadata/jvm/deserialization/JvmNameResolverKt
instanceKlass kotlin/reflect/jvm/internal/impl/metadata/jvm/JvmProtoBuf$StringTableTypes$Record$Operation$1
instanceKlass kotlin/reflect/jvm/internal/impl/metadata/jvm/JvmProtoBuf$StringTableTypes$RecordOrBuilder
instanceKlass kotlin/reflect/jvm/internal/impl/protobuf/WireFormat
instanceKlass kotlin/reflect/jvm/internal/impl/protobuf/CodedOutputStream
instanceKlass kotlin/reflect/jvm/internal/impl/protobuf/CodedInputStream
instanceKlass kotlin/reflect/jvm/internal/impl/metadata/jvm/JvmProtoBuf$StringTableTypesOrBuilder
instanceKlass kotlin/collections/IndexedValue
instanceKlass kotlin/collections/IndexingIterator
instanceKlass kotlin/collections/IndexingIterable
instanceKlass kotlin/reflect/jvm/internal/impl/metadata/jvm/deserialization/JvmNameResolverBase$Companion
instanceKlass kotlin/reflect/jvm/internal/impl/metadata/jvm/deserialization/JvmNameResolverBase
instanceKlass kotlin/reflect/jvm/internal/impl/metadata/deserialization/NameResolver
instanceKlass kotlin/reflect/jvm/internal/impl/metadata/jvm/deserialization/UtfEncodingKt
instanceKlass kotlin/reflect/jvm/internal/impl/metadata/jvm/deserialization/BitEncoding
instanceKlass kotlin/reflect/jvm/internal/impl/load/kotlin/KotlinClassFinder$Result
instanceKlass kotlin/reflect/jvm/internal/impl/load/kotlin/header/KotlinClassHeader
instanceKlass kotlin/reflect/jvm/internal/impl/load/kotlin/header/ReadKotlinClassHeaderAnnotationVisitor$CollectStringArrayAnnotationVisitor
instanceKlass kotlin/reflect/jvm/internal/impl/descriptors/runtime/components/ReflectKotlinClassKt
instanceKlass kotlin/reflect/jvm/internal/impl/load/kotlin/KotlinJvmBinaryClass$AnnotationArrayArgumentVisitor
instanceKlass kotlin/reflect/jvm/internal/impl/load/kotlin/header/ReadKotlinClassHeaderAnnotationVisitor$KotlinMetadataArgumentVisitor
instanceKlass java/lang/Override
instanceKlass kotlin/reflect/jvm/internal/impl/resolve/jvm/JvmClassName
instanceKlass kotlin/reflect/jvm/internal/impl/load/java/JvmAnnotationNames
instanceKlass kotlin/reflect/jvm/internal/impl/descriptors/runtime/components/ReflectAnnotationSource
instanceKlass  @bci com/google/gms/googleservices/GoogleServicesPlugin apply (Lorg/gradle/api/Project;)V 135 <appendix> member <vmtarget> ; # com/google/gms/googleservices/GoogleServicesPlugin$$Lambda+0x0000000100d12660
instanceKlass  @bci com/google/gms/googleservices/GoogleServicesPlugin apply (Lorg/gradle/api/Project;)V 112 <appendix> member <vmtarget> ; # com/google/gms/googleservices/GoogleServicesPlugin$$Lambda+0x0000000100d121d0
instanceKlass com/android/build/api/extension/impl/OperationsRegistrar$Operation
instanceKlass com/android/build/api/extension/impl/AndroidComponentsExtensionImpl$onVariants$1
# instanceKlass com/android/build/api/extension/impl/VariantSelectorImpl_Decorated$$Lambda+0x0000000100d118e8
instanceKlass com/android/build/api/variant/AndroidComponentsExtension$DefaultImpls
instanceKlass  @bci com/google/gms/googleservices/GoogleServicesPlugin$apply$2 invoke (Lorg/gradle/api/plugins/AppliedPlugin;)V 37 <appendix> member <vmtarget> ; # com/google/gms/googleservices/GoogleServicesPlugin$apply$2$$Lambda+0x0000000100d10db0
instanceKlass  @bci com/google/gms/googleservices/GoogleServicesPlugin apply (Lorg/gradle/api/Project;)V 81 <appendix> member <vmtarget> ; # com/google/gms/googleservices/GoogleServicesPlugin$$Lambda+0x0000000100d10920
instanceKlass kotlin/jvm/internal/Ref$BooleanRef
instanceKlass  @bci com/google/gms/googleservices/GoogleServicesPlugin apply (Lorg/gradle/api/Project;)V 42 <appendix> member <vmtarget> ; # com/google/gms/googleservices/GoogleServicesPlugin$$Lambda+0x0000000100d10490
instanceKlass  @bci com/google/gms/googleservices/GoogleServicesPlugin$GoogleServicesPluginConfig_Decorated $gradleInit ()V 1 <appendix> member <vmtarget> ; # com/google/gms/googleservices/GoogleServicesPlugin$GoogleServicesPluginConfig_Decorated$$Lambda+0x0000000100d10000
instanceKlass org/gradle/launcher/daemon/server/DaemonRegistryUnavailableExpirationStrategy$1
instanceKlass  @bci org/gradle/launcher/daemon/server/CompatibleDaemonExpirationStrategy checkExpiration ()Lorg/gradle/launcher/daemon/server/expiry/DaemonExpirationResult; 13 <appendix> member <vmtarget> ; # org/gradle/launcher/daemon/server/CompatibleDaemonExpirationStrategy$$Lambda+0x0000000100d0c6c0
instanceKlass  @bci org/gradle/cache/internal/FileBackedObjectHolder get ()Ljava/lang/Object; 5 <appendix> member <vmtarget> ; # org/gradle/cache/internal/FileBackedObjectHolder$$Lambda+0x0000000100d0c488
instanceKlass org/gradle/launcher/daemon/registry/PersistentDaemonRegistry$1
instanceKlass org/gradle/launcher/daemon/server/health/gc/GarbageCollectionStats
instanceKlass java/util/concurrent/LinkedBlockingDeque$AbstractItr
instanceKlass org/gradle/api/internal/plugins/DefaultAppliedPlugin
instanceKlass com/android/build/gradle/api/AndroidBasePlugin
instanceKlass com/android/build/gradle/internal/crash/CrashReporting$afterEvaluate$1
instanceKlass com/android/build/gradle/internal/plugins/BasePlugin$createTasks$2
instanceKlass com/android/build/gradle/internal/TaskManager$Companion$createTasksBeforeEvaluate$9
instanceKlass com/android/build/gradle/internal/TaskManager$Companion$createTasksBeforeEvaluate$8
instanceKlass com/android/build/gradle/internal/lint/AndroidLintGlobalTask$UpdateBaselineCreationAction$Companion
instanceKlass com/android/build/gradle/internal/lint/LintTaskManager$createBeforeEvaluateLintTasks$1
instanceKlass com/android/build/gradle/internal/lint/AndroidLintGlobalTask$GlobalCreationAction$Companion
instanceKlass com/android/build/gradle/internal/lint/AndroidLintGlobalTask$LintFixCreationAction$Companion
instanceKlass com/android/build/gradle/internal/lint/LintTaskManager$Companion
instanceKlass com/android/build/gradle/internal/lint/LintTaskManager
instanceKlass com/android/build/gradle/internal/TaskManager$Companion$createTasksBeforeEvaluate$6
instanceKlass com/android/build/gradle/internal/TaskManager$Companion$createTasksBeforeEvaluate$5
instanceKlass com/android/build/gradle/internal/TaskManager$Companion$createTasksBeforeEvaluate$4
instanceKlass com/android/build/api/artifact/impl/SingleInitialProviderRequestImpl$on$2
instanceKlass com/android/build/api/artifact/impl/SingleInitialProviderRequestImpl$on$1
instanceKlass com/android/build/api/artifact/impl/ArtifactNamingContext
instanceKlass com/android/build/api/artifact/impl/SinglePropertyAdapter
instanceKlass com/android/build/api/artifact/impl/PropertyAdapter
instanceKlass com/android/build/api/artifact/impl/ArtifactContainer
instanceKlass com/android/build/api/artifact/impl/SingleInitialProviderRequestImpl
instanceKlass com/android/build/gradle/internal/tasks/factory/TaskConfigurationActions
instanceKlass com/android/build/gradle/internal/tasks/factory/TaskFactoryUtils
instanceKlass com/android/build/gradle/internal/tasks/UsesAnalytics
instanceKlass com/android/build/gradle/internal/tasks/GlobalTask
instanceKlass com/android/build/gradle/internal/tasks/factory/TaskCreationAction
instanceKlass com/android/build/gradle/internal/tasks/factory/TaskConfigAction
instanceKlass com/android/build/gradle/internal/tasks/factory/TaskProviderCallback
instanceKlass com/android/build/gradle/internal/tasks/factory/PreConfigAction
instanceKlass com/android/build/gradle/internal/tasks/factory/TaskInformation
instanceKlass com/android/build/gradle/internal/TaskManager$Companion$createTasksBeforeEvaluate$3
instanceKlass com/android/build/gradle/internal/TaskManager$Companion$createTasksBeforeEvaluate$2
instanceKlass com/android/build/gradle/internal/TaskManager$Companion$createTasksBeforeEvaluate$1
instanceKlass com/android/build/gradle/internal/tasks/factory/TaskFactoryImpl
instanceKlass com/android/build/gradle/internal/tasks/factory/TaskFactory
instanceKlass com/android/build/gradle/internal/services/TaskCreationServices
instanceKlass com/android/build/gradle/internal/services/VariantServices
instanceKlass com/android/build/gradle/internal/services/VariantBuilderServices
instanceKlass com/android/build/gradle/internal/api/ReadOnlyObjectProvider
instanceKlass com/android/build/gradle/internal/api/VariantFilter
instanceKlass com/android/build/gradle/options/SigningOptions
instanceKlass com/android/build/gradle/internal/tasks/SigningConfigUtils$Companion
instanceKlass com/android/build/gradle/internal/tasks/SigningConfigUtils
instanceKlass com/android/build/gradle/internal/VariantManager$Companion
instanceKlass com/android/build/gradle/internal/TaskManager$Companion
instanceKlass com/android/build/gradle/internal/plugins/BasePlugin$createTasks$1
instanceKlass com/android/build/gradle/internal/plugins/AndroidPluginBaseServices$basePluginApply$4
instanceKlass  @bci com/android/build/gradle/internal/dsl/BuildType$AgpDecorated_Decorated $gradleInit ()V 1 <appendix> member <vmtarget> ; # com/android/build/gradle/internal/dsl/BuildType$AgpDecorated_Decorated$$Lambda+0x0000000100cf83e8
instanceKlass org/gradle/testing/jacoco/plugins/JacocoPlugin
instanceKlass  @bci com/android/build/gradle/internal/dsl/VcsInfoImpl$AgpDecorated_Decorated $gradleInit ()V 1 <appendix> member <vmtarget> ; # com/android/build/gradle/internal/dsl/VcsInfoImpl$AgpDecorated_Decorated$$Lambda+0x0000000100cf7d78
instanceKlass  @bci com/android/build/gradle/internal/dsl/AndroidTestImpl$AgpDecorated_Decorated $gradleInit ()V 1 <appendix> member <vmtarget> ; # com/android/build/gradle/internal/dsl/AndroidTestImpl$AgpDecorated_Decorated$$Lambda+0x0000000100cf78d8
instanceKlass  @bci com/android/build/gradle/internal/dsl/PostProcessingBlock_Decorated $gradleInit ()V 1 <appendix> member <vmtarget> ; # com/android/build/gradle/internal/dsl/PostProcessingBlock_Decorated$$Lambda+0x0000000100cf7058
instanceKlass com/google/common/base/Joiner
instanceKlass com/android/utils/FileUtils
instanceKlass com/android/build/api/artifact/Artifact$Replaceable
instanceKlass  @bci com/android/build/gradle/ProguardFiles <clinit> ()V 6 <appendix> argL0 ; # com/android/build/gradle/ProguardFiles$$Lambda+0x0000000100cf5e70
instanceKlass com/android/build/gradle/ProguardFiles
instanceKlass com/android/builder/core/AbstractBuildType$Companion
instanceKlass com/android/build/gradle/internal/dsl/BuildType$Companion
instanceKlass org/codehaus/groovy/util/ReleaseInfo
instanceKlass sun/reflect/annotation/AnnotationInvocationHandler$1
instanceKlass com/android/build/gradle/internal/dsl/PostProcessingBlock
instanceKlass com/android/build/api/dsl/PostProcessing
instanceKlass com/android/build/gradle/internal/ProguardFilesProvider
instanceKlass  @bci com/android/build/gradle/internal/dsl/SigningConfig$AgpDecorated_Decorated $gradleInit ()V 1 <appendix> member <vmtarget> ; # com/android/build/gradle/internal/dsl/SigningConfig$AgpDecorated_Decorated$$Lambda+0x0000000100cf2638
instanceKlass com/android/builder/signing/DefaultSigningConfig$Companion
instanceKlass com/android/builder/signing/DefaultSigningConfig$DebugSigningConfig
instanceKlass com/android/build/gradle/internal/ide/v2/NativeModelBuilder$ops$1
instanceKlass com/android/build/gradle/internal/ide/v2/NativeModelBuilder
instanceKlass com/android/build/gradle/internal/ide/v2/ModelBuilder$Companion
instanceKlass com/android/build/gradle/internal/ide/v2/ModelBuilder
instanceKlass com/android/build/gradle/internal/variant/VariantModelImpl
instanceKlass com/android/build/gradle/internal/tasks/factory/GlobalTaskNamesImpl
instanceKlass com/android/build/gradle/internal/tasks/factory/GlobalTaskNames
instanceKlass kotlin/jvm/internal/AdaptedFunctionReference
instanceKlass com/android/build/api/artifact/impl/ScopedArtifactsImpl
instanceKlass com/android/build/api/variant/ScopedArtifacts
instanceKlass com/android/build/api/variant/impl/DeferredActionManager
instanceKlass com/android/build/api/artifact/impl/TypedStorageProvider
instanceKlass com/android/build/api/artifact/impl/StorageProviderImpl
instanceKlass com/android/build/api/artifact/impl/ArtifactsImpl
instanceKlass com/android/build/api/artifact/Artifacts
instanceKlass com/android/build/gradle/internal/core/ToolExecutionOptions
instanceKlass com/android/build/gradle/internal/core/ExecutionProfileOptions
instanceKlass com/android/build/gradle/internal/core/SettingsOptionsKt
instanceKlass  @bci com/android/build/gradle/internal/services/FakeDependencyJarBuildService$Inject $gradleInit ()V 1 <appendix> member <vmtarget> ; # com/android/build/gradle/internal/services/FakeDependencyJarBuildService$Inject$$Lambda+0x0000000100ceac00
instanceKlass  @bci com/android/build/gradle/internal/services/FakeDependencyJarBuildService$FakeDependencyJarCreator$Inject $gradleInit ()V 1 <appendix> member <vmtarget> ; # com/android/build/gradle/internal/services/FakeDependencyJarBuildService$FakeDependencyJarCreator$Inject$$Lambda+0x0000000100cea9c8
instanceKlass  @bci com/android/build/gradle/internal/services/FakeDependencyJarBuildService$FakeDependencyJarCreator$Params$Inject $gradleInit ()V 1 <appendix> member <vmtarget> ; # com/android/build/gradle/internal/services/FakeDependencyJarBuildService$FakeDependencyJarCreator$Params$Inject$$Lambda+0x0000000100cea438
instanceKlass com/android/build/gradle/internal/services/FakeDependencyJarBuildService$FakeDependencyJarCreator$Params$Inject
instanceKlass kotlin/text/CharsKt__CharJVMKt
instanceKlass  @bci com/android/build/gradle/internal/services/FakeDependencyJarBuildService$FakeDependencyJarCreator$Params_Decorated $gradleInit ()V 1 <appendix> member <vmtarget> ; # com/android/build/gradle/internal/services/FakeDependencyJarBuildService$FakeDependencyJarCreator$Params_Decorated$$Lambda+0x0000000100ce9ec0
instanceKlass com/android/build/gradle/internal/services/FakeDependencyJarBuildService$FakeDependencyJarCreator$Params_Decorated
instanceKlass com/android/build/gradle/internal/services/FakeDependencyJarBuildService$FakeDependencyJarCreator$Params
instanceKlass com/android/build/gradle/internal/services/FakeDependencyJarBuildService$lazyCachedFakeJar$1
instanceKlass com/android/build/gradle/internal/services/FakeDependencyJarBuildService$FakeDependencyJarCreator
instanceKlass  @bci com/android/build/gradle/internal/services/FakeDependencyJarBuildService$Params$Inject $gradleInit ()V 1 <appendix> member <vmtarget> ; # com/android/build/gradle/internal/services/FakeDependencyJarBuildService$Params$Inject$$Lambda+0x0000000100ce8eb0
instanceKlass com/android/build/gradle/internal/services/FakeDependencyJarBuildService$Params$Inject
instanceKlass com/android/build/gradle/internal/tasks/factory/GlobalTaskCreationConfigImpl$Companion
instanceKlass org/gradle/api/reflect/TypeOf$3
instanceKlass  @bci com/android/build/gradle/internal/plugins/AppPlugin$ApplicationAndroidComponentsExtensionImplCompat_Decorated $gradleInit ()V 1 <appendix> member <vmtarget> ; # com/android/build/gradle/internal/plugins/AppPlugin$ApplicationAndroidComponentsExtensionImplCompat_Decorated$$Lambda+0x0000000100ce84d8
# instanceKlass java/lang/invoke/LambdaForm$MH+0x0000000100cec400
# instanceKlass java/lang/invoke/LambdaForm$MH+0x0000000100cec000
# instanceKlass java/lang/invoke/LambdaForm$MH+0x0000000100ce6400
instanceKlass com/android/build/api/variant/DslExtension
instanceKlass com/android/build/api/AndroidPluginVersion
instanceKlass com/android/build/gradle/internal/core/dsl/impl/features/DeviceTestOptionsDslInfoImpl
instanceKlass com/android/build/gradle/internal/core/dsl/features/DeviceTestOptionsDslInfo
instanceKlass com/android/build/gradle/internal/core/dsl/features/TestOptionsDslInfo
instanceKlass  @bci com/android/build/gradle/internal/dsl/SdkComponentsImpl_Decorated $gradleInit ()V 1 <appendix> member <vmtarget> ; # com/android/build/gradle/internal/dsl/SdkComponentsImpl_Decorated$$Lambda+0x0000000100ce7920
instanceKlass com/android/build/gradle/internal/dsl/SdkComponentsImpl$adb$1
instanceKlass com/android/build/gradle/internal/dsl/SdkComponentsImpl$sdkDirectory$1
# instanceKlass java/lang/invoke/LambdaForm$MH+0x0000000100ce6000
# instanceKlass java/lang/invoke/LambdaForm$MH+0x0000000100ce5c00
# instanceKlass java/lang/invoke/LambdaForm$MH+0x0000000100ce5800
instanceKlass com/android/build/api/variant/Aidl
instanceKlass  @bci com/android/build/gradle/internal/plugins/AppPlugin createComponentExtension (Lcom/android/build/gradle/internal/services/DslServices;Lcom/android/build/api/extension/impl/VariantApiOperationsRegistrar;Lcom/android/build/gradle/internal/tasks/factory/BootClasspathConfig;)Lcom/android/build/api/variant/ApplicationAndroidComponentsExtension; 129 <appendix> member <vmtarget> ; # com/android/build/gradle/internal/plugins/AppPlugin$$Lambda+0x0000000100ce3708
instanceKlass  @bci com/android/build/gradle/internal/plugins/AppPlugin createComponentExtension (Lcom/android/build/gradle/internal/services/DslServices;Lcom/android/build/api/extension/impl/VariantApiOperationsRegistrar;Lcom/android/build/gradle/internal/tasks/factory/BootClasspathConfig;)Lcom/android/build/api/variant/ApplicationAndroidComponentsExtension; 106 <appendix> member <vmtarget> ; # com/android/build/gradle/internal/plugins/AppPlugin$$Lambda+0x0000000100ce34d0
instanceKlass  @bci com/android/build/gradle/internal/plugins/AppPlugin createComponentExtension (Lcom/android/build/gradle/internal/services/DslServices;Lcom/android/build/api/extension/impl/VariantApiOperationsRegistrar;Lcom/android/build/gradle/internal/tasks/factory/BootClasspathConfig;)Lcom/android/build/api/variant/ApplicationAndroidComponentsExtension; 80 <appendix> member <vmtarget> ; # com/android/build/gradle/internal/plugins/AppPlugin$$Lambda+0x0000000100ce3298
instanceKlass  @bci com/android/build/gradle/internal/plugins/AppPlugin createComponentExtension (Lcom/android/build/gradle/internal/services/DslServices;Lcom/android/build/api/extension/impl/VariantApiOperationsRegistrar;Lcom/android/build/gradle/internal/tasks/factory/BootClasspathConfig;)Lcom/android/build/api/variant/ApplicationAndroidComponentsExtension; 54 <appendix> member <vmtarget> ; # com/android/build/gradle/internal/plugins/AppPlugin$$Lambda+0x0000000100ce3060
instanceKlass  @bci com/android/build/gradle/internal/plugins/AppPlugin createComponentExtension (Lcom/android/build/gradle/internal/services/DslServices;Lcom/android/build/api/extension/impl/VariantApiOperationsRegistrar;Lcom/android/build/gradle/internal/tasks/factory/BootClasspathConfig;)Lcom/android/build/api/variant/ApplicationAndroidComponentsExtension; 28 <appendix> member <vmtarget> ; # com/android/build/gradle/internal/plugins/AppPlugin$$Lambda+0x0000000100ce2e28
instanceKlass com/android/build/gradle/internal/dsl/SdkComponentsImpl
instanceKlass com/android/build/api/extension/impl/VariantSelectorImpl
instanceKlass com/android/build/api/variant/VariantSelector
instanceKlass com/android/build/api/extension/impl/OperationsRegistrar
instanceKlass  @bci com/android/build/gradle/internal/dsl/BaseAppModuleExtension_Decorated $gradleInit ()V 1 <appendix> member <vmtarget> ; # com/android/build/gradle/internal/dsl/BaseAppModuleExtension_Decorated$$Lambda+0x0000000100ce2280
# instanceKlass java/lang/invoke/LambdaForm$MH+0x0000000100ce5400
instanceKlass  @bci com/android/build/gradle/internal/dsl/DexOptions_Decorated $gradleInit ()V 1 <appendix> member <vmtarget> ; # com/android/build/gradle/internal/dsl/DexOptions_Decorated$$Lambda+0x0000000100ce2048
# instanceKlass java/lang/invoke/LambdaForm$MH+0x0000000100ce5000
# instanceKlass java/lang/invoke/LambdaForm$MH+0x0000000100ce4c00
# instanceKlass java/lang/invoke/LambdaForm$MH+0x0000000100ce4800
# instanceKlass java/lang/invoke/LambdaForm$MH+0x0000000100ce4400
# instanceKlass java/lang/invoke/LambdaForm$MH+0x0000000100ce4000
instanceKlass com/android/build/api/variant/VariantFilter
instanceKlass com/android/builder/core/LibraryRequest
instanceKlass com/android/build/gradle/api/ApplicationVariant
instanceKlass com/android/build/gradle/internal/api/TestedVariant
instanceKlass com/android/build/api/transform/Transform
instanceKlass com/android/builder/testing/api/TestServer
instanceKlass com/android/builder/testing/api/DeviceProvider
instanceKlass com/android/builder/core/DefaultDexOptions
instanceKlass com/android/builder/core/DexOptions
instanceKlass com/android/build/gradle/api/TestVariant
instanceKlass com/android/build/gradle/api/ApkVariant
instanceKlass com/android/build/gradle/api/AndroidArtifactVariant
instanceKlass com/android/build/gradle/api/VersionedVariant
instanceKlass com/android/build/gradle/api/InstallableVariant
instanceKlass com/android/build/gradle/api/UnitTestVariant
instanceKlass com/android/build/gradle/internal/core/InternalBaseVariant
instanceKlass com/android/build/gradle/api/BaseVariant
instanceKlass  @bci com/android/build/gradle/internal/dsl/ApplicationExtensionImpl$AgpDecorated_Decorated $gradleInit ()V 1 <appendix> member <vmtarget> ; # com/android/build/gradle/internal/dsl/ApplicationExtensionImpl$AgpDecorated_Decorated$$Lambda+0x0000000100cdcfc0
instanceKlass  @bci com/android/build/gradle/internal/dsl/LintImpl$AgpDecorated_Decorated $gradleInit ()V 1 <appendix> member <vmtarget> ; # com/android/build/gradle/internal/dsl/LintImpl$AgpDecorated_Decorated$$Lambda+0x0000000100cdcd88
instanceKlass com/android/tools/lint/model/LintModelSeverity$Companion
instanceKlass  @bci com/android/build/gradle/internal/dsl/PackagingOptions$AgpDecorated_Decorated $gradleInit ()V 1 <appendix> member <vmtarget> ; # com/android/build/gradle/internal/dsl/PackagingOptions$AgpDecorated_Decorated$$Lambda+0x0000000100cdae18
instanceKlass  @bci com/android/build/gradle/internal/dsl/JniLibsPackagingImpl$AgpDecorated_Decorated $gradleInit ()V 1 <appendix> member <vmtarget> ; # com/android/build/gradle/internal/dsl/JniLibsPackagingImpl$AgpDecorated_Decorated$$Lambda+0x0000000100cdabe0
instanceKlass  @bci com/android/build/gradle/internal/dsl/DexPackagingImpl$AgpDecorated_Decorated $gradleInit ()V 1 <appendix> member <vmtarget> ; # com/android/build/gradle/internal/dsl/DexPackagingImpl$AgpDecorated_Decorated$$Lambda+0x0000000100cda290
instanceKlass com/android/build/gradle/internal/dsl/DexPackagingImpl$AgpDecorated
instanceKlass  @bci com/android/build/gradle/internal/dsl/ResourcesPackagingImpl$AgpDecorated_Decorated $gradleInit ()V 1 <appendix> member <vmtarget> ; # com/android/build/gradle/internal/dsl/ResourcesPackagingImpl$AgpDecorated_Decorated$$Lambda+0x0000000100cd99e8
instanceKlass com/android/build/gradle/internal/dsl/decorator/LockableSet$LockableIterator
instanceKlass kotlin/jvm/internal/markers/KMutableIterator
instanceKlass com/android/build/gradle/internal/packaging/PackagingOptionsUtilsKt
instanceKlass  @bci com/android/build/gradle/internal/dsl/DependenciesInfoImpl$AgpDecorated_Decorated $gradleInit ()V 1 <appendix> member <vmtarget> ; # com/android/build/gradle/internal/dsl/DependenciesInfoImpl$AgpDecorated_Decorated$$Lambda+0x0000000100cd8410
instanceKlass  @bci com/android/build/gradle/internal/dsl/ApplicationPublishingImpl$AgpDecorated_Decorated $gradleInit ()V 1 <appendix> member <vmtarget> ; # com/android/build/gradle/internal/dsl/ApplicationPublishingImpl$AgpDecorated_Decorated$$Lambda+0x0000000100cd7b38
instanceKlass com/android/build/api/dsl/SingleVariant
instanceKlass com/android/build/api/dsl/PublishingOptions
instanceKlass  @bci com/android/build/gradle/internal/dsl/PrivacySandboxImpl$AgpDecorated_Decorated $gradleInit ()V 1 <appendix> member <vmtarget> ; # com/android/build/gradle/internal/dsl/PrivacySandboxImpl$AgpDecorated_Decorated$$Lambda+0x0000000100cd6e40
instanceKlass  @bci com/android/build/gradle/internal/dsl/BundleOptions$AgpDecorated_Decorated $gradleInit ()V 1 <appendix> member <vmtarget> ; # com/android/build/gradle/internal/dsl/BundleOptions$AgpDecorated_Decorated$$Lambda+0x0000000100cd65b0
instanceKlass  @bci com/android/build/gradle/internal/dsl/BundleOptionsAiModelVersion$AgpDecorated_Decorated $gradleInit ()V 1 <appendix> member <vmtarget> ; # com/android/build/gradle/internal/dsl/BundleOptionsAiModelVersion$AgpDecorated_Decorated$$Lambda+0x0000000100cd6378
instanceKlass  @bci com/android/build/gradle/internal/dsl/BundleOptionsCountrySet$AgpDecorated_Decorated $gradleInit ()V 1 <appendix> member <vmtarget> ; # com/android/build/gradle/internal/dsl/BundleOptionsCountrySet$AgpDecorated_Decorated$$Lambda+0x0000000100cd5aa8
instanceKlass  @bci com/android/build/gradle/internal/dsl/BundleOptionsStoreArchive$AgpDecorated_Decorated $gradleInit ()V 1 <appendix> member <vmtarget> ; # com/android/build/gradle/internal/dsl/BundleOptionsStoreArchive$AgpDecorated_Decorated$$Lambda+0x0000000100cd51d8
instanceKlass  @bci com/android/build/gradle/internal/dsl/BundleOptionsDeviceTier$AgpDecorated_Decorated $gradleInit ()V 1 <appendix> member <vmtarget> ; # com/android/build/gradle/internal/dsl/BundleOptionsDeviceTier$AgpDecorated_Decorated$$Lambda+0x0000000100cd4950
instanceKlass  @bci com/android/build/gradle/internal/dsl/BundleOptionsDensity$AgpDecorated_Decorated $gradleInit ()V 1 <appendix> member <vmtarget> ; # com/android/build/gradle/internal/dsl/BundleOptionsDensity$AgpDecorated_Decorated$$Lambda+0x0000000100cd4080
instanceKlass  @bci com/android/build/gradle/internal/dsl/BundleOptionsCodeTransparency$AgpDecorated_Decorated $gradleInit ()V 1 <appendix> member <vmtarget> ; # com/android/build/gradle/internal/dsl/BundleOptionsCodeTransparency$AgpDecorated_Decorated$$Lambda+0x0000000100cd37f8
instanceKlass  @bci com/android/build/gradle/internal/dsl/SigningConfigImpl$AgpDecorated_Decorated $gradleInit ()V 1 <appendix> member <vmtarget> ; # com/android/build/gradle/internal/dsl/SigningConfigImpl$AgpDecorated_Decorated$$Lambda+0x0000000100cd35c0
instanceKlass  @bci com/android/build/gradle/internal/dsl/BundleOptionsTexture$AgpDecorated_Decorated $gradleInit ()V 1 <appendix> member <vmtarget> ; # com/android/build/gradle/internal/dsl/BundleOptionsTexture$AgpDecorated_Decorated$$Lambda+0x0000000100cd2578
instanceKlass  @bci com/android/build/gradle/internal/dsl/BundleOptionsAbi$AgpDecorated_Decorated $gradleInit ()V 1 <appendix> member <vmtarget> ; # com/android/build/gradle/internal/dsl/BundleOptionsAbi$AgpDecorated_Decorated$$Lambda+0x0000000100cd1ca8
instanceKlass  @bci com/android/build/gradle/internal/dsl/BundleOptionsLanguage$AgpDecorated_Decorated $gradleInit ()V 1 <appendix> member <vmtarget> ; # com/android/build/gradle/internal/dsl/BundleOptionsLanguage$AgpDecorated_Decorated$$Lambda+0x0000000100cd1420
instanceKlass  @bci com/android/build/gradle/internal/dsl/ExternalNativeBuild$AgpDecorated_Decorated $gradleInit ()V 1 <appendix> member <vmtarget> ; # com/android/build/gradle/internal/dsl/ExternalNativeBuild$AgpDecorated_Decorated$$Lambda+0x0000000100cc8c90
instanceKlass  @bci com/android/build/gradle/internal/dsl/CmakeOptions$AgpDecorated_Decorated $gradleInit ()V 1 <appendix> member <vmtarget> ; # com/android/build/gradle/internal/dsl/CmakeOptions$AgpDecorated_Decorated$$Lambda+0x0000000100cc9c80
instanceKlass  @bci com/android/build/gradle/internal/dsl/NdkBuildOptions$AgpDecorated_Decorated $gradleInit ()V 1 <appendix> member <vmtarget> ; # com/android/build/gradle/internal/dsl/NdkBuildOptions$AgpDecorated_Decorated$$Lambda+0x0000000100cc9738
instanceKlass  @bci com/android/build/gradle/internal/dsl/Splits$AgpDecorated_Decorated $gradleInit ()V 1 <appendix> member <vmtarget> ; # com/android/build/gradle/internal/dsl/Splits$AgpDecorated_Decorated$$Lambda+0x0000000100ccb628
instanceKlass  @bci com/android/build/gradle/internal/dsl/DensitySplitOptions$AgpDecorated_Decorated $gradleInit ()V 1 <appendix> member <vmtarget> ; # com/android/build/gradle/internal/dsl/DensitySplitOptions$AgpDecorated_Decorated$$Lambda+0x0000000100ccb3f0
instanceKlass  @bci com/android/build/gradle/internal/dsl/AbiSplitOptions$AgpDecorated_Decorated $gradleInit ()V 1 <appendix> member <vmtarget> ; # com/android/build/gradle/internal/dsl/AbiSplitOptions$AgpDecorated_Decorated$$Lambda+0x0000000100cca9c8
instanceKlass  @bci com/android/build/gradle/internal/dsl/LanguageSplitOptions_Decorated $gradleInit ()V 1 <appendix> member <vmtarget> ; # com/android/build/gradle/internal/dsl/LanguageSplitOptions_Decorated$$Lambda+0x0000000100ccfba0
instanceKlass com/android/build/gradle/internal/dsl/LanguageSplitOptions
instanceKlass  @bci com/android/build/gradle/internal/CompileOptions$AgpDecorated_Decorated $gradleInit ()V 1 <appendix> member <vmtarget> ; # com/android/build/gradle/internal/CompileOptions$AgpDecorated_Decorated$$Lambda+0x0000000100ccebf8
instanceKlass com/google/common/base/Charsets
instanceKlass com/android/build/gradle/internal/CompileOptions$Companion
instanceKlass  @bci com/android/build/gradle/internal/dsl/decorator/ApplicationInstallationImpl$AgpDecorated_Decorated $gradleInit ()V 1 <appendix> member <vmtarget> ; # com/android/build/gradle/internal/dsl/decorator/ApplicationInstallationImpl$AgpDecorated_Decorated$$Lambda+0x0000000100ccdcf8
instanceKlass  @bci com/android/build/gradle/internal/dsl/ApplicationAndroidResourcesImpl$AgpDecorated_Decorated $gradleInit ()V 1 <appendix> member <vmtarget> ; # com/android/build/gradle/internal/dsl/ApplicationAndroidResourcesImpl$AgpDecorated_Decorated$$Lambda+0x0000000100ccd000
# instanceKlass java/lang/invoke/LambdaForm$MH+0x0000000100cc8400
instanceKlass  @bci com/android/build/gradle/internal/dsl/ApplicationBuildFeaturesImpl_Decorated $gradleInit ()V 1 <appendix> member <vmtarget> ; # com/android/build/gradle/internal/dsl/ApplicationBuildFeaturesImpl_Decorated$$Lambda+0x0000000100ccc000
instanceKlass  @bci org/gradle/internal/instantiation/generator/AsmBackedClassGenerator$ClassBuilderImpl addSetterForProperty (Lorg/gradle/internal/instantiation/generator/AbstractClassGenerator$PropertyMetadata;Ljava/lang/reflect/Method;)V 24 <appendix> member <vmtarget> ; # org/gradle/internal/instantiation/generator/AsmBackedClassGenerator$ClassBuilderImpl$$Lambda+0x0000000100c9dcc0
instanceKlass  @bci org/gradle/internal/instantiation/generator/AsmBackedClassGenerator$ClassBuilderImpl applyManagedStateToGetter (Lorg/gradle/internal/instantiation/generator/AbstractClassGenerator$PropertyMetadata;Ljava/lang/reflect/Method;)V 25 <appendix> member <vmtarget> ; # org/gradle/internal/instantiation/generator/AsmBackedClassGenerator$ClassBuilderImpl$$Lambda+0x0000000100c9d5b0
instanceKlass com/android/build/gradle/internal/dsl/BuildFeaturesImpl
instanceKlass  @bci com/android/build/gradle/internal/dsl/TestFixturesImpl_Decorated $gradleInit ()V 1 <appendix> member <vmtarget> ; # com/android/build/gradle/internal/dsl/TestFixturesImpl_Decorated$$Lambda+0x0000000100cc6fc8
# instanceKlass java/lang/invoke/LambdaForm$MH+0x0000000100cc8000
instanceKlass com/android/build/gradle/internal/dsl/TestFixturesImpl
instanceKlass  @bci com/android/build/gradle/internal/dsl/TestOptions_Decorated $gradleInit ()V 1 <appendix> member <vmtarget> ; # com/android/build/gradle/internal/dsl/TestOptions_Decorated$$Lambda+0x0000000100cc6730
instanceKlass  @bci com/android/build/gradle/internal/dsl/EmulatorSnapshots_Decorated $gradleInit ()V 1 <appendix> member <vmtarget> ; # com/android/build/gradle/internal/dsl/EmulatorSnapshots_Decorated$$Lambda+0x0000000100cc64f8
instanceKlass com/android/build/gradle/internal/dsl/EmulatorSnapshots
instanceKlass  @bci com/android/build/gradle/internal/dsl/EmulatorControl$AgpDecorated_Decorated $gradleInit ()V 1 <appendix> member <vmtarget> ; # com/android/build/gradle/internal/dsl/EmulatorControl$AgpDecorated_Decorated$$Lambda+0x0000000100cc5b48
instanceKlass com/android/build/gradle/internal/dsl/EmulatorControl
instanceKlass  @bci com/android/build/gradle/internal/dsl/ManagedDevices_Decorated $gradleInit ()V 1 <appendix> member <vmtarget> ; # com/android/build/gradle/internal/dsl/ManagedDevices_Decorated$$Lambda+0x0000000100cc4fb0
instanceKlass com/android/build/gradle/internal/dsl/DeviceGroupFactory
instanceKlass com/android/build/gradle/internal/dsl/ManagedDevices$localDevices$1$2
instanceKlass com/android/build/gradle/internal/dsl/ManagedDevices$localDevices$1$1
instanceKlass com/android/build/gradle/internal/dsl/ManagedVirtualDeviceFactory
instanceKlass com/android/build/gradle/internal/dsl/ManagedDevices$allDevices$1$2
instanceKlass com/android/build/gradle/internal/dsl/ManagedDevices$allDevices$1$1
instanceKlass com/android/build/gradle/internal/dsl/ManagedVirtualDevice
instanceKlass com/android/build/api/dsl/ManagedVirtualDevice
instanceKlass  @bci com/android/build/gradle/internal/dsl/TestOptions$UnitTestOptions_Decorated $gradleInit ()V 1 <appendix> member <vmtarget> ; # com/android/build/gradle/internal/dsl/TestOptions$UnitTestOptions_Decorated$$Lambda+0x0000000100cc3720
instanceKlass com/android/build/api/dsl/Device
instanceKlass com/android/build/api/dsl/DeviceGroup
instanceKlass com/android/build/gradle/internal/dsl/TestOptions$UnitTestOptions
instanceKlass com/android/build/api/dsl/UnitTestOptions
instanceKlass com/android/build/api/dsl/EmulatorControl
instanceKlass com/android/build/gradle/internal/dsl/ManagedDevices
instanceKlass com/android/build/api/dsl/ManagedDevices
instanceKlass com/android/build/api/dsl/FailureRetention
instanceKlass com/android/build/api/dsl/EmulatorSnapshots
instanceKlass  @bci com/android/build/gradle/internal/coverage/JacocoOptions_Decorated $gradleInit ()V 1 <appendix> member <vmtarget> ; # com/android/build/gradle/internal/coverage/JacocoOptions_Decorated$$Lambda+0x0000000100cc1128
instanceKlass  @bci com/android/build/gradle/internal/dsl/DataBindingOptions$AgpDecorated_Decorated $gradleInit ()V 1 <appendix> member <vmtarget> ; # com/android/build/gradle/internal/dsl/DataBindingOptions$AgpDecorated_Decorated$$Lambda+0x0000000100cc0ae0
instanceKlass com/android/build/gradle/internal/dsl/CommonExtensionImpl$dataBinding$1
instanceKlass  @bci com/android/build/gradle/internal/dsl/ComposeOptionsImpl_Decorated $gradleInit ()V 1 <appendix> member <vmtarget> ; # com/android/build/gradle/internal/dsl/ComposeOptionsImpl_Decorated$$Lambda+0x0000000100cb9cf0
instanceKlass com/android/builder/core/ToolsRevisionUtils
instanceKlass com/android/build/gradle/internal/coverage/JacocoOptions
instanceKlass com/android/build/api/dsl/JacocoOptions
instanceKlass com/android/build/gradle/internal/dsl/LintOptions
instanceKlass com/android/builder/model/LintOptions
instanceKlass com/android/build/api/dsl/LintOptions
instanceKlass com/android/build/api/dsl/TestCoverage
instanceKlass com/android/build/gradle/internal/dsl/AdbOptions
instanceKlass com/android/builder/model/AdbOptions
instanceKlass com/android/build/api/dsl/AdbOptions
instanceKlass com/android/build/gradle/internal/dsl/AaptOptions
instanceKlass com/android/build/api/dsl/AaptOptions
instanceKlass com/android/build/gradle/internal/dsl/ComposeOptionsImpl
instanceKlass com/android/build/api/dsl/ComposeOptions
instanceKlass com/android/build/api/dsl/SdkComponents
instanceKlass com/android/build/gradle/internal/dsl/TestOptions
instanceKlass com/android/build/api/dsl/TestOptions
instanceKlass com/android/build/api/dsl/TestFixtures
instanceKlass org/gradle/api/internal/ReflectiveNamedDomainObjectFactory
instanceKlass com/android/build/gradle/api/BaseVariantOutput
instanceKlass com/android/build/OutputFile
instanceKlass com/android/build/VariantOutput
instanceKlass com/android/build/gradle/internal/variant/LegacyVariantInputManager$6
instanceKlass com/android/build/gradle/internal/variant/LegacyVariantInputManager$5
instanceKlass com/android/build/gradle/internal/variant/LegacyVariantInputManager$4
instanceKlass com/android/build/gradle/internal/variant/LegacyVariantInputManager$3
instanceKlass com/android/build/gradle/internal/variant/LegacyVariantInputManager$2
instanceKlass com/android/build/gradle/internal/variant/LegacyVariantInputManager$1
instanceKlass  @bci com/android/build/gradle/internal/api/DefaultAndroidSourceSet_Decorated $gradleInit ()V 1 <appendix> member <vmtarget> ; # com/android/build/gradle/internal/api/DefaultAndroidSourceSet_Decorated$$Lambda+0x0000000100cbc238
instanceKlass com/android/build/gradle/internal/api/DefaultAndroidSourceSet$AndroidSourceDirectorySetFactory
instanceKlass com/android/build/gradle/internal/api/DefaultAndroidSourceFile
instanceKlass org/gradle/internal/typeconversion/CharSequenceNotationParser
instanceKlass com/android/build/api/artifact/ArtifactKind
instanceKlass com/android/build/api/artifact/Artifact$Companion
instanceKlass com/android/build/api/artifact/Artifact
instanceKlass com/google/common/base/Ascii
# instanceKlass java/lang/invoke/LambdaForm$MH+0x0000000100cb8800
# instanceKlass java/lang/invoke/LambdaForm$MH+0x0000000100cb8400
# instanceKlass java/lang/invoke/LambdaForm$MH+0x0000000100cb8000
instanceKlass com/android/build/gradle/internal/api/DefaultAndroidSourceDirectorySet
instanceKlass com/android/builder/model/v2/CustomSourceDirectory
instanceKlass com/android/build/gradle/api/AndroidSourceFile
instanceKlass com/android/build/api/dsl/AndroidSourceFile
instanceKlass com/android/build/gradle/api/AndroidSourceDirectorySet
instanceKlass com/android/build/api/dsl/AndroidSourceDirectorySet
instanceKlass com/android/build/gradle/internal/api/DefaultAndroidSourceSet
instanceKlass com/android/builder/model/SourceProvider
instanceKlass com/android/build/gradle/internal/VariantDimensionData
instanceKlass com/android/build/gradle/internal/api/LazyAndroidSourceSet
instanceKlass com/android/build/gradle/internal/dependency/SourceSetManager$createConfigurationsForSourceSet$2
instanceKlass com/android/build/gradle/internal/api/AndroidSourceSetName$Companion
instanceKlass com/android/build/gradle/internal/api/AndroidSourceSetName
instanceKlass  @bci com/android/build/gradle/internal/dsl/DefaultConfig$AgpDecorated_Decorated $gradleInit ()V 1 <appendix> member <vmtarget> ; # com/android/build/gradle/internal/dsl/DefaultConfig$AgpDecorated_Decorated$$Lambda+0x0000000100cb13f8
instanceKlass  @bci com/android/build/gradle/internal/dsl/OptimizationImpl$AgpDecorated_Decorated $gradleInit ()V 1 <appendix> member <vmtarget> ; # com/android/build/gradle/internal/dsl/OptimizationImpl$AgpDecorated_Decorated$$Lambda+0x0000000100cb11c0
instanceKlass  @bci com/android/build/gradle/internal/dsl/KeepRulesImpl$AgpDecorated_Decorated $gradleInit ()V 1 <appendix> member <vmtarget> ; # com/android/build/gradle/internal/dsl/KeepRulesImpl$AgpDecorated_Decorated$$Lambda+0x0000000100cb0f88
instanceKlass  @bci com/android/build/gradle/internal/dsl/BaselineProfileImpl$AgpDecorated_Decorated $gradleInit ()V 1 <appendix> member <vmtarget> ; # com/android/build/gradle/internal/dsl/BaselineProfileImpl$AgpDecorated_Decorated$$Lambda+0x0000000100cb0680
instanceKlass com/android/build/gradle/internal/dsl/decorator/annotation/NonNullableSetter
instanceKlass  @bci com/android/build/gradle/internal/dsl/AarMetadataImpl$AgpDecorated_Decorated $gradleInit ()V 1 <appendix> member <vmtarget> ; # com/android/build/gradle/internal/dsl/AarMetadataImpl$AgpDecorated_Decorated$$Lambda+0x0000000100caf538
instanceKlass com/android/build/gradle/internal/dsl/AarMetadataImpl$AgpDecorated
instanceKlass  @bci com/android/build/gradle/internal/dsl/JavaCompileOptions$AgpDecorated_Decorated $gradleInit ()V 1 <appendix> member <vmtarget> ; # com/android/build/gradle/internal/dsl/JavaCompileOptions$AgpDecorated_Decorated$$Lambda+0x0000000100caec00
instanceKlass  @bci com/android/build/gradle/internal/dsl/AnnotationProcessorOptions$AgpDecorated_Decorated $gradleInit ()V 1 <appendix> member <vmtarget> ; # com/android/build/gradle/internal/dsl/AnnotationProcessorOptions$AgpDecorated_Decorated$$Lambda+0x0000000100cae9c8
instanceKlass org/gradle/process/CommandLineArgumentProvider
instanceKlass com/android/resources/Density
instanceKlass com/android/resources/ResourceEnum
instanceKlass  @bci com/android/build/gradle/internal/dsl/VectorDrawablesOptions_Decorated $gradleInit ()V 1 <appendix> member <vmtarget> ; # com/android/build/gradle/internal/dsl/VectorDrawablesOptions_Decorated$$Lambda+0x0000000100cad038
instanceKlass  @bci com/android/build/gradle/internal/dsl/ShaderOptions_Decorated $gradleInit ()V 1 <appendix> member <vmtarget> ; # com/android/build/gradle/internal/dsl/ShaderOptions_Decorated$$Lambda+0x0000000100cac9e0
instanceKlass com/google/common/primitives/IntsMethodsForWeb
instanceKlass  @bci com/android/build/gradle/internal/dsl/ExternalNativeBuildOptions_Decorated $gradleInit ()V 1 <appendix> member <vmtarget> ; # com/android/build/gradle/internal/dsl/ExternalNativeBuildOptions_Decorated$$Lambda+0x0000000100cabcb0
instanceKlass  @bci com/android/build/gradle/internal/dsl/ExternalNativeCmakeOptions_Decorated $gradleInit ()V 1 <appendix> member <vmtarget> ; # com/android/build/gradle/internal/dsl/ExternalNativeCmakeOptions_Decorated$$Lambda+0x0000000100caba78
instanceKlass  @bci com/android/build/gradle/internal/dsl/ExternalNativeNdkBuildOptions_Decorated $gradleInit ()V 1 <appendix> member <vmtarget> ; # com/android/build/gradle/internal/dsl/ExternalNativeNdkBuildOptions_Decorated$$Lambda+0x0000000100cab380
instanceKlass com/google/common/collect/Sets
instanceKlass com/android/build/gradle/internal/dsl/ExternalNativeCmakeOptions
instanceKlass com/android/build/api/dsl/CmakeFlags
instanceKlass com/android/build/gradle/internal/dsl/CoreExternalNativeCmakeOptions
instanceKlass com/android/build/gradle/internal/dsl/ExternalNativeNdkBuildOptions
instanceKlass com/android/build/api/dsl/NdkBuildFlags
instanceKlass com/android/build/gradle/internal/dsl/CoreExternalNativeNdkBuildOptions
instanceKlass  @bci com/android/build/gradle/internal/dsl/NdkOptions_Decorated $gradleInit ()V 1 <appendix> member <vmtarget> ; # com/android/build/gradle/internal/dsl/NdkOptions_Decorated$$Lambda+0x0000000100ca5bf8
instanceKlass com/google/common/base/Enums
# instanceKlass java/lang/invoke/LambdaForm$MH+0x0000000100ca4c00
instanceKlass com/android/builder/internal/BaseConfigImpl$Companion
instanceKlass com/android/builder/core/AbstractProductFlavor$Companion
instanceKlass com/google/common/cache/LocalCache$StrongValueReference
instanceKlass com/google/common/util/concurrent/AbstractFuture$Failure
instanceKlass com/google/common/util/concurrent/AbstractFuture$Cancellation
instanceKlass com/google/common/util/concurrent/AbstractFuture$SetFuture
instanceKlass com/google/common/util/concurrent/Uninterruptibles
# instanceKlass java/lang/invoke/LambdaForm$MH+0x0000000100ca4800
# instanceKlass java/lang/invoke/LambdaForm$MH+0x0000000100ca4400
# instanceKlass java/lang/invoke/LambdaForm$MH+0x0000000100ca4000
instanceKlass java/lang/foreign/ValueLayout
instanceKlass java/lang/foreign/MemoryLayout
instanceKlass org/objectweb/asm/Handler
instanceKlass org/objectweb/asm/Attribute
instanceKlass org/objectweb/asm/Edge
instanceKlass org/objectweb/asm/Label
instanceKlass org/objectweb/asm/Frame
instanceKlass com/android/build/gradle/internal/dsl/decorator/annotation/WithLazyInitialization
instanceKlass com/android/build/gradle/internal/dsl/decorator/DslDecorator$ManagedProperty
instanceKlass com/android/builder/model/ClassField
instanceKlass kotlin/jvm/JvmStatic
instanceKlass com/android/builder/core/AbstractProductFlavor$DimensionRequest
instanceKlass com/android/builder/model/ApiVersion
instanceKlass com/android/utils/StringHelper
instanceKlass com/android/build/gradle/internal/dsl/NdkOptions
instanceKlass com/android/build/api/dsl/Ndk
instanceKlass com/android/build/gradle/internal/dsl/ExternalNativeBuildOptions
instanceKlass com/android/build/api/dsl/ExternalNativeBuildFlags
instanceKlass com/android/build/gradle/internal/dsl/ShaderOptions
instanceKlass com/android/build/api/dsl/Shaders
instanceKlass com/android/build/gradle/internal/dsl/CoreShaderOptions
instanceKlass com/android/build/gradle/internal/dsl/CoreExternalNativeBuildOptions
instanceKlass com/android/build/api/dsl/VectorDrawables
instanceKlass com/android/builder/core/DefaultVectorDrawablesOptions
instanceKlass com/android/builder/model/VectorDrawablesOptions
instanceKlass com/android/build/gradle/internal/dsl/CoreNdkOptions
instanceKlass com/android/build/gradle/internal/dsl/decorator/DslDecorator$CollectingInfoVisitor
instanceKlass com/android/build/gradle/internal/dsl/decorator/DslDecorator$ClassInfoVisitor
instanceKlass org/objectweb/asm/ByteVector
instanceKlass org/objectweb/asm/Symbol
instanceKlass org/objectweb/asm/SymbolTable
instanceKlass org/objectweb/asm/MethodVisitor
instanceKlass org/objectweb/asm/FieldVisitor
instanceKlass org/objectweb/asm/ModuleVisitor
instanceKlass org/objectweb/asm/AnnotationVisitor
instanceKlass org/objectweb/asm/RecordComponentVisitor
instanceKlass org/objectweb/asm/ClassVisitor
instanceKlass com/google/common/cache/LocalCache$AbstractReferenceEntry
instanceKlass com/google/common/base/Stopwatch
instanceKlass com/google/common/util/concurrent/AbstractFuture$Waiter
instanceKlass com/google/common/util/concurrent/AbstractFuture$Listener
instanceKlass com/google/common/util/concurrent/AbstractFuture$UnsafeAtomicHelper$1
instanceKlass com/google/common/util/concurrent/AbstractFuture$AtomicHelper
instanceKlass com/google/common/util/concurrent/internal/InternalFutureFailureAccess
instanceKlass com/google/common/util/concurrent/AbstractFuture$Trusted
instanceKlass com/google/common/util/concurrent/ListenableFuture
instanceKlass org/objectweb/asm/commons/Method
instanceKlass com/android/build/gradle/internal/dsl/decorator/DslDecorator$Companion
instanceKlass com/android/build/gradle/internal/dsl/decorator/DslDecorator
instanceKlass com/android/build/api/dsl/PrivacySandboxKeepRules
instanceKlass com/android/build/gradle/internal/dsl/PrivacySandboxSdkBundleImpl
instanceKlass com/android/build/api/dsl/PrivacySandboxSdkBundle
instanceKlass com/android/build/gradle/internal/dsl/PrivacySandboxSdkExtensionImpl
instanceKlass com/android/build/gradle/internal/dsl/InternalPrivacySandboxSdkExtension
instanceKlass com/android/build/api/dsl/PrivacySandboxSdkExtension
instanceKlass com/android/build/gradle/internal/dsl/FusedLibraryExtensionImpl
instanceKlass com/android/build/api/dsl/FusedLibraryExtension
instanceKlass com/android/build/gradle/internal/dsl/PrivacySandboxSdkOptimizationImpl
instanceKlass com/android/build/api/dsl/PrivacySandboxSdkOptimization
instanceKlass com/android/build/gradle/internal/dsl/VcsInfoImpl
instanceKlass com/android/build/api/dsl/VcsInfo
instanceKlass com/android/build/gradle/internal/dsl/MultiDexConfigImpl
instanceKlass com/android/build/api/dsl/MultiDexConfig
instanceKlass com/android/build/gradle/internal/dsl/DependencyVariantSelectionImpl
instanceKlass com/android/build/api/dsl/DependencyVariantSelection
instanceKlass com/android/build/api/dsl/LibraryKeepRules
instanceKlass com/android/build/api/dsl/ConsumerKeepRules
instanceKlass com/android/build/gradle/internal/dsl/KmpOptimizationImpl
instanceKlass com/android/build/api/dsl/KmpOptimization
instanceKlass com/android/build/gradle/internal/dsl/ConfigurableFilesImpl
instanceKlass com/android/build/api/dsl/ConfigurableFiles
instanceKlass com/android/build/gradle/internal/dsl/ViewBindingOptionsImpl
instanceKlass com/android/build/gradle/api/ViewBindingOptions
instanceKlass com/android/build/api/dsl/ViewBinding
instanceKlass com/android/build/gradle/internal/dsl/Splits
instanceKlass com/android/build/api/dsl/Splits
instanceKlass com/android/build/gradle/internal/dsl/SigningConfigImpl
instanceKlass com/android/build/gradle/internal/dsl/ResourcesPackagingImpl
instanceKlass com/android/build/api/dsl/ResourcesPackaging
instanceKlass com/android/build/gradle/internal/dsl/OptimizationImpl
instanceKlass com/android/build/api/dsl/Optimization
instanceKlass com/android/build/gradle/internal/dsl/PrivacySandboxImpl
instanceKlass com/android/build/api/dsl/PrivacySandbox
instanceKlass com/android/build/gradle/internal/dsl/PackagingOptions
instanceKlass com/android/builder/model/PackagingOptions
instanceKlass com/android/build/api/dsl/Packaging
instanceKlass com/android/build/gradle/internal/dsl/NdkBuildOptions
instanceKlass com/android/build/gradle/internal/model/CoreNdkBuildOptions
instanceKlass com/android/build/api/dsl/NdkBuild
instanceKlass com/android/build/api/dsl/LibraryPublishing
instanceKlass com/android/build/gradle/internal/dsl/BaselineProfileImpl
instanceKlass com/android/build/api/dsl/BaselineProfile
instanceKlass com/android/build/gradle/internal/dsl/KeepRulesImpl
instanceKlass com/android/build/api/dsl/KeepRules
instanceKlass com/android/build/gradle/internal/dsl/JniLibsPackagingImpl
instanceKlass com/android/build/api/dsl/JniLibsPackaging
instanceKlass com/android/build/gradle/internal/dsl/JavaCompileOptions
instanceKlass com/android/build/gradle/api/JavaCompileOptions
instanceKlass com/android/build/api/dsl/JavaCompileOptions
instanceKlass com/android/build/gradle/internal/dsl/ExternalNativeBuild
instanceKlass com/android/build/gradle/internal/model/CoreExternalNativeBuild
instanceKlass com/android/build/api/dsl/ExternalNativeBuild
instanceKlass com/android/build/gradle/internal/dsl/DependenciesInfoImpl
instanceKlass com/android/build/api/dsl/DependenciesInfo
instanceKlass com/android/build/gradle/internal/dsl/DexPackagingImpl
instanceKlass com/android/build/api/dsl/DexPackaging
instanceKlass com/android/build/api/dsl/DensitySplit
instanceKlass com/android/build/gradle/internal/dsl/DataBindingOptions
instanceKlass com/android/builder/model/DataBindingOptions
instanceKlass com/android/build/api/dsl/DataBinding
instanceKlass com/android/build/gradle/internal/dsl/LintImpl
instanceKlass com/android/build/api/dsl/Lint
instanceKlass com/android/build/gradle/internal/CompileOptions
instanceKlass com/android/build/gradle/internal/CompileOptionsInternal
instanceKlass com/android/build/api/dsl/CompileOptions
instanceKlass com/android/build/gradle/internal/dsl/CmakeOptions
instanceKlass com/android/build/gradle/internal/model/CoreCmakeOptions
instanceKlass com/android/build/api/dsl/Cmake
instanceKlass com/android/build/gradle/internal/dsl/BundleOptionsStoreArchive
instanceKlass com/android/build/api/dsl/BundleStoreArchive
instanceKlass com/android/build/gradle/internal/dsl/BundleOptionsCodeTransparency
instanceKlass com/android/build/api/dsl/BundleCodeTransparency
instanceKlass com/android/build/gradle/internal/dsl/BundleOptionsTexture
instanceKlass com/android/build/api/dsl/BundleTexture
instanceKlass com/android/build/gradle/internal/dsl/BundleOptionsLanguage
instanceKlass com/android/build/api/dsl/BundleLanguage
instanceKlass com/android/build/gradle/internal/dsl/BundleOptionsCountrySet
instanceKlass com/android/build/api/dsl/BundleCountrySet
instanceKlass com/android/build/gradle/internal/dsl/BundleOptionsDeviceTier
instanceKlass com/android/build/api/dsl/BundleDeviceTier
instanceKlass com/android/build/gradle/internal/dsl/BundleOptionsDensity
instanceKlass com/android/build/api/dsl/BundleDensity
instanceKlass com/android/build/gradle/internal/dsl/BundleOptionsAiModelVersion
instanceKlass com/android/build/api/dsl/BundleAiModelVersion
instanceKlass com/android/build/gradle/internal/dsl/BundleOptionsAbi
instanceKlass com/android/build/api/dsl/BundleAbi
instanceKlass com/android/build/gradle/internal/dsl/BundleOptions
instanceKlass com/android/build/api/dsl/Bundle
instanceKlass com/android/build/gradle/internal/dsl/AssetPackBundleExtensionImpl
instanceKlass com/android/build/api/dsl/AssetPackBundleExtension
instanceKlass com/android/build/gradle/internal/dsl/AbstractPublishing
instanceKlass com/android/build/api/dsl/ApplicationPublishing
instanceKlass com/android/build/api/dsl/Publishing
instanceKlass com/android/build/gradle/internal/dsl/AnnotationProcessorOptions
instanceKlass com/android/build/gradle/api/AnnotationProcessorOptions
instanceKlass com/android/build/api/dsl/AnnotationProcessorOptions
instanceKlass com/android/build/gradle/internal/dsl/AndroidTestImpl
instanceKlass com/android/build/api/dsl/AndroidTest
instanceKlass com/android/build/gradle/internal/dsl/SplitOptions
instanceKlass com/android/build/api/dsl/AbiSplit
instanceKlass com/android/build/api/dsl/Split
instanceKlass com/android/build/gradle/internal/dsl/AarMetadataImpl
instanceKlass com/android/build/api/dsl/AarMetadata
instanceKlass kotlin/jvm/internal/markers/KMutableMap
instanceKlass kotlin/jvm/internal/markers/KMutableSet
instanceKlass kotlin/jvm/internal/markers/KMutableList
instanceKlass kotlin/jvm/internal/markers/KMutableCollection
instanceKlass kotlin/jvm/internal/markers/KMutableIterable
instanceKlass org/objectweb/asm/Type
instanceKlass com/android/build/gradle/internal/dsl/decorator/SupportedPropertyType
instanceKlass com/android/build/gradle/internal/dsl/decorator/AndroidPluginDslDecoratorKt
instanceKlass com/android/build/api/dsl/TestDefaultConfig
instanceKlass com/android/build/api/dsl/LibraryDefaultConfig
instanceKlass com/android/build/api/dsl/DynamicFeatureDefaultConfig
instanceKlass org/bouncycastle/jcajce/provider/config/ConfigurableProvider
instanceKlass sun/security/util/ManifestEntryVerifier$SunProviderHolder
instanceKlass java/util/Base64$Encoder
instanceKlass java/util/Base64$Decoder
instanceKlass java/util/Base64
instanceKlass sun/security/util/JarConstraintsParameters
instanceKlass java/security/spec/DSAParameterSpec
instanceKlass java/security/interfaces/DSAParams
instanceKlass java/security/interfaces/DSAPrivateKey
instanceKlass sun/security/timestamp/TimestampToken
instanceKlass sun/security/pkcs/SigningCertificateInfo$ESSCertId
instanceKlass sun/security/pkcs/SigningCertificateInfo
instanceKlass sun/security/pkcs/PKCS9Attributes
instanceKlass sun/security/util/DisabledAlgorithmConstraints$JarHolder
instanceKlass java/security/spec/DSAPublicKeySpec
instanceKlass  @bci sun/security/util/DerInputStream seeOptionalContextSpecific (I)Z 2 <appendix> member <vmtarget> ; # sun/security/util/DerInputStream$$Lambda+0x0000000100b79bf0
instanceKlass sun/security/pkcs/PKCS7
instanceKlass  @bci sun/security/util/ManifestDigester <init> ([B)V 350 <appendix> argL0 ; # sun/security/util/ManifestDigester$$Lambda+0x0000000100b79518
instanceKlass sun/security/util/ManifestDigester$Section
instanceKlass sun/security/util/ManifestDigester$Entry
instanceKlass sun/security/util/ManifestDigester$Position
instanceKlass sun/security/util/ManifestDigester
instanceKlass java/security/KeyStore$ProtectionParameter
instanceKlass com/android/ide/common/signing/KeystoreHelper
instanceKlass com/android/build/gradle/internal/packaging/GradleKeystoreHelper
instanceKlass com/android/build/gradle/internal/dsl/SigningConfigFactory
instanceKlass com/android/builder/signing/DefaultSigningConfig
instanceKlass com/android/build/gradle/internal/dsl/InternalSigningConfig
instanceKlass com/android/builder/model/SigningConfig
instanceKlass com/android/build/api/dsl/ApkSigningConfig
instanceKlass com/android/build/api/dsl/SigningConfig
instanceKlass com/android/build/gradle/internal/dsl/ProductFlavorFactory
instanceKlass com/android/build/gradle/internal/dsl/CoreProductFlavor
instanceKlass com/android/builder/model/ProductFlavor
instanceKlass com/android/builder/model/DimensionAware
instanceKlass com/android/build/api/dsl/TestProductFlavor
instanceKlass com/android/build/api/dsl/TestBaseFlavor
instanceKlass com/android/build/api/dsl/LibraryProductFlavor
instanceKlass com/android/build/api/dsl/LibraryBaseFlavor
instanceKlass com/android/build/api/dsl/DynamicFeatureProductFlavor
instanceKlass com/android/build/api/dsl/DynamicFeatureBaseFlavor
instanceKlass com/android/build/gradle/internal/dsl/BuildTypeFactory
instanceKlass com/android/builder/internal/BaseConfigImpl
instanceKlass com/android/build/gradle/internal/dsl/InternalBuildType
instanceKlass com/android/build/api/dsl/TestBuildType
instanceKlass com/android/build/api/dsl/TestVariantDimension
instanceKlass com/android/build/api/dsl/DynamicFeatureBuildType
instanceKlass com/android/build/api/dsl/DynamicFeatureVariantDimension
instanceKlass com/android/build/api/dsl/LibraryBuildType
instanceKlass com/android/build/api/dsl/LibraryVariantDimension
instanceKlass com/android/build/gradle/internal/dsl/VariantDimensionBinaryCompatibilityFix
instanceKlass com/android/build/gradle/internal/dsl/VariantDimensionBinaryCompatibilityFixParent
instanceKlass com/android/build/gradle/internal/dsl/CoreBuildType
instanceKlass com/android/builder/model/BuildType
instanceKlass com/android/builder/model/BaseConfig
instanceKlass com/android/builder/model/Named
instanceKlass  @bci org/gradle/api/internal/FactoryNamedDomainObjectContainer_Decorated $gradleInit ()V 1 <appendix> member <vmtarget> ; # org/gradle/api/internal/FactoryNamedDomainObjectContainer_Decorated$$Lambda+0x0000000100c6f160
# instanceKlass java/lang/invoke/LambdaForm$MH+0x0000000100c75400
# instanceKlass java/lang/invoke/LambdaForm$MH+0x0000000100c75000
# instanceKlass java/lang/invoke/LambdaForm$MH+0x0000000100c74c00
# instanceKlass java/lang/invoke/LambdaForm$MH+0x0000000100c74800
# instanceKlass java/lang/invoke/LambdaForm$MH+0x0000000100c74400
# instanceKlass java/lang/invoke/LambdaForm$MH+0x0000000100c74000
instanceKlass com/android/build/gradle/internal/dsl/AndroidSourceSetFactory
instanceKlass com/android/build/gradle/api/AndroidSourceSet
instanceKlass com/android/build/api/dsl/AndroidSourceSet
instanceKlass com/android/build/gradle/internal/scope/DelayedActionsExecutor
instanceKlass com/android/build/gradle/internal/dependency/SourceSetManager
instanceKlass com/google/wireless/android/sdk/stats/GradleBuildVariant$VariantType$1
instanceKlass com/android/builder/core/ComponentType
instanceKlass com/android/build/gradle/internal/variant/BaseVariantFactory$Companion
instanceKlass com/android/build/gradle/internal/variant/AbstractVariantInputManager$Companion
instanceKlass com/android/build/gradle/internal/plugins/AndroidPluginBaseServices$basePluginApply$3
instanceKlass com/android/build/gradle/internal/plugins/BasePlugin$createAndroidJdkImageConfiguration$1
instanceKlass com/android/build/gradle/internal/services/VersionedSdkLoaderService$versionedSdkLoader$2$1
instanceKlass org/gradle/configuration/internal/DefaultListenerBuildOperationDecorator$BuildOperationEmittingAction
instanceKlass com/android/build/gradle/internal/plugins/BasePlugin$configureProject$5
instanceKlass com/android/build/gradle/internal/plugins/BasePlugin$configureProject$4
instanceKlass  @bci org/gradle/api/plugins/JavaBasePlugin configureArchiveDefaults (Lorg/gradle/api/Project;)V 31 <appendix> member <vmtarget> ; # org/gradle/api/plugins/JavaBasePlugin$$Lambda+0x0000000100c6b460
instanceKlass  @bci org/gradle/api/plugins/JavaBasePlugin configureBuildDependents (Lorg/gradle/api/Project;)V 8 <appendix> argL0 ; # org/gradle/api/plugins/JavaBasePlugin$$Lambda+0x0000000100c6b230
instanceKlass  @bci org/gradle/api/plugins/JavaBasePlugin configureBuildNeeded (Lorg/gradle/api/Project;)V 8 <appendix> argL0 ; # org/gradle/api/plugins/JavaBasePlugin$$Lambda+0x0000000100c6b000
instanceKlass  @bci org/gradle/api/plugins/JavaBasePlugin configureTest (Lorg/gradle/api/Project;Lorg/gradle/api/plugins/JavaPluginExtension;)V 16 <appendix> member <vmtarget> ; # org/gradle/api/plugins/JavaBasePlugin$$Lambda+0x0000000100c67bc0
instanceKlass  @bci org/gradle/api/plugins/JavaBasePlugin configureJavaDoc (Lorg/gradle/api/Project;Lorg/gradle/api/plugins/JavaPluginExtension;)V 16 <appendix> member <vmtarget> ; # org/gradle/api/plugins/JavaBasePlugin$$Lambda+0x0000000100c67988
instanceKlass  @bci org/gradle/api/plugins/JavaBasePlugin configureSourceSetDefaults (Lorg/gradle/api/Project;Lorg/gradle/api/plugins/JavaPluginExtension;)V 8 <appendix> member <vmtarget> ; # org/gradle/api/plugins/JavaBasePlugin$$Lambda+0x0000000100c67750
instanceKlass  @bci org/gradle/api/plugins/JavaBasePlugin configureCompileDefaults (Lorg/gradle/api/Project;Lorg/gradle/api/plugins/internal/DefaultJavaPluginExtension;)V 15 <appendix> member <vmtarget> ; # org/gradle/api/plugins/JavaBasePlugin$$Lambda+0x0000000100c67518
instanceKlass  @bci org/gradle/api/plugins/internal/DefaultJavaPluginConvention_Decorated $gradleInit ()V 1 <appendix> member <vmtarget> ; # org/gradle/api/plugins/internal/DefaultJavaPluginConvention_Decorated$$Lambda+0x0000000100c672e0
instanceKlass org/gradle/api/plugins/JavaPluginConvention
instanceKlass  @bci org/gradle/api/plugins/JavaBasePlugin addExtensions (Lorg/gradle/api/Project;)Lorg/gradle/api/plugins/internal/DefaultJavaPluginExtension; 78 <appendix> member <vmtarget> ; # org/gradle/api/plugins/JavaBasePlugin$$Lambda+0x0000000100c66210
instanceKlass  @bci org/gradle/api/plugins/internal/DefaultJavaPluginExtension_Decorated $gradleInit ()V 1 <appendix> member <vmtarget> ; # org/gradle/api/plugins/internal/DefaultJavaPluginExtension_Decorated$$Lambda+0x0000000100c65fd8
instanceKlass  @bci org/gradle/internal/jvm/DefaultModularitySpec_Decorated $gradleInit ()V 1 <appendix> member <vmtarget> ; # org/gradle/internal/jvm/DefaultModularitySpec_Decorated$$Lambda+0x0000000100c6c868
instanceKlass org/gradle/internal/jvm/DefaultModularitySpec
instanceKlass org/gradle/jvm/component/internal/JvmSoftwareComponentInternal
instanceKlass org/gradle/api/jvm/ModularitySpec
instanceKlass org/gradle/api/java/archives/Manifest
instanceKlass  @bci org/gradle/jvm/toolchain/internal/DefaultToolchainSpec_Decorated $gradleInit ()V 1 <appendix> member <vmtarget> ; # org/gradle/jvm/toolchain/internal/DefaultToolchainSpec_Decorated$$Lambda+0x0000000100c5ba68
instanceKlass  @bci org/gradle/jvm/toolchain/internal/DefaultJavaToolchainService_Decorated $gradleInit ()V 1 <appendix> member <vmtarget> ; # org/gradle/jvm/toolchain/internal/DefaultJavaToolchainService_Decorated$$Lambda+0x0000000100c65400
# instanceKlass java/lang/invoke/LambdaForm$MH+0x0000000100c6a400
# instanceKlass java/lang/invoke/LambdaForm$MH+0x0000000100c6a000
# instanceKlass java/lang/invoke/LambdaForm$MH+0x0000000100c69c00
# instanceKlass java/lang/invoke/LambdaForm$MH+0x0000000100c69800
# instanceKlass java/lang/invoke/LambdaForm$MH+0x0000000100c69400
instanceKlass org/gradle/language/java/internal/JavaLanguageServices$JavaProjectScopeServices$1
instanceKlass org/gradle/api/internal/tasks/compile/daemon/CompilerWorkerExecutor
instanceKlass org/gradle/language/base/internal/compile/Compiler
instanceKlass org/gradle/api/internal/tasks/compile/DefaultJavaCompilerFactory
# instanceKlass java/lang/invoke/LambdaForm$MH+0x0000000100c69000
# instanceKlass java/lang/invoke/LambdaForm$MH+0x0000000100c68c00
# instanceKlass java/lang/invoke/LambdaForm$MH+0x0000000100c68800
# instanceKlass java/lang/invoke/LambdaForm$MH+0x0000000100c68400
# instanceKlass java/lang/invoke/LambdaForm$MH+0x0000000100c68000
# instanceKlass java/lang/invoke/LambdaForm$MH+0x0000000100c63c00
# instanceKlass java/lang/invoke/LambdaForm$MH+0x0000000100c63800
# instanceKlass java/lang/invoke/LambdaForm$MH+0x0000000100c63400
instanceKlass org/gradle/api/internal/tasks/compile/processing/AnnotationProcessorDeclarationSerializer
instanceKlass org/gradle/api/internal/tasks/compile/processing/AnnotationProcessorDetector$ProcessorServiceLocator
instanceKlass org/gradle/process/internal/worker/child/DefaultWorkerDirectoryProvider
# instanceKlass java/lang/invoke/LambdaForm$MH+0x0000000100c63000
# instanceKlass java/lang/invoke/LambdaForm$MH+0x0000000100c62c00
# instanceKlass java/lang/invoke/LambdaForm$MH+0x0000000100c62800
# instanceKlass java/lang/invoke/LambdaForm$MH+0x0000000100c62400
# instanceKlass java/lang/invoke/LambdaForm$MH+0x0000000100c62000
# instanceKlass java/lang/invoke/LambdaForm$MH+0x0000000100c61c00
# instanceKlass java/lang/invoke/LambdaForm$MH+0x0000000100c61800
instanceKlass org/gradle/workers/internal/WorkerDaemonClientCancellationHandler$KillWorkers
instanceKlass org/gradle/workers/internal/WorkerDaemonExpiration
instanceKlass org/gradle/workers/internal/WorkerDaemonClientsManager$LogLevelChangeEventListener
instanceKlass org/gradle/workers/internal/WorkerDaemonClientsManager$StopSessionScopedWorkers
instanceKlass org/gradle/workers/internal/WorkerDaemonStarter
instanceKlass  @bci org/gradle/workers/internal/WorkerDaemonClientsManager <clinit> ()V 16 <appendix> argL0 ; # org/gradle/workers/internal/WorkerDaemonClientsManager$$Lambda+0x0000000100c5f768
instanceKlass  @bci org/gradle/workers/internal/WorkerDaemonClientsManager <clinit> ()V 8 <appendix> argL0 ; # org/gradle/workers/internal/WorkerDaemonClientsManager$$Lambda+0x0000000100c5f528
instanceKlass org/gradle/workers/internal/WorkerDaemonClient
instanceKlass org/gradle/process/internal/health/memory/MemoryHolder
# instanceKlass java/lang/invoke/LambdaForm$MH+0x0000000100c61400
# instanceKlass java/lang/invoke/LambdaForm$MH+0x0000000100c61000
# instanceKlass java/lang/invoke/LambdaForm$MH+0x0000000100c60c00
# instanceKlass java/lang/invoke/LambdaForm$MH+0x0000000100c60800
# instanceKlass java/lang/invoke/LambdaForm$MH+0x0000000100c60400
# instanceKlass java/lang/invoke/LambdaForm$MH+0x0000000100c60000
# instanceKlass java/lang/invoke/LambdaForm$MH+0x0000000100c5ec00
# instanceKlass java/lang/invoke/LambdaForm$MH+0x0000000100c5e800
instanceKlass org/gradle/workers/internal/DefaultActionExecutionSpecFactory
instanceKlass org/gradle/internal/snapshot/impl/ArrayOfPrimitiveValueSnapshot
instanceKlass org/gradle/internal/snapshot/impl/EnumValueSnapshot
instanceKlass org/gradle/workers/internal/IsolatableSerializerRegistry$IsolatableSerializer
instanceKlass org/gradle/process/internal/worker/child/ApplicationClassesInSystemClassLoaderWorkerImplementationFactory
instanceKlass org/gradle/process/internal/worker/SingleRequestWorkerProcessBuilder
instanceKlass org/gradle/process/internal/worker/MultiRequestWorkerProcessBuilder
instanceKlass org/gradle/process/internal/worker/WorkerProcessBuilder
instanceKlass org/gradle/process/internal/worker/WorkerProcessSettings
instanceKlass org/gradle/process/internal/worker/DefaultWorkerProcessFactory
# instanceKlass java/lang/invoke/LambdaForm$MH+0x0000000100c5e400
# instanceKlass java/lang/invoke/LambdaForm$MH+0x0000000100c5e000
# instanceKlass java/lang/invoke/LambdaForm$MH+0x0000000100c5dc00
# instanceKlass java/lang/invoke/LambdaForm$MH+0x0000000100c5d800
# instanceKlass java/lang/invoke/LambdaForm$MH+0x0000000100c5d400
# instanceKlass java/lang/invoke/LambdaForm$MH+0x0000000100c5d000
# instanceKlass java/lang/invoke/LambdaForm$MH+0x0000000100c5cc00
# instanceKlass java/lang/invoke/LambdaForm$MH+0x0000000100c5c800
# instanceKlass java/lang/invoke/LambdaForm$MH+0x0000000100c5c400
# instanceKlass java/lang/invoke/LambdaForm$MH+0x0000000100c5c000
instanceKlass org/gradle/process/internal/health/memory/DefaultMemoryManager$MemoryCheck
instanceKlass org/gradle/process/internal/health/memory/DefaultMemoryManager$OsMemoryListener
instanceKlass org/gradle/process/internal/health/memory/DefaultAvailableOsMemoryStatusAspect
instanceKlass org/gradle/process/internal/health/memory/OsMemoryStatusAspect$Available
instanceKlass org/gradle/process/internal/health/memory/OsMemoryStatusSnapshot
instanceKlass net/rubygrapefruit/platform/internal/jni/WindowsMemoryFunctions
instanceKlass net/rubygrapefruit/platform/internal/DefaultWindowsMemoryInfo
instanceKlass net/rubygrapefruit/platform/memory/WindowsMemoryInfo
instanceKlass net/rubygrapefruit/platform/memory/MemoryInfo
instanceKlass net/rubygrapefruit/platform/internal/DefaultWindowsMemory
instanceKlass org/gradle/process/internal/health/memory/JvmMemoryStatusListener
instanceKlass org/gradle/process/internal/health/memory/OsMemoryStatusAspect
instanceKlass org/gradle/process/internal/health/memory/DefaultMemoryManager
instanceKlass org/gradle/process/internal/health/memory/JvmMemoryStatus
instanceKlass org/gradle/process/internal/health/memory/DefaultJvmMemoryInfo
instanceKlass org/gradle/process/internal/health/memory/OsMemoryStatus
instanceKlass org/gradle/process/internal/health/memory/WindowsOsMemoryInfo
instanceKlass org/gradle/process/internal/health/memory/MBeanAttributeProvider
instanceKlass org/gradle/process/internal/health/memory/DefaultOsMemoryInfo
instanceKlass org/gradle/internal/jvm/inspection/DefaultJvmVersionDetector
instanceKlass org/gradle/internal/remote/internal/hub/MessageHubBackedServer
instanceKlass org/gradle/jvm/toolchain/JavadocTool
instanceKlass org/gradle/jvm/toolchain/internal/JavaToolchain
instanceKlass org/gradle/jvm/toolchain/JavaInstallationMetadata
instanceKlass  @bci org/gradle/api/plugins/JvmToolchainsPlugin_Decorated $gradleInit ()V 1 <appendix> member <vmtarget> ; # org/gradle/api/plugins/JvmToolchainsPlugin_Decorated$$Lambda+0x0000000100c54000
instanceKlass  @bci org/gradle/jvm/toolchain/internal/CurrentJvmToolchainSpec_Decorated $gradleInit ()V 1 <appendix> member <vmtarget> ; # org/gradle/jvm/toolchain/internal/CurrentJvmToolchainSpec_Decorated$$Lambda+0x0000000100c478c8
instanceKlass  @bci org/gradle/jvm/toolchain/internal/DefaultJvmVendorSpec <clinit> ()V 4 <appendix> argL0 ; # org/gradle/jvm/toolchain/internal/DefaultJvmVendorSpec$$Lambda+0x0000000100c47668
instanceKlass org/gradle/internal/jvm/inspection/JvmVendor$1
instanceKlass  @bci org/gradle/jvm/toolchain/internal/DefaultJvmVendorSpec of (Lorg/gradle/internal/jvm/inspection/JvmVendor$KnownJvmVendor;)Lorg/gradle/jvm/toolchain/JvmVendorSpec; 5 <appendix> member <vmtarget> ; # org/gradle/jvm/toolchain/internal/DefaultJvmVendorSpec$$Lambda+0x0000000100c471a0
instanceKlass org/gradle/internal/jvm/inspection/JvmVendor
instanceKlass org/gradle/jvm/toolchain/JvmImplementation
instanceKlass org/gradle/jvm/toolchain/JvmVendorSpec
instanceKlass org/gradle/jvm/toolchain/internal/DefaultToolchainSpec
# instanceKlass java/lang/invoke/LambdaForm$MH+0x0000000100c51400
# instanceKlass java/lang/invoke/LambdaForm$MH+0x0000000100c51000
# instanceKlass java/lang/invoke/LambdaForm$MH+0x0000000100c50c00
# instanceKlass java/lang/invoke/LambdaForm$MH+0x0000000100c50800
# instanceKlass java/lang/invoke/LambdaForm$MH+0x0000000100c50400
# instanceKlass java/lang/invoke/LambdaForm$MH+0x0000000100c50000
instanceKlass org/gradle/jvm/toolchain/internal/JavaToolchainQueryService$1
instanceKlass  @bci org/gradle/jvm/toolchain/internal/install/DefaultJavaToolchainProvisioningService <init> (Lorg/gradle/jvm/toolchain/JavaToolchainResolverRegistry;Lorg/gradle/jvm/toolchain/internal/install/SecureFileDownloader;Lorg/gradle/jvm/toolchain/internal/JdkCacheDirectory;Lorg/gradle/api/provider/ProviderFactory;Lorg/gradle/internal/operations/BuildOperationRunner;Lorg/gradle/platform/BuildPlatform;)V 35 <appendix> argL0 ; # org/gradle/jvm/toolchain/internal/install/DefaultJavaToolchainProvisioningService$$Lambda+0x0000000100c4fa28
# instanceKlass java/lang/invoke/LambdaForm$MH+0x0000000100c4dc00
# instanceKlass java/lang/invoke/LambdaForm$MH+0x0000000100c4d800
# instanceKlass java/lang/invoke/LambdaForm$MH+0x0000000100c4d400
# instanceKlass java/lang/invoke/LambdaForm$MH+0x0000000100c4d000
# instanceKlass java/lang/invoke/LambdaForm$MH+0x0000000100c4cc00
# instanceKlass java/lang/invoke/LambdaForm$MH+0x0000000100c4c800
# instanceKlass java/lang/invoke/LambdaForm$MH+0x0000000100c4c400
instanceKlass  @bci org/gradle/platform/internal/DefaultBuildPlatform_Decorated $gradleInit ()V 1 <appendix> member <vmtarget> ; # org/gradle/platform/internal/DefaultBuildPlatform_Decorated$$Lambda+0x0000000100c4f7f0
instanceKlass  @bci org/gradle/platform/internal/DefaultBuildPlatform <init> (Lnet/rubygrapefruit/platform/SystemInfo;Lorg/gradle/internal/os/OperatingSystem;)V 19 <appendix> member <vmtarget> ; # org/gradle/platform/internal/DefaultBuildPlatform$$Lambda+0x0000000100c4f5a0
instanceKlass  @bci org/gradle/platform/internal/DefaultBuildPlatform <init> (Lnet/rubygrapefruit/platform/SystemInfo;Lorg/gradle/internal/os/OperatingSystem;)V 6 <appendix> member <vmtarget> ; # org/gradle/platform/internal/DefaultBuildPlatform$$Lambda+0x0000000100c4f350
instanceKlass net/rubygrapefruit/platform/internal/MutableSystemInfo
instanceKlass net/rubygrapefruit/platform/internal/DefaultSystemInfo
instanceKlass  @bci org/gradle/jvm/toolchain/internal/DefaultJavaToolchainResolverRegistry_Decorated $gradleInit ()V 1 <appendix> member <vmtarget> ; # org/gradle/jvm/toolchain/internal/DefaultJavaToolchainResolverRegistry_Decorated$$Lambda+0x0000000100c4e898
instanceKlass  @bci org/gradle/jvm/toolchain/internal/DefaultJavaToolchainRepositoryHandler_Decorated $gradleInit ()V 1 <appendix> member <vmtarget> ; # org/gradle/jvm/toolchain/internal/DefaultJavaToolchainRepositoryHandler_Decorated$$Lambda+0x0000000100c4e660
instanceKlass org/gradle/jvm/toolchain/internal/DefaultJavaToolchainRepositoryHandler$RepositoryNamer
instanceKlass org/gradle/jvm/toolchain/internal/JavaToolchainRepositoryInternal
instanceKlass  @bci org/gradle/jvm/toolchain/internal/DefaultJavaToolchainResolverRegistry <clinit> ()V 0 <appendix> argL0 ; # org/gradle/jvm/toolchain/internal/DefaultJavaToolchainResolverRegistry$$Lambda+0x0000000100c3ec90
instanceKlass org/gradle/jvm/toolchain/internal/DefaultJavaToolchainRepositoryHandler
instanceKlass org/gradle/jvm/toolchain/internal/RealizedJavaToolchainRepository
instanceKlass org/gradle/jvm/toolchain/JavaToolchainRepository
instanceKlass org/gradle/jvm/toolchain/internal/JavaToolchainRepositoryHandlerInternal
instanceKlass org/gradle/jvm/toolchain/JavaToolchainRepositoryHandler
# instanceKlass java/lang/invoke/LambdaForm$MH+0x0000000100c4c000
# instanceKlass java/lang/invoke/LambdaForm$MH+0x0000000100c4bc00
# instanceKlass java/lang/invoke/LambdaForm$MH+0x0000000100c4b800
# instanceKlass java/lang/invoke/LambdaForm$MH+0x0000000100c4b400
# instanceKlass java/lang/invoke/LambdaForm$MH+0x0000000100c4b000
instanceKlass  @bci org/gradle/internal/jvm/inspection/DefaultJavaInstallationRegistry <init> (Lorg/gradle/jvm/toolchain/internal/ToolchainConfiguration;Ljava/util/List;Ljava/util/List;Lorg/gradle/internal/jvm/inspection/JvmMetadataDetector;Lorg/gradle/api/logging/Logger;Lorg/gradle/internal/operations/BuildOperationRunner;Lorg/gradle/internal/os/OperatingSystem;Lorg/gradle/internal/logging/progress/ProgressLoggerFactory;Lorg/gradle/internal/jvm/inspection/JvmInstallationProblemReporter;)V 58 <appendix> member <vmtarget> ; # org/gradle/internal/jvm/inspection/DefaultJavaInstallationRegistry$$Lambda+0x0000000100c45288
instanceKlass org/gradle/internal/jvm/inspection/DefaultJavaInstallationRegistry$Installations
instanceKlass  @bci org/gradle/jvm/internal/services/ProviderBackedToolchainConfiguration isAutoDetectEnabled ()Z 11 <appendix> argL0 ; # org/gradle/jvm/internal/services/ProviderBackedToolchainConfiguration$$Lambda+0x0000000100c3db58
instanceKlass org/gradle/jvm/toolchain/internal/AutoInstalledInstallationSupplier
instanceKlass org/gradle/jvm/toolchain/internal/CurrentInstallationSupplier
instanceKlass org/gradle/jvm/toolchain/internal/LocationListInstallationSupplier
instanceKlass org/gradle/jvm/toolchain/internal/EnvironmentVariableListInstallationSupplier
instanceKlass org/gradle/internal/jvm/inspection/DefaultJavaInstallationRegistry
# instanceKlass java/lang/invoke/LambdaForm$MH+0x0000000100c4ac00
# instanceKlass java/lang/invoke/LambdaForm$MH+0x0000000100c4a800
# instanceKlass java/lang/invoke/LambdaForm$MH+0x0000000100c4a400
# instanceKlass java/lang/invoke/LambdaForm$MH+0x0000000100c4a000
# instanceKlass java/lang/invoke/LambdaForm$MH+0x0000000100c49c00
# instanceKlass java/lang/invoke/LambdaForm$MH+0x0000000100c49800
# instanceKlass java/lang/invoke/LambdaForm$MH+0x0000000100c49400
# instanceKlass java/lang/invoke/LambdaForm$MH+0x0000000100c49000
instanceKlass  @bci org/gradle/jvm/toolchain/internal/install/DefaultJdkCacheDirectory_Decorated $gradleInit ()V 1 <appendix> member <vmtarget> ; # org/gradle/jvm/toolchain/internal/install/DefaultJdkCacheDirectory_Decorated$$Lambda+0x0000000100c44218
# instanceKlass java/lang/invoke/LambdaForm$MH+0x0000000100c48c00
# instanceKlass java/lang/invoke/LambdaForm$MH+0x0000000100c48800
# instanceKlass java/lang/invoke/LambdaForm$MH+0x0000000100c48400
# instanceKlass java/lang/invoke/LambdaForm$MH+0x0000000100c48000
instanceKlass org/gradle/internal/jvm/inspection/JavaInstallationCapability$1
instanceKlass  @bci java/util/function/Function andThen (Ljava/util/function/Function;)Ljava/util/function/Function; 7 <appendix> member <vmtarget> ; # java/util/function/Function$$Lambda+0x0000000100b787f0
instanceKlass  @bci org/gradle/internal/RenderingUtils oxfordJoin (Ljava/lang/String;)Ljava/util/stream/Collector; 4 <appendix> member <vmtarget> ; # org/gradle/internal/RenderingUtils$$Lambda+0x0000000100c33c40
instanceKlass org/gradle/internal/RenderingUtils
instanceKlass  @bci org/gradle/jvm/toolchain/internal/install/DefaultJdkCacheDirectory <clinit> ()V 16 <appendix> argL0 ; # org/gradle/jvm/toolchain/internal/install/DefaultJdkCacheDirectory$$Lambda+0x0000000100c337d8
instanceKlass org/gradle/jvm/toolchain/internal/install/DefaultJdkCacheDirectory$UnpackedRoot
instanceKlass org/gradle/jvm/toolchain/internal/install/DefaultJdkCacheDirectory
# instanceKlass java/lang/invoke/LambdaForm$MH+0x0000000100c43c00
# instanceKlass java/lang/invoke/LambdaForm$MH+0x0000000100c43800
# instanceKlass java/lang/invoke/LambdaForm$MH+0x0000000100c43400
# instanceKlass java/lang/invoke/LambdaForm$MH+0x0000000100c43000
# instanceKlass java/lang/invoke/LambdaForm$MH+0x0000000100c42c00
# instanceKlass java/lang/invoke/LambdaForm$MH+0x0000000100c42800
# instanceKlass java/lang/invoke/LambdaForm$MH+0x0000000100c42400
# instanceKlass java/lang/invoke/LambdaForm$MH+0x0000000100c42000
# instanceKlass java/lang/invoke/LambdaForm$MH+0x0000000100c41c00
# instanceKlass java/lang/invoke/LambdaForm$MH+0x0000000100c41800
# instanceKlass java/lang/invoke/LambdaForm$MH+0x0000000100c41400
# instanceKlass java/lang/invoke/LambdaForm$MH+0x0000000100c41000
# instanceKlass java/lang/invoke/LambdaForm$MH+0x0000000100c40c00
# instanceKlass java/lang/invoke/LambdaForm$MH+0x0000000100c40800
# instanceKlass java/lang/invoke/LambdaForm$MH+0x0000000100c40400
# instanceKlass java/lang/invoke/LambdaForm$MH+0x0000000100c40000
# instanceKlass java/lang/invoke/LambdaForm$MH+0x0000000100c3bc00
# instanceKlass java/lang/invoke/LambdaForm$MH+0x0000000100c3b800
# instanceKlass java/lang/invoke/LambdaForm$MH+0x0000000100c3b400
# instanceKlass java/lang/invoke/LambdaForm$MH+0x0000000100c3b000
# instanceKlass java/lang/invoke/LambdaForm$MH+0x0000000100c3ac00
# instanceKlass java/lang/invoke/LambdaForm$BMH+0x0000000100c3a800
# instanceKlass java/lang/invoke/LambdaForm$DMH+0x0000000100c3a400
# instanceKlass java/lang/invoke/LambdaForm$DMH+0x0000000100c3a000
instanceKlass net/rubygrapefruit/platform/internal/DefaultWindowsRegistry
instanceKlass  @bci javax/xml/parsers/FactoryFinder newInstance (Ljava/lang/Class;Ljava/lang/String;Ljava/lang/ClassLoader;ZZ)Ljava/lang/Object; 104 <appendix> member <vmtarget> ; # javax/xml/parsers/FactoryFinder$$Lambda+0x0000000100b785b8
instanceKlass com/sun/org/apache/xerces/internal/utils/XMLSecurityPropertyManager
instanceKlass com/sun/org/apache/xerces/internal/utils/XMLSecurityManager
instanceKlass  @bci javax/xml/parsers/FactoryFinder find (Ljava/lang/Class;Ljava/lang/String;)Ljava/lang/Object; 104 <appendix> member <vmtarget> ; # javax/xml/parsers/FactoryFinder$$Lambda+0x0000000100b76af0
instanceKlass javax/xml/parsers/FactoryFinder$1
instanceKlass  @bci javax/xml/parsers/FactoryFinder find (Ljava/lang/Class;Ljava/lang/String;)Ljava/lang/Object; 6 <appendix> member <vmtarget> ; # javax/xml/parsers/FactoryFinder$$Lambda+0x0000000100b76678
instanceKlass javax/xml/parsers/FactoryFinder
instanceKlass javax/xml/parsers/DocumentBuilderFactory
instanceKlass  @bci javax/xml/xpath/XPathFactoryFinder newFactory (Ljava/lang/String;)Ljavax/xml/xpath/XPathFactory; 24 <appendix> member <vmtarget> ; # javax/xml/xpath/XPathFactoryFinder$$Lambda+0x0000000100b75f68
instanceKlass jdk/xml/internal/XMLSecurityManager
instanceKlass jdk/xml/internal/JdkXmlFeatures
instanceKlass  @bci javax/xml/xpath/XPathFactoryFinder _newFactory (Ljava/lang/String;)Ljavax/xml/xpath/XPathFactory; 154 <appendix> argL0 ; # javax/xml/xpath/XPathFactoryFinder$$Lambda+0x0000000100b73bf8
instanceKlass javax/xml/xpath/XPathFactoryFinder$2
instanceKlass  @bci jdk/xml/internal/SecuritySupport getFileInputStream (Ljava/io/File;)Ljava/io/FileInputStream; 1 <appendix> member <vmtarget> ; # jdk/xml/internal/SecuritySupport$$Lambda+0x0000000100b73778
instanceKlass  @bci jdk/xml/internal/SecuritySupport doesFileExist (Ljava/io/File;)Z 1 <appendix> member <vmtarget> ; # jdk/xml/internal/SecuritySupport$$Lambda+0x0000000100b73540
instanceKlass  @bci javax/xml/xpath/XPathFactoryFinder _newFactory (Ljava/lang/String;)Ljavax/xml/xpath/XPathFactory; 58 <appendix> argL0 ; # javax/xml/xpath/XPathFactoryFinder$$Lambda+0x0000000100b73310
instanceKlass  @bci javax/xml/xpath/XPathFactoryFinder _newFactory (Ljava/lang/String;)Ljavax/xml/xpath/XPathFactory; 16 <appendix> member <vmtarget> ; # javax/xml/xpath/XPathFactoryFinder$$Lambda+0x0000000100b730d8
instanceKlass  @bci jdk/xml/internal/SecuritySupport getSystemProperty (Ljava/lang/String;)Ljava/lang/String; 1 <appendix> member <vmtarget> ; # jdk/xml/internal/SecuritySupport$$Lambda+0x0000000100b72ea0
instanceKlass javax/xml/xpath/XPathFactoryFinder
instanceKlass  @bci jdk/xml/internal/SecuritySupport getContextClassLoader ()Ljava/lang/ClassLoader; 0 <appendix> argL0 ; # jdk/xml/internal/SecuritySupport$$Lambda+0x0000000100b72a40
instanceKlass jdk/xml/internal/SecuritySupport
instanceKlass javax/xml/xpath/XPathFactory
instanceKlass org/gradle/internal/xml/XmlFactories
instanceKlass org/gradle/api/plugins/JvmToolchainsPlugin
instanceKlass  @bci org/gradle/api/reporting/ReportingExtension_Decorated $gradleInit ()V 1 <appendix> member <vmtarget> ; # org/gradle/api/reporting/ReportingExtension_Decorated$$Lambda+0x0000000100c3d318
instanceKlass  @bci org/gradle/api/internal/DefaultPolymorphicDomainObjectContainer_Decorated $gradleInit ()V 1 <appendix> member <vmtarget> ; # org/gradle/api/internal/DefaultPolymorphicDomainObjectContainer_Decorated$$Lambda+0x0000000100c32230
# instanceKlass java/lang/invoke/LambdaForm$MH+0x0000000100c39c00
# instanceKlass java/lang/invoke/LambdaForm$MH+0x0000000100c39800
instanceKlass org/gradle/api/reporting/ReportSpec
instanceKlass org/gradle/api/reporting/ReportingExtension
instanceKlass  @bci org/gradle/api/plugins/ReportingBasePlugin_Decorated $gradleInit ()V 1 <appendix> member <vmtarget> ; # org/gradle/api/plugins/ReportingBasePlugin_Decorated$$Lambda+0x0000000100c3c888
instanceKlass org/gradle/api/plugins/ReportingBasePlugin
instanceKlass  @bci org/gradle/api/internal/artifacts/type/DefaultArtifactTypeContainer$DefaultArtifactTypeDefinition_Decorated $gradleInit ()V 1 <appendix> member <vmtarget> ; # org/gradle/api/internal/artifacts/type/DefaultArtifactTypeContainer$DefaultArtifactTypeDefinition_Decorated$$Lambda+0x0000000100c3c000
instanceKlass org/gradle/api/internal/artifacts/type/DefaultArtifactTypeContainer$DefaultArtifactTypeDefinition
instanceKlass  @bci org/gradle/api/internal/artifacts/type/DefaultArtifactTypeContainer_Decorated $gradleInit ()V 1 <appendix> member <vmtarget> ; # org/gradle/api/internal/artifacts/type/DefaultArtifactTypeContainer_Decorated$$Lambda+0x0000000100c375e8
instanceKlass  @bci org/gradle/api/plugins/JvmEcosystemPlugin_Decorated $gradleInit ()V 1 <appendix> member <vmtarget> ; # org/gradle/api/plugins/JvmEcosystemPlugin_Decorated$$Lambda+0x0000000100c2fc68
instanceKlass  @bci org/gradle/api/internal/tasks/DefaultSourceSetContainer_Decorated $gradleInit ()V 1 <appendix> member <vmtarget> ; # org/gradle/api/internal/tasks/DefaultSourceSetContainer_Decorated$$Lambda+0x0000000100c2fa30
instanceKlass org/gradle/api/internal/tasks/DefaultSourceSetContainer$1
# instanceKlass java/lang/invoke/LambdaForm$MH+0x0000000100c39400
# instanceKlass java/lang/invoke/LambdaForm$MH+0x0000000100c39000
# instanceKlass java/lang/invoke/LambdaForm$MH+0x0000000100c38c00
# instanceKlass java/lang/invoke/LambdaForm$MH+0x0000000100c38800
# instanceKlass java/lang/invoke/LambdaForm$MH+0x0000000100c38400
# instanceKlass java/lang/invoke/LambdaForm$MH+0x0000000100c38000
instanceKlass org/gradle/api/plugins/JvmEcosystemPlugin
instanceKlass  @bci org/gradle/api/plugins/BasePlugin configureAssemble (Lorg/gradle/api/internal/project/ProjectInternal;)V 8 <appendix> argL0 ; # org/gradle/api/plugins/BasePlugin$$Lambda+0x0000000100c2def0
instanceKlass  @bci org/gradle/api/plugins/BasePlugin lambda$configureConfigurations$4 (Lorg/gradle/api/artifacts/Configuration;Lorg/gradle/api/internal/plugins/DefaultArtifactPublicationSet;Lorg/gradle/api/artifacts/Configuration;)V 16 <appendix> member <vmtarget> ; # org/gradle/api/plugins/BasePlugin$$Lambda+0x0000000100c2dcb8
instanceKlass org/gradle/api/internal/ExecuteDomainObjectCollectionCallbackBuildOperationType$1
instanceKlass org/gradle/api/internal/ExecuteDomainObjectCollectionCallbackBuildOperationType$Result
instanceKlass org/gradle/api/internal/ExecuteDomainObjectCollectionCallbackBuildOperationType
instanceKlass org/gradle/api/internal/DefaultCollectionCallbackActionDecorator$OperationDetails
instanceKlass org/gradle/api/internal/DefaultCollectionCallbackActionDecorator$Operation
instanceKlass  @bci org/gradle/api/plugins/BasePlugin configureConfigurations (Lorg/gradle/api/Project;)V 96 <appendix> member <vmtarget> ; # org/gradle/api/plugins/BasePlugin$$Lambda+0x0000000100c2da80
instanceKlass  @bci org/gradle/api/internal/plugins/DefaultArtifactPublicationSet_Decorated $gradleInit ()V 1 <appendix> member <vmtarget> ; # org/gradle/api/internal/plugins/DefaultArtifactPublicationSet_Decorated$$Lambda+0x0000000100c2d848
instanceKlass  @bci org/gradle/api/plugins/BasePlugin configureArchiveDefaults (Lorg/gradle/api/Project;Lorg/gradle/api/plugins/BasePluginExtension;)V 15 <appendix> member <vmtarget> ; # org/gradle/api/plugins/BasePlugin$$Lambda+0x0000000100c2ccc8
instanceKlass org/gradle/api/internal/plugins/BuildConfigurationRule
instanceKlass org/gradle/api/internal/file/DefaultFilePropertyFactory$PathToDirectoryTransformer
instanceKlass  @bci org/gradle/api/plugins/BasePlugin addConvention (Lorg/gradle/api/Project;Lorg/gradle/api/plugins/BasePluginExtension;)V 27 <appendix> member <vmtarget> ; # org/gradle/api/plugins/BasePlugin$$Lambda+0x0000000100c2c580
instanceKlass  @bci org/gradle/api/plugins/internal/DefaultBasePluginConvention_Decorated $gradleInit ()V 1 <appendix> member <vmtarget> ; # org/gradle/api/plugins/internal/DefaultBasePluginConvention_Decorated$$Lambda+0x0000000100c2c348
instanceKlass  @bci org/gradle/api/plugins/internal/DefaultBasePluginExtension_Decorated $gradleInit ()V 1 <appendix> member <vmtarget> ; # org/gradle/api/plugins/internal/DefaultBasePluginExtension_Decorated$$Lambda+0x0000000100c2ba00
instanceKlass org/gradle/api/plugins/internal/DefaultBasePluginExtension
instanceKlass  @bci org/gradle/language/base/plugins/LifecycleBasePlugin addBuild (Lorg/gradle/api/Project;)V 8 <appendix> argL0 ; # org/gradle/language/base/plugins/LifecycleBasePlugin$$Lambda+0x0000000100c2b0a0
instanceKlass  @bci org/gradle/language/base/plugins/LifecycleBasePlugin addCheck (Lorg/gradle/api/Project;)V 8 <appendix> argL0 ; # org/gradle/language/base/plugins/LifecycleBasePlugin$$Lambda+0x0000000100c2ae70
instanceKlass  @bci org/gradle/language/base/plugins/LifecycleBasePlugin addAssemble (Lorg/gradle/api/Project;)V 8 <appendix> argL0 ; # org/gradle/language/base/plugins/LifecycleBasePlugin$$Lambda+0x0000000100c2ac40
instanceKlass org/gradle/language/base/internal/plugins/CleanRule
instanceKlass  @bci org/gradle/language/base/plugins/LifecycleBasePlugin addClean (Lorg/gradle/api/internal/project/ProjectInternal;)V 62 <appendix> argL0 ; # org/gradle/language/base/plugins/LifecycleBasePlugin$$Lambda+0x0000000100c2a7c0
instanceKlass  @bci org/gradle/language/base/plugins/LifecycleBasePlugin addClean (Lorg/gradle/api/internal/project/ProjectInternal;)V 47 <appendix> member <vmtarget> ; # org/gradle/language/base/plugins/LifecycleBasePlugin$$Lambda+0x0000000100c2a588
instanceKlass  @bci org/gradle/language/base/plugins/LifecycleBasePlugin_Decorated $gradleInit ()V 1 <appendix> member <vmtarget> ; # org/gradle/language/base/plugins/LifecycleBasePlugin_Decorated$$Lambda+0x0000000100c2a350
instanceKlass org/gradle/language/base/plugins/LifecycleBasePlugin
instanceKlass  @bci org/gradle/api/plugins/BasePlugin_Decorated $gradleInit ()V 1 <appendix> member <vmtarget> ; # org/gradle/api/plugins/BasePlugin_Decorated$$Lambda+0x0000000100c29ac8
instanceKlass org/gradle/api/internal/plugins/DefaultArtifactPublicationSet
instanceKlass org/gradle/api/plugins/BasePluginConvention
instanceKlass org/gradle/api/plugins/BasePlugin
instanceKlass  @bci org/gradle/api/plugins/JavaBasePlugin_Decorated $gradleInit ()V 1 <appendix> member <vmtarget> ; # org/gradle/api/plugins/JavaBasePlugin_Decorated$$Lambda+0x0000000100b2f9b8
instanceKlass org/gradle/api/plugins/internal/JavaConfigurationVariantMapping
instanceKlass org/gradle/api/plugins/BasePluginExtension
instanceKlass org/gradle/api/internal/tasks/compile/HasCompileOptions
instanceKlass org/gradle/api/tasks/VerificationTask
instanceKlass org/gradle/api/plugins/internal/DefaultJavaPluginExtension
instanceKlass org/gradle/api/plugins/JavaPluginExtension
instanceKlass org/gradle/api/plugins/JavaBasePlugin$BackwardCompatibilityOutputDirectoryConvention
instanceKlass org/gradle/api/plugins/JavaBasePlugin
instanceKlass com/android/build/gradle/internal/errors/IncompatibleProjectOptionsReporter
instanceKlass com/android/build/gradle/internal/errors/OptionInfo
instanceKlass com/android/build/gradle/internal/plugins/BasePlugin$configureProject$3
# instanceKlass java/lang/invoke/LambdaForm$DMH+0x0000000100c1d400
# instanceKlass java/lang/invoke/LambdaForm$MH+0x0000000100c1d000
# instanceKlass java/lang/invoke/LambdaForm$MH+0x0000000100c1cc00
# instanceKlass java/lang/invoke/LambdaForm$DMH+0x0000000100c1c800
# instanceKlass java/lang/invoke/LambdaForm$MH+0x0000000100c1c400
# instanceKlass java/lang/invoke/LambdaForm$MH+0x0000000100c1c000
instanceKlass  @bci com/android/build/gradle/internal/services/FakeDependencyJarBuildService$Params_Decorated $gradleInit ()V 1 <appendix> member <vmtarget> ; # com/android/build/gradle/internal/services/FakeDependencyJarBuildService$Params_Decorated$$Lambda+0x0000000100c1b3b0
instanceKlass com/android/build/gradle/internal/services/FakeDependencyJarBuildService$Params_Decorated
instanceKlass com/android/build/gradle/internal/services/FakeDependencyJarBuildService$Params
instanceKlass com/android/build/gradle/internal/services/FakeDependencyJarBuildService
instanceKlass com/android/build/gradle/internal/dependency/JacocoInstrumentationService
instanceKlass com/android/build/gradle/internal/services/LintClassLoaderBuildService
instanceKlass com/android/build/gradle/internal/lint/LintFixBuildService
instanceKlass com/android/build/gradle/internal/services/ClassesHierarchyBuildService
instanceKlass com/android/build/gradle/internal/services/SymbolTableBuildService
instanceKlass  @bci com/android/build/gradle/internal/AvdComponentsBuildService$Parameters_Decorated $gradleInit ()V 1 <appendix> member <vmtarget> ; # com/android/build/gradle/internal/AvdComponentsBuildService$Parameters_Decorated$$Lambda+0x0000000100c19010
instanceKlass com/android/build/gradle/internal/AvdComponentsBuildService$Parameters_Decorated
instanceKlass com/android/repository/Revision
instanceKlass com/android/build/gradle/internal/AvdComponentsBuildService$Parameters
instanceKlass com/android/build/gradle/internal/AvdComponentsBuildService
instanceKlass com/android/build/gradle/internal/plugins/BasePlugin$configureProject$2
instanceKlass com/android/build/gradle/internal/plugins/BasePlugin$configureProject$1
instanceKlass  @bci com/android/build/gradle/internal/SdkComponentsBuildService$Parameters_Decorated $gradleInit ()V 1 <appendix> member <vmtarget> ; # com/android/build/gradle/internal/SdkComponentsBuildService$Parameters_Decorated$$Lambda+0x0000000100c15db0
instanceKlass com/android/build/gradle/internal/SdkComponentsBuildService$Parameters_Decorated
instanceKlass com/android/build/gradle/internal/SdkComponentsBuildService$Parameters
instanceKlass com/android/build/gradle/internal/SdkComponentsBuildService
instanceKlass org/gradle/api/internal/file/DefaultFilePropertyFactory$AbstractFileVar$1
instanceKlass com/android/build/gradle/internal/ManagedDeviceUtilsKt$getManagedDeviceAvdFolder$1
instanceKlass com/android/build/gradle/internal/ManagedDeviceUtilsKt
instanceKlass  @bci com/android/build/gradle/internal/services/AndroidLocationsBuildService$Inject $gradleInit ()V 1 <appendix> member <vmtarget> ; # com/android/build/gradle/internal/services/AndroidLocationsBuildService$Inject$$Lambda+0x0000000100c13930
instanceKlass  @bci com/android/build/gradle/internal/services/AndroidLocationsBuildService$AndroidDirectoryCreator$Inject $gradleInit ()V 1 <appendix> member <vmtarget> ; # com/android/build/gradle/internal/services/AndroidLocationsBuildService$AndroidDirectoryCreator$Inject$$Lambda+0x0000000100c136f8
instanceKlass  @bci com/android/build/gradle/internal/services/AndroidLocationsBuildService$AndroidDirectoryCreator$Params$Inject $gradleInit ()V 1 <appendix> member <vmtarget> ; # com/android/build/gradle/internal/services/AndroidLocationsBuildService$AndroidDirectoryCreator$Params$Inject$$Lambda+0x0000000100c13168
instanceKlass com/android/build/gradle/internal/services/AndroidLocationsBuildService$AndroidDirectoryCreator$Params$Inject
instanceKlass org/gradle/internal/classpath/FileUtils
instanceKlass org/gradle/internal/classpath/declarations/NioFileInterceptors
instanceKlass com/android/ProgressManagerAdapter
instanceKlass com/android/io/CancellableFileIo
instanceKlass com/android/prefs/QueryResult
instanceKlass kotlin/collections/CollectionsKt___CollectionsKt$asSequence$$inlined$Sequence$1
instanceKlass com/android/prefs/VariableValue
instanceKlass com/android/prefs/LocationValue
instanceKlass  @bci org/gradle/api/internal/provider/sources/EnvironmentVariableValueSource$Inject $gradleInit ()V 1 <appendix> member <vmtarget> ; # org/gradle/api/internal/provider/sources/EnvironmentVariableValueSource$Inject$$Lambda+0x0000000100c17360
# instanceKlass java/lang/invoke/LambdaForm$MH+0x0000000100c14800
instanceKlass  @bci org/gradle/api/internal/provider/sources/EnvironmentVariableValueSource$Parameters$Inject $gradleInit ()V 1 <appendix> member <vmtarget> ; # org/gradle/api/internal/provider/sources/EnvironmentVariableValueSource$Parameters$Inject$$Lambda+0x0000000100c16dc0
instanceKlass org/gradle/api/internal/provider/sources/EnvironmentVariableValueSource$Parameters$Inject
instanceKlass  @bci org/gradle/api/internal/provider/sources/EnvironmentVariableValueSource$Parameters_Decorated $gradleInit ()V 1 <appendix> member <vmtarget> ; # org/gradle/api/internal/provider/sources/EnvironmentVariableValueSource$Parameters_Decorated$$Lambda+0x0000000100c16858
instanceKlass org/gradle/api/internal/provider/sources/EnvironmentVariableValueSource$Parameters_Decorated
instanceKlass org/gradle/api/internal/provider/sources/EnvironmentVariableValueSource$Parameters
instanceKlass  @bci org/gradle/api/internal/provider/DefaultProviderFactory environmentVariable (Lorg/gradle/api/provider/Provider;)Lorg/gradle/api/provider/Provider; 4 <appendix> member <vmtarget> ; # org/gradle/api/internal/provider/DefaultProviderFactory$$Lambda+0x0000000100c16000
instanceKlass org/gradle/api/internal/provider/sources/EnvironmentVariableValueSource
instanceKlass  @bci org/gradle/api/internal/provider/sources/SystemPropertyValueSource$Inject $gradleInit ()V 1 <appendix> member <vmtarget> ; # org/gradle/api/internal/provider/sources/SystemPropertyValueSource$Inject$$Lambda+0x0000000100bdfad8
instanceKlass  @bci org/gradle/api/internal/provider/sources/SystemPropertyValueSource$Parameters$Inject $gradleInit ()V 1 <appendix> member <vmtarget> ; # org/gradle/api/internal/provider/sources/SystemPropertyValueSource$Parameters$Inject$$Lambda+0x0000000100bdf530
instanceKlass org/gradle/api/internal/provider/sources/SystemPropertyValueSource$Parameters$Inject
instanceKlass  @bci org/gradle/api/internal/provider/sources/SystemPropertyValueSource$Parameters_Decorated $gradleInit ()V 1 <appendix> member <vmtarget> ; # org/gradle/api/internal/provider/sources/SystemPropertyValueSource$Parameters_Decorated$$Lambda+0x0000000100bdefb8
instanceKlass org/gradle/api/internal/provider/sources/SystemPropertyValueSource$Parameters_Decorated
instanceKlass org/gradle/api/internal/provider/sources/SystemPropertyValueSource$Parameters
instanceKlass  @bci org/gradle/api/internal/provider/DefaultProviderFactory systemProperty (Lorg/gradle/api/provider/Provider;)Lorg/gradle/api/provider/Provider; 4 <appendix> member <vmtarget> ; # org/gradle/api/internal/provider/DefaultProviderFactory$$Lambda+0x0000000100bde750
instanceKlass com/android/prefs/PathLocator$WhenMappings
instanceKlass com/android/utils/NullLogger
instanceKlass com/android/prefs/PathLocator
instanceKlass  @bci com/android/build/gradle/internal/services/AndroidLocationsBuildService$AndroidDirectoryCreator$Params_Decorated $gradleInit ()V 1 <appendix> member <vmtarget> ; # com/android/build/gradle/internal/services/AndroidLocationsBuildService$AndroidDirectoryCreator$Params_Decorated$$Lambda+0x0000000100c10630
instanceKlass com/android/build/gradle/internal/services/AndroidLocationsBuildService$AndroidDirectoryCreator$Params_Decorated
instanceKlass com/android/build/gradle/internal/services/AndroidLocationsBuildService$AndroidDirectoryCreator$Params
instanceKlass com/android/build/gradle/internal/services/ConfigPhaseFileCreator$Params
instanceKlass com/android/build/gradle/internal/services/AndroidLocationsBuildService$androidLocations$1$1
instanceKlass com/android/build/gradle/internal/services/AndroidLocationsBuildService$AndroidDirectoryCreator
instanceKlass com/android/build/gradle/internal/services/ConfigPhaseFileCreator
instanceKlass com/android/build/gradle/internal/utils/GradleEnvironmentProviderImpl
instanceKlass com/android/build/gradle/internal/utils/GradleEnvironmentProvider
instanceKlass com/android/utils/EnvironmentProvider$DirectEnvironmentProvider
instanceKlass com/android/build/gradle/internal/utils/EnvironmentProviderImpl
instanceKlass com/android/utils/EnvironmentProvider
instanceKlass com/android/prefs/AbstractAndroidLocations$Companion
instanceKlass com/android/prefs/AbstractAndroidLocations
instanceKlass com/android/build/gradle/internal/services/BuildServicesKt$getBuildService$1
instanceKlass  @bci com/android/build/gradle/internal/services/Aapt2DaemonBuildService$Parameters_Decorated $gradleInit ()V 1 <appendix> member <vmtarget> ; # com/android/build/gradle/internal/services/Aapt2DaemonBuildService$Parameters_Decorated$$Lambda+0x0000000100c0d800
instanceKlass com/android/build/gradle/internal/services/Aapt2DaemonBuildService$Parameters
instanceKlass com/android/build/gradle/internal/services/Aapt2DaemonBuildService
instanceKlass  @bci com/android/build/gradle/internal/services/Aapt2ThreadPoolBuildService$Params_Decorated $gradleInit ()V 1 <appendix> member <vmtarget> ; # com/android/build/gradle/internal/services/Aapt2ThreadPoolBuildService$Params_Decorated$$Lambda+0x0000000100c0cb20
instanceKlass com/android/build/gradle/internal/services/Aapt2ThreadPoolBuildService$Params_Decorated
instanceKlass com/android/build/gradle/internal/services/Aapt2ThreadPoolBuildService$Params
instanceKlass com/android/build/gradle/internal/services/Aapt2ThreadPoolBuildServiceKt
instanceKlass com/android/build/gradle/internal/services/Aapt2ThreadPoolBuildService
instanceKlass  @bci com/android/build/gradle/internal/ide/v2/GlobalSyncService$Parameters_Decorated $gradleInit ()V 1 <appendix> member <vmtarget> ; # com/android/build/gradle/internal/ide/v2/GlobalSyncService$Parameters_Decorated$$Lambda+0x0000000100c0bc20
instanceKlass com/android/build/gradle/internal/ide/v2/GlobalSyncService$Parameters_Decorated
instanceKlass com/android/build/gradle/internal/ide/v2/GlobalSyncService$Parameters
instanceKlass com/android/build/gradle/internal/ide/v2/GlobalSyncService
instanceKlass  @bci com/android/build/gradle/internal/ide/dependencies/LibraryDependencyCacheBuildService$Parameters_Decorated $gradleInit ()V 1 <appendix> member <vmtarget> ; # com/android/build/gradle/internal/ide/dependencies/LibraryDependencyCacheBuildService$Parameters_Decorated$$Lambda+0x0000000100c0af38
instanceKlass com/android/build/gradle/internal/ide/dependencies/LibraryDependencyCacheBuildService$Parameters_Decorated
instanceKlass com/android/build/gradle/internal/ide/dependencies/LibraryDependencyCacheBuildService$Parameters
instanceKlass com/android/build/gradle/internal/ide/dependencies/LibraryDependencyCacheBuildService
instanceKlass  @bci com/android/build/gradle/internal/ide/dependencies/MavenCoordinatesCacheBuildService$Parameters_Decorated $gradleInit ()V 1 <appendix> member <vmtarget> ; # com/android/build/gradle/internal/ide/dependencies/MavenCoordinatesCacheBuildService$Parameters_Decorated$$Lambda+0x0000000100c0a250
instanceKlass com/android/build/gradle/internal/ide/dependencies/MavenCoordinatesCacheBuildService$Parameters_Decorated
instanceKlass com/android/build/gradle/internal/ide/dependencies/MavenCoordinatesCacheBuildService$Parameters
instanceKlass com/android/build/gradle/internal/ide/dependencies/MavenCoordinatesCacheBuildService
instanceKlass com/android/build/gradle/internal/services/StringCachingBuildService
instanceKlass com/android/builder/internal/StringCachingService
instanceKlass com/android/build/gradle/internal/plugins/AndroidPluginBaseServices$basePluginApply$2
instanceKlass com/google/wireless/android/sdk/stats/GradleBuildProfileSpan$ExecutionType$1
instanceKlass com/google/protobuf/Internal$EnumLiteMap
instanceKlass  @bci com/android/build/gradle/internal/profile/NoOpAnalyticsConfiguratorService$Inject $gradleInit ()V 1 <appendix> member <vmtarget> ; # com/android/build/gradle/internal/profile/NoOpAnalyticsConfiguratorService$Inject$$Lambda+0x0000000100c08208
instanceKlass java/util/concurrent/Executors$DefaultThreadFactory
instanceKlass  @bci java/time/format/DateTimeFormatter <clinit> ()V 1075 <appendix> argL0 ; # java/time/format/DateTimeFormatter$$Lambda+0x0000000100b714d0
instanceKlass  @bci java/time/format/DateTimeFormatter <clinit> ()V 1067 <appendix> argL0 ; # java/time/format/DateTimeFormatter$$Lambda+0x0000000100b712a0
instanceKlass java/time/format/DateTimeFormatterBuilder$TextPrinterParser
instanceKlass java/time/format/DateTimeTextProvider$1
instanceKlass java/time/format/DateTimeTextProvider
instanceKlass java/time/format/DateTimeTextProvider$LocaleStore
instanceKlass java/time/format/DateTimeFormatterBuilder$InstantPrinterParser
instanceKlass java/time/format/DateTimeFormatterBuilder$StringLiteralPrinterParser
instanceKlass java/time/format/DateTimeFormatterBuilder$ZoneIdPrinterParser
instanceKlass java/time/format/DateTimeFormatterBuilder$OffsetIdPrinterParser
instanceKlass java/time/format/DecimalStyle
instanceKlass java/time/format/DateTimeFormatterBuilder$CompositePrinterParser
instanceKlass java/time/format/DateTimeFormatterBuilder$CharLiteralPrinterParser
instanceKlass java/time/format/DateTimeFormatterBuilder$NumberPrinterParser
instanceKlass java/time/format/DateTimeFormatterBuilder$DateTimePrinterParser
instanceKlass java/time/temporal/JulianFields
instanceKlass java/time/temporal/IsoFields
instanceKlass  @bci java/time/format/DateTimeFormatterBuilder <clinit> ()V 0 <appendix> argL0 ; # java/time/format/DateTimeFormatterBuilder$$Lambda+0x0000000100b6bfe0
instanceKlass java/time/format/DateTimeFormatterBuilder
instanceKlass com/android/builder/profile/AnalyticsProfileWriter$Companion
instanceKlass com/android/builder/profile/AnalyticsProfileWriter
instanceKlass  @bci com/android/builder/profile/ThreadRecorder <init> ()V 5 <appendix> argL0 ; # com/android/builder/profile/ThreadRecorder$$Lambda+0x0000000100c077e0
instanceKlass com/android/builder/profile/ThreadRecorder
instanceKlass com/android/builder/profile/Recorder
instanceKlass sun/management/ThreadImpl
instanceKlass com/sun/management/ThreadMXBean
instanceKlass java/lang/management/ThreadMXBean
instanceKlass com/google/protobuf/PrimitiveNonBoxingCollection
instanceKlass com/google/protobuf/CodedInputStream
instanceKlass com/google/protobuf/Internal
instanceKlass com/android/tools/analytics/CommonMetricsData$GarbageCollectionStatsDiffs
instanceKlass com/google/wireless/android/sdk/stats/GarbageCollectionStatsOrBuilder
instanceKlass sun/management/ClassLoadingImpl
instanceKlass java/lang/management/ClassLoadingMXBean
instanceKlass java/util/stream/ReduceOps$2ReducingSink
instanceKlass  @bci java/lang/management/ManagementFactory$PlatformMBeanFinder findSingleton (Ljava/lang/Class;)Lsun/management/spi/PlatformMBeanProvider$PlatformComponent; 30 <appendix> member <vmtarget> ; # java/lang/management/ManagementFactory$PlatformMBeanFinder$$Lambda+0x0000000100b6a2b0
instanceKlass  @bci java/lang/management/ManagementFactory$PlatformMBeanFinder findSingleton (Ljava/lang/Class;)Lsun/management/spi/PlatformMBeanProvider$PlatformComponent; 19 <appendix> member <vmtarget> ; # java/lang/management/ManagementFactory$PlatformMBeanFinder$$Lambda+0x0000000100b6a048
instanceKlass com/android/tools/analytics/StubbableLazy
instanceKlass com/android/tools/analytics/HostDataKt
instanceKlass com/android/tools/analytics/HostData
instanceKlass com/android/tools/analytics/CommonMetricsData
instanceKlass com/google/wireless/android/sdk/stats/JavaProcessStatsOrBuilder
instanceKlass com/google/common/cache/LocalCache$LoadingValueReference
instanceKlass com/google/common/cache/RemovalListener
instanceKlass com/google/common/cache/Weigher
instanceKlass com/google/common/base/Equivalence
instanceKlass com/google/common/base/MoreObjects
instanceKlass com/google/common/cache/LocalCache$1
instanceKlass com/google/common/cache/ReferenceEntry
instanceKlass com/google/common/cache/LocalCache$ValueReference
instanceKlass com/google/common/cache/LocalCache$LocalManualCache
instanceKlass  @bci com/google/common/cache/CacheBuilder <clinit> ()V 29 <appendix> argL0 ; # com/google/common/cache/CacheBuilder$$Lambda+0x0000000100bf8470
instanceKlass com/google/common/cache/CacheStats
instanceKlass com/google/common/base/Suppliers$SupplierOfInstance
instanceKlass com/google/common/base/Supplier
instanceKlass com/google/common/base/Suppliers
instanceKlass com/google/common/cache/CacheBuilder$1
instanceKlass com/google/common/cache/AbstractCache$StatsCounter
instanceKlass com/google/common/cache/LoadingCache
instanceKlass com/google/common/cache/Cache
instanceKlass com/google/common/base/Ticker
instanceKlass com/google/common/cache/CacheBuilder
instanceKlass com/google/common/cache/CacheLoader
instanceKlass com/android/builder/profile/NameAnonymizer
instanceKlass  @bci org/gradle/api/internal/provider/DefaultSetProperty <clinit> ()V 0 <appendix> argL0 ; # org/gradle/api/internal/provider/DefaultSetProperty$$Lambda+0x0000000100bdcf70
instanceKlass com/google/wireless/android/sdk/stats/GradleBuildMemorySampleOrBuilder
instanceKlass com/google/wireless/android/sdk/stats/GradleBuildProfileSpanOrBuilder
instanceKlass com/google/protobuf/LazyStringList
instanceKlass com/google/protobuf/ExtensionRegistry$ExtensionInfo
instanceKlass com/google/protobuf/Descriptors$GenericDescriptor
instanceKlass com/google/protobuf/FieldSet$FieldDescriptorLite
instanceKlass com/google/protobuf/ExtensionLite
instanceKlass com/google/protobuf/ExtensionRegistryFactory
instanceKlass com/google/protobuf/ExtensionRegistryLite
instanceKlass com/google/protobuf/AbstractParser
instanceKlass com/google/protobuf/UnknownFieldSet
instanceKlass com/google/protobuf/ProtocolStringList
instanceKlass com/google/wireless/android/sdk/stats/InstantRunStatusOrBuilder
instanceKlass com/google/protobuf/Parser
instanceKlass com/google/protobuf/GeneratedMessageV3$BuilderParent
instanceKlass com/google/protobuf/AbstractMessage$BuilderParent
instanceKlass com/google/protobuf/Internal$FloatList
instanceKlass com/google/protobuf/Internal$BooleanList
instanceKlass com/google/protobuf/Internal$LongList
instanceKlass com/google/protobuf/Internal$DoubleList
instanceKlass com/google/protobuf/Internal$IntList
instanceKlass com/google/protobuf/Internal$ProtobufList
instanceKlass com/google/protobuf/Reader
instanceKlass com/google/protobuf/AbstractMessageLite
instanceKlass com/google/protobuf/Message
instanceKlass com/google/protobuf/MessageLite
instanceKlass com/google/wireless/android/sdk/stats/GradleBuildProfileOrBuilder
instanceKlass com/android/build/gradle/internal/profile/AnalyticsResourceManager
instanceKlass com/google/wireless/android/sdk/stats/GradleBuildProjectOrBuilder
instanceKlass com/google/protobuf/AbstractMessageLite$Builder
instanceKlass com/google/protobuf/Message$Builder
instanceKlass com/google/protobuf/MessageLite$Builder
instanceKlass com/google/wireless/android/sdk/stats/GradleBuildVariantOrBuilder
instanceKlass com/google/protobuf/MessageOrBuilder
instanceKlass com/google/protobuf/MessageLiteOrBuilder
instanceKlass com/android/builder/profile/Recorder$VoidBlock
instanceKlass  @bci com/android/build/gradle/internal/profile/AnalyticsConfiguratorService$Params$Inject $gradleInit ()V 1 <appendix> member <vmtarget> ; # com/android/build/gradle/internal/profile/AnalyticsConfiguratorService$Params$Inject$$Lambda+0x0000000100be5cf8
instanceKlass com/android/build/gradle/internal/profile/AnalyticsConfiguratorService$Params$Inject
instanceKlass  @bci com/android/build/gradle/internal/profile/AnalyticsConfiguratorService$Params_Decorated $gradleInit ()V 1 <appendix> member <vmtarget> ; # com/android/build/gradle/internal/profile/AnalyticsConfiguratorService$Params_Decorated$$Lambda+0x0000000100be5ac0
instanceKlass com/android/build/gradle/internal/profile/AnalyticsConfiguratorService$Params_Decorated
instanceKlass com/android/build/gradle/internal/profile/AnalyticsConfiguratorService$Params
instanceKlass com/android/build/gradle/internal/DependencyResolutionChecks
instanceKlass  @bci com/android/build/gradle/internal/errors/SyncIssueReporterImpl$GlobalSyncIssueService$Parameters_Decorated $gradleInit ()V 1 <appendix> member <vmtarget> ; # com/android/build/gradle/internal/errors/SyncIssueReporterImpl$GlobalSyncIssueService$Parameters_Decorated$$Lambda+0x0000000100be7958
instanceKlass com/android/build/gradle/internal/errors/SyncIssueReporterImpl$GlobalSyncIssueService$Parameters_Decorated
instanceKlass com/android/build/gradle/internal/errors/SyncIssueReporterImpl$GlobalSyncIssueService$Parameters
instanceKlass  @bci com/android/build/gradle/internal/profile/AnalyticsService$Params_Decorated $gradleInit ()V 1 <appendix> member <vmtarget> ; # com/android/build/gradle/internal/profile/AnalyticsService$Params_Decorated$$Lambda+0x0000000100be6c48
instanceKlass com/android/build/gradle/internal/profile/AnalyticsService$Params_Decorated
instanceKlass com/android/build/gradle/internal/profile/TaskMetadata
instanceKlass com/android/build/gradle/internal/profile/ProjectData
instanceKlass com/android/build/gradle/internal/profile/AnalyticsService$Params
instanceKlass com/android/build/gradle/internal/profile/AnalyticsService
instanceKlass org/gradle/tooling/events/OperationCompletionListener
instanceKlass com/android/build/gradle/internal/profile/AnalyticsServiceApi
instanceKlass com/google/gson/internal/JsonReaderInternalAccess
instanceKlass com/android/tools/analytics/AnalyticsSettingsData$Companion
instanceKlass com/android/tools/analytics/AnalyticsSettingsData
instanceKlass org/gradle/internal/classpath/declarations/FileInterceptorsDeclaration
instanceKlass com/android/tools/analytics/Environment$Companion
instanceKlass com/android/tools/analytics/Environment
instanceKlass com/android/tools/analytics/AnalyticsPaths
instanceKlass com/android/utils/DateProvider$1
instanceKlass com/android/utils/DateProvider
instanceKlass com/android/tools/analytics/AnalyticsSettings
instanceKlass com/android/build/gradle/internal/LoggerWrapper
instanceKlass com/android/utils/ILogger
instanceKlass  @bci com/android/build/gradle/internal/utils/AnalyticsEnabledValueSource$Inject $gradleInit ()V 1 <appendix> member <vmtarget> ; # com/android/build/gradle/internal/utils/AnalyticsEnabledValueSource$Inject$$Lambda+0x0000000100be0ae8
instanceKlass  @bci com/android/build/gradle/internal/utils/AnalyticsEnabledValueSource$Params$Inject $gradleInit ()V 1 <appendix> member <vmtarget> ; # com/android/build/gradle/internal/utils/AnalyticsEnabledValueSource$Params$Inject$$Lambda+0x0000000100be0568
instanceKlass com/android/build/gradle/internal/utils/AnalyticsEnabledValueSource$Params$Inject
instanceKlass  @bci com/android/build/gradle/internal/utils/AnalyticsEnabledValueSource$Params_Decorated $gradleInit ()V 1 <appendix> member <vmtarget> ; # com/android/build/gradle/internal/utils/AnalyticsEnabledValueSource$Params_Decorated$$Lambda+0x0000000100be0000
instanceKlass com/android/build/gradle/internal/utils/AnalyticsEnabledValueSource$Params_Decorated
instanceKlass com/android/build/gradle/internal/utils/AnalyticsEnabledValueSource$Params
instanceKlass com/android/build/gradle/internal/utils/AnalyticsSettingsUtils$analyticsEnabledProvider$1
instanceKlass com/android/build/gradle/internal/utils/AnalyticsEnabledValueSource
instanceKlass com/android/build/gradle/internal/utils/AnalyticsSettingsUtils
instanceKlass com/android/build/gradle/internal/scope/ProjectInfo$Companion
instanceKlass com/android/build/gradle/internal/scope/ProjectInfo
instanceKlass com/android/build/gradle/internal/res/Aapt2FromMaven$Companion$create$aapt2Directory$1$1
instanceKlass com/android/build/gradle/internal/res/Aapt2FromMaven$Companion$create$aapt2Directory$1
instanceKlass  @bci com/android/build/gradle/internal/dependency/GenericTransformParameters_Decorated $gradleInit ()V 1 <appendix> member <vmtarget> ; # com/android/build/gradle/internal/dependency/GenericTransformParameters_Decorated$$Lambda+0x0000000100bda000
instanceKlass com/android/build/gradle/internal/dependency/GenericTransformParameters_Decorated
instanceKlass com/android/build/gradle/internal/dependency/GenericTransformParameters
instanceKlass com/android/build/gradle/internal/res/Aapt2FromMaven$Companion$create$1
instanceKlass com/android/build/gradle/internal/res/Aapt2FromMaven$Companion$Aapt2Extractor
instanceKlass com/android/sdklib/AndroidVersion
instanceKlass com/android/SdkConstants
instanceKlass com/android/build/gradle/internal/res/Aapt2FromMaven$Companion$Aapt2Version
instanceKlass com/android/build/gradle/internal/res/Aapt2FromMaven$Companion
instanceKlass com/android/build/gradle/internal/res/Aapt2FromMaven
# instanceKlass java/lang/invoke/LambdaForm$MH+0x0000000100bd9c00
# instanceKlass java/lang/invoke/LambdaForm$MH+0x0000000100bd9800
# instanceKlass java/lang/invoke/LambdaForm$MH+0x0000000100bd9400
instanceKlass org/gradle/internal/typeconversion/MapKey
instanceKlass  @bci org/gradle/internal/service/scopes/ProjectScopeServices createProjectFinder ()Lorg/gradle/api/internal/artifacts/dsl/dependencies/ProjectFinder; 5 <appendix> member <vmtarget> ; # org/gradle/internal/service/scopes/ProjectScopeServices$$Lambda+0x0000000100bdc240
instanceKlass org/gradle/internal/service/scopes/DefaultProjectFinder
# instanceKlass java/lang/invoke/LambdaForm$MH+0x0000000100bd9000
# instanceKlass java/lang/invoke/LambdaForm$MH+0x0000000100bd8c00
# instanceKlass java/lang/invoke/LambdaForm$MH+0x0000000100bd8800
# instanceKlass java/lang/invoke/LambdaForm$MH+0x0000000100bd8400
# instanceKlass java/lang/invoke/LambdaForm$MH+0x0000000100bd8000
instanceKlass  @bci org/gradle/api/internal/artifacts/dsl/DefaultComponentMetadataHandler createFactory (Lorg/gradle/internal/management/DependencyResolutionManagementInternal;)Lorg/gradle/api/internal/artifacts/ComponentMetadataProcessorFactory; 9 <appendix> member <vmtarget> ; # org/gradle/api/internal/artifacts/dsl/DefaultComponentMetadataHandler$$Lambda+0x0000000100b2cca8
instanceKlass  @bci org/gradle/api/internal/artifacts/dsl/DefaultComponentMetadataHandler createFactory (Lorg/gradle/internal/management/DependencyResolutionManagementInternal;)Lorg/gradle/api/internal/artifacts/ComponentMetadataProcessorFactory; 2 <appendix> member <vmtarget> ; # org/gradle/api/internal/artifacts/dsl/DefaultComponentMetadataHandler$$Lambda+0x0000000100b2ca70
instanceKlass com/android/build/gradle/internal/lint/AndroidLintInputs
instanceKlass com/android/build/gradle/internal/lint/LintFromMaven$Companion
instanceKlass com/android/build/gradle/internal/lint/LintFromMaven
# instanceKlass java/lang/invoke/LambdaForm$MH+0x0000000100bd5c00
# instanceKlass java/lang/invoke/LambdaForm$MH+0x0000000100bd5800
# instanceKlass java/lang/invoke/LambdaForm$MH+0x0000000100bd5400
# instanceKlass java/lang/invoke/LambdaForm$MH+0x0000000100bd5000
# instanceKlass java/lang/invoke/LambdaForm$MH+0x0000000100bd4c00
# instanceKlass java/lang/invoke/LambdaForm$MH+0x0000000100bd4800
# instanceKlass java/lang/invoke/LambdaForm$MH+0x0000000100bd4400
# instanceKlass java/lang/invoke/LambdaForm$MH+0x0000000100bd4000
instanceKlass com/android/build/gradle/internal/errors/DeprecationReporterImpl$Companion
instanceKlass com/android/build/gradle/internal/errors/DeprecationReporterImpl
instanceKlass com/android/build/gradle/internal/errors/DeprecationReporter
instanceKlass com/google/gson/internal/bind/ReflectiveTypeAdapterFactory$BoundField
instanceKlass com/google/gson/internal/bind/ReflectiveTypeAdapterFactory
instanceKlass com/google/gson/internal/bind/JsonAdapterAnnotationTypeAdapterFactory
instanceKlass com/google/gson/internal/bind/MapTypeAdapterFactory
instanceKlass com/google/gson/internal/bind/CollectionTypeAdapterFactory
instanceKlass com/google/gson/internal/bind/ArrayTypeAdapter$1
instanceKlass com/google/gson/internal/bind/DateTypeAdapter$1
instanceKlass java/util/concurrent/atomic/AtomicLongArray
instanceKlass com/google/gson/internal/bind/NumberTypeAdapter$1
instanceKlass com/google/gson/internal/bind/ObjectTypeAdapter$1
instanceKlass com/google/gson/internal/ObjectConstructor
instanceKlass com/google/gson/internal/ConstructorConstructor
instanceKlass com/google/gson/internal/sql/SqlTimestampTypeAdapter$1
instanceKlass com/google/gson/internal/sql/SqlTimeTypeAdapter$1
instanceKlass com/google/gson/internal/sql/SqlDateTypeAdapter$1
instanceKlass com/google/gson/internal/bind/DefaultDateTypeAdapter$DateType
instanceKlass com/google/gson/internal/sql/SqlTypesSupport
instanceKlass com/android/ide/common/blame/Message
instanceKlass com/android/ide/common/blame/SourceFilePosition
instanceKlass com/android/ide/common/blame/SourcePosition
instanceKlass com/google/gson/internal/bind/TypeAdapters$30
instanceKlass com/google/gson/internal/bind/TypeAdapters$29
instanceKlass com/google/gson/internal/bind/TypeAdapters$33
instanceKlass java/util/Currency
instanceKlass com/google/gson/internal/bind/TypeAdapters$34
instanceKlass java/util/concurrent/atomic/AtomicIntegerArray
instanceKlass com/google/gson/internal/bind/TypeAdapters$32
instanceKlass com/google/gson/internal/bind/TypeAdapters$31
instanceKlass com/google/gson/internal/bind/TypeAdapters
instanceKlass com/google/gson/internal/$Gson$Types
instanceKlass com/google/gson/reflect/TypeToken
instanceKlass com/google/gson/internal/$Gson$Preconditions
instanceKlass com/google/gson/InstanceCreator
instanceKlass com/google/gson/JsonDeserializer
instanceKlass com/google/gson/JsonSerializer
instanceKlass com/android/ide/common/blame/SourceFile
instanceKlass com/android/ide/common/blame/Message$Kind$Companion
instanceKlass com/google/common/collect/ForwardingObject
instanceKlass com/google/gson/stream/JsonWriter
instanceKlass com/google/gson/stream/JsonReader
instanceKlass com/google/gson/ToNumberStrategy
instanceKlass com/google/gson/Gson
instanceKlass com/google/gson/JsonElement
instanceKlass com/google/gson/TypeAdapter
instanceKlass com/google/gson/internal/Excluder
instanceKlass com/google/gson/TypeAdapterFactory
instanceKlass com/google/gson/FieldNamingStrategy
instanceKlass com/google/gson/GsonBuilder
instanceKlass com/android/build/gradle/internal/errors/MessageReceiverImpl
instanceKlass com/android/ide/common/blame/MessageReceiver
instanceKlass com/android/build/gradle/options/OptionParsers
instanceKlass  @bci com/android/build/gradle/options/ProjectOptions$OptionValue setValue ()Lorg/gradle/api/provider/Provider; 31 <appendix> member <vmtarget> ; # com/android/build/gradle/options/ProjectOptions$OptionValue$$Lambda+0x0000000100bbca28
instanceKlass com/android/build/gradle/options/SyncOptions
instanceKlass  @bci com/android/build/gradle/options/ProjectOptionService$Inject $gradleInit ()V 1 <appendix> member <vmtarget> ; # com/android/build/gradle/options/ProjectOptionService$Inject$$Lambda+0x0000000100bbc110
instanceKlass com/android/utils/Environment$Companion
instanceKlass com/android/utils/Environment
instanceKlass com/android/build/gradle/options/ProjectOptions$OptionValue
instanceKlass com/android/build/gradle/options/Option$Status
instanceKlass com/android/build/gradle/options/Stage
instanceKlass com/google/common/collect/PeekingIterator
instanceKlass com/google/common/collect/Iterators
instanceKlass com/google/common/collect/Hashing
instanceKlass com/google/common/math/IntMath$1
instanceKlass com/google/common/math/MathPreconditions
instanceKlass com/google/common/math/IntMath
instanceKlass  @bci org/gradle/api/internal/provider/sources/GradlePropertyValueSource$Inject $gradleInit ()V 1 <appendix> member <vmtarget> ; # org/gradle/api/internal/provider/sources/GradlePropertyValueSource$Inject$$Lambda+0x0000000100baf208
instanceKlass  @bci org/gradle/api/internal/provider/sources/GradlePropertyValueSource$Parameters$Inject $gradleInit ()V 1 <appendix> member <vmtarget> ; # org/gradle/api/internal/provider/sources/GradlePropertyValueSource$Parameters$Inject$$Lambda+0x0000000100baec58
instanceKlass org/gradle/api/internal/provider/sources/GradlePropertyValueSource$Parameters$Inject
instanceKlass  @bci org/gradle/api/internal/provider/sources/GradlePropertyValueSource$Parameters_Decorated $gradleInit ()V 1 <appendix> member <vmtarget> ; # org/gradle/api/internal/provider/sources/GradlePropertyValueSource$Parameters_Decorated$$Lambda+0x0000000100bae6e0
instanceKlass org/gradle/api/internal/provider/sources/GradlePropertyValueSource$Parameters_Decorated
instanceKlass org/gradle/api/internal/provider/sources/GradlePropertyValueSource$Parameters
instanceKlass org/gradle/api/internal/provider/sources/AbstractPropertyValueSource$Parameters
instanceKlass  @bci org/gradle/api/internal/provider/DefaultProviderFactory gradleProperty (Lorg/gradle/api/provider/Provider;)Lorg/gradle/api/provider/Provider; 4 <appendix> member <vmtarget> ; # org/gradle/api/internal/provider/DefaultProviderFactory$$Lambda+0x0000000100badc68
instanceKlass org/gradle/api/internal/provider/sources/AbstractPropertyValueSource
instanceKlass com/google/common/collect/ImmutableCollection$Builder
instanceKlass com/google/common/collect/ImmutableSet$SetBuilderImpl
instanceKlass com/google/common/collect/ImmutableMap$Builder
instanceKlass com/google/common/collect/AbstractMapEntry
instanceKlass com/google/common/collect/Iterables
instanceKlass com/android/build/gradle/internal/utils/GuavaKtxKt
instanceKlass com/android/build/gradle/options/Option
instanceKlass com/android/build/gradle/options/ProjectOptions
instanceKlass  @bci com/android/build/gradle/options/ProjectOptionService$Params$Inject $gradleInit ()V 1 <appendix> member <vmtarget> ; # com/android/build/gradle/options/ProjectOptionService$Params$Inject$$Lambda+0x0000000100ba9b08
instanceKlass com/android/build/gradle/options/ProjectOptionService$Params$Inject
instanceKlass org/gradle/internal/snapshot/impl/AbstractMapSnapshot
instanceKlass org/gradle/api/internal/provider/ValueSupplier$FixedSideEffect
instanceKlass org/gradle/api/internal/provider/MapCollectors$EntriesFromMap
instanceKlass org/gradle/api/internal/provider/DefaultMapProperty$CollectingSupplier
instanceKlass org/gradle/api/internal/provider/DefaultMapProperty$NoValueSupplier
instanceKlass org/gradle/api/internal/provider/ValidatingMapEntryCollector
instanceKlass org/gradle/api/internal/provider/DefaultMapProperty$EmptySupplier
instanceKlass org/gradle/api/internal/provider/MapSupplier
instanceKlass org/gradle/api/internal/provider/MapCollector
instanceKlass org/gradle/api/internal/provider/MapEntryCollector
instanceKlass com/android/build/gradle/options/TestRunnerArguments$Companion
instanceKlass  @bci com/android/build/gradle/options/ProjectOptionService$Params_Decorated $gradleInit ()V 1 <appendix> member <vmtarget> ; # com/android/build/gradle/options/ProjectOptionService$Params_Decorated$$Lambda+0x0000000100ba8f28
instanceKlass com/android/build/gradle/options/ProjectOptionService$Params_Decorated
instanceKlass com/android/build/gradle/options/ProjectOptionService$Params
instanceKlass com/android/build/gradle/api/PrivacySandboxSdkPlugin
instanceKlass com/android/build/gradle/api/FusedLibraryPlugin
instanceKlass com/android/build/gradle/internal/utils/GradlePluginUtils
instanceKlass com/android/build/gradle/internal/services/ServiceRegistrationAction$execute$1
instanceKlass com/android/build/gradle/internal/services/AndroidLocationsBuildService
instanceKlass com/android/prefs/AndroidLocationsProvider
instanceKlass com/android/build/gradle/internal/services/ServiceRegistrationAction
instanceKlass com/android/build/gradle/internal/crash/CrashReporting
instanceKlass com/android/build/gradle/internal/plugins/BasePlugin$apply$1
instanceKlass com/google/common/collect/Platform
instanceKlass com/google/common/collect/Multiset
instanceKlass com/google/common/collect/AbstractMultimap
instanceKlass com/google/common/base/Converter
instanceKlass com/google/common/collect/BiMap
instanceKlass com/google/common/collect/Maps$EntryTransformer
instanceKlass com/google/common/collect/SortedMapDifference
instanceKlass com/google/common/collect/MapDifference
instanceKlass com/google/common/collect/ImmutableMap
instanceKlass com/google/common/base/Function
instanceKlass com/google/common/collect/Maps
instanceKlass com/android/builder/model/Dependencies
instanceKlass com/android/builder/model/level2/DependencyGraphs
instanceKlass com/google/common/collect/ListMultimap
instanceKlass com/google/common/collect/Multimap
instanceKlass com/google/common/util/concurrent/ListeningScheduledExecutorService
instanceKlass com/google/common/util/concurrent/ListeningExecutorService
instanceKlass com/google/common/util/concurrent/MoreExecutors
instanceKlass com/android/build/gradle/internal/ClasspathVerifier
# instanceKlass java/lang/invoke/LambdaForm$MH+0x0000000100ba0800
# instanceKlass java/lang/invoke/LambdaForm$MH+0x0000000100ba0400
# instanceKlass java/lang/invoke/LambdaForm$MH+0x0000000100ba0000
instanceKlass org/gradle/api/publish/internal/component/DefaultSoftwareComponentFactory
instanceKlass  @bci org/gradle/internal/instantiation/generator/AbstractClassGenerator hasNestedAnnotation (Lorg/gradle/internal/instantiation/generator/AbstractClassGenerator$MethodMetadata;)Z 7 <appendix> member <vmtarget> ; # org/gradle/internal/instantiation/generator/AbstractClassGenerator$$Lambda+0x0000000100b332e8
instanceKlass kotlin/ReplaceWith
instanceKlass kotlin/Deprecated
instanceKlass com/android/build/api/variant/ApplicationVariant
instanceKlass com/android/build/api/variant/CanMinifyAndroidResources
instanceKlass com/android/build/api/variant/CanMinifyCode
instanceKlass com/android/build/api/variant/HasTestFixtures
instanceKlass com/android/build/api/variant/HasUnitTest
instanceKlass com/android/build/api/variant/HasHostTests
instanceKlass com/android/build/api/variant/HasAndroidTest
instanceKlass com/android/build/api/variant/HasDeviceTests
instanceKlass com/android/build/api/variant/Variant
instanceKlass com/android/build/api/variant/HasAndroidResources
instanceKlass com/android/build/api/variant/Component
instanceKlass com/android/build/api/variant/GeneratesApk
instanceKlass com/android/build/gradle/internal/component/ApplicationCreationConfig
instanceKlass com/android/build/gradle/internal/component/PublishableCreationConfig
instanceKlass com/android/build/gradle/internal/component/VariantCreationConfig
instanceKlass com/android/build/gradle/internal/component/ApkCreationConfig
instanceKlass com/android/build/gradle/internal/component/ConsumableCreationConfig
instanceKlass com/android/build/gradle/internal/component/ComponentCreationConfig
instanceKlass com/android/build/gradle/internal/core/dsl/ApplicationVariantDslInfo
instanceKlass com/android/build/gradle/internal/core/dsl/MultiVariantComponentDslInfo
instanceKlass com/android/build/gradle/internal/variant/DimensionCombination
instanceKlass com/android/build/gradle/internal/core/dsl/TestedVariantDslInfo
instanceKlass com/android/build/gradle/internal/core/dsl/PublishableComponentDslInfo
instanceKlass com/android/build/gradle/internal/core/dsl/ApkProducingComponentDslInfo
instanceKlass com/android/build/gradle/internal/core/dsl/VariantDslInfo
instanceKlass com/android/build/gradle/internal/core/dsl/ConsumableComponentDslInfo
instanceKlass com/android/build/gradle/internal/core/dsl/ComponentDslInfo
instanceKlass com/android/build/api/variant/ApplicationVariantBuilder
instanceKlass com/android/build/api/variant/CanMinifyAndroidResourcesBuilder
instanceKlass com/android/build/api/variant/CanMinifyCodeBuilder
instanceKlass com/android/build/api/variant/GeneratesApkBuilder
instanceKlass com/android/build/api/variant/HasTestFixturesBuilder
instanceKlass com/android/build/api/variant/HasUnitTestBuilder
instanceKlass com/android/build/api/variant/HasHostTestsBuilder
instanceKlass com/android/build/api/variant/HasAndroidTestBuilder
instanceKlass com/android/build/api/variant/HasDeviceTestsBuilder
instanceKlass com/android/build/api/variant/VariantBuilder
instanceKlass com/android/build/api/variant/ComponentBuilder
instanceKlass com/android/build/api/variant/ComponentIdentity
instanceKlass com/android/build/api/dsl/ApplicationInstallation
instanceKlass com/android/build/api/dsl/Installation
instanceKlass com/android/build/api/dsl/ApplicationAndroidResources
instanceKlass com/android/build/api/dsl/AndroidResources
instanceKlass com/android/build/api/dsl/ApplicationProductFlavor
instanceKlass com/android/build/api/dsl/ProductFlavor
instanceKlass com/android/build/api/dsl/ApplicationDefaultConfig
instanceKlass com/android/build/api/dsl/DefaultConfig
instanceKlass com/android/build/api/dsl/ApplicationBaseFlavor
instanceKlass com/android/build/api/dsl/BaseFlavor
instanceKlass com/android/build/api/dsl/ApplicationBuildType
instanceKlass com/android/build/api/dsl/ApplicationVariantDimension
instanceKlass com/android/build/api/dsl/BuildType
instanceKlass com/android/build/api/dsl/VariantDimension
instanceKlass com/android/build/api/dsl/ApplicationBuildFeatures
instanceKlass com/android/build/api/dsl/BuildFeatures
instanceKlass com/android/build/gradle/internal/services/ProjectServices
instanceKlass com/android/build/gradle/internal/core/SettingsOptions
instanceKlass com/android/builder/errors/IssueReporter
instanceKlass com/android/build/gradle/internal/profile/AnalyticsConfiguratorService
instanceKlass com/android/build/gradle/options/ProjectOptionService
instanceKlass com/android/build/gradle/internal/plugins/BasePlugin$Companion
instanceKlass com/android/build/gradle/internal/services/BaseServicesImpl
instanceKlass com/android/build/api/dsl/SettingsExtension
instanceKlass com/android/build/gradle/internal/testing/ManagedDeviceRegistry
instanceKlass com/android/build/api/instrumentation/manageddevice/ManagedDeviceRegistry
instanceKlass com/android/build/gradle/internal/variant/AbstractVariantInputManager
instanceKlass com/android/build/gradle/internal/tasks/factory/BootClasspathConfigImpl
instanceKlass com/android/build/gradle/internal/VariantManager
instanceKlass com/android/build/gradle/internal/variant/VariantInputModel
instanceKlass com/android/build/gradle/internal/tasks/factory/GlobalTaskCreationConfigImpl
instanceKlass com/android/build/gradle/internal/variant/VariantModel
instanceKlass com/google/protobuf/ProtocolMessageEnum
instanceKlass com/google/protobuf/Internal$EnumLite
instanceKlass com/android/build/gradle/internal/plugins/BasePlugin$ExtensionData
instanceKlass com/android/build/gradle/internal/services/VersionedSdkLoaderService
instanceKlass com/android/build/gradle/internal/ExtraModelInfo
instanceKlass com/android/build/gradle/internal/plugins/DslContainerProvider
instanceKlass com/android/build/gradle/internal/tasks/factory/TaskManagerConfig
instanceKlass com/android/build/gradle/internal/tasks/factory/GlobalTaskCreationConfig
instanceKlass com/android/build/gradle/internal/tasks/factory/BootClasspathConfig
instanceKlass com/android/build/api/extension/impl/DslLifecycleComponentsOperationsRegistrar
instanceKlass com/android/build/gradle/internal/variant/BaseVariantFactory
instanceKlass com/android/build/gradle/TestedAndroidConfig
instanceKlass com/android/build/gradle/BaseExtension
instanceKlass com/android/build/gradle/AndroidConfig
instanceKlass com/android/build/gradle/internal/dsl/InternalApplicationExtension
instanceKlass com/android/build/gradle/internal/dsl/InternalTestedExtension
instanceKlass com/android/build/api/dsl/ApplicationExtension
instanceKlass com/android/build/api/dsl/TestedExtension
instanceKlass com/android/build/api/dsl/ApkExtension
instanceKlass com/android/build/gradle/internal/dsl/CommonExtensionImpl
instanceKlass com/android/build/gradle/internal/dsl/InternalCommonExtension
instanceKlass com/android/build/gradle/internal/dsl/Lockable
instanceKlass com/android/build/api/dsl/CommonExtension
instanceKlass com/android/build/gradle/internal/TaskManager
instanceKlass com/android/build/gradle/internal/services/DslServices
instanceKlass com/android/build/gradle/internal/services/BaseServices
instanceKlass com/android/build/gradle/internal/variant/VariantFactory
instanceKlass com/android/build/api/extension/impl/AndroidComponentsExtensionImpl
instanceKlass com/android/build/api/variant/ApplicationAndroidComponentsExtension
instanceKlass com/android/build/api/variant/AndroidComponentsExtension
instanceKlass com/android/build/api/variant/AndroidComponents
instanceKlass com/android/build/api/variant/DslLifecycle
instanceKlass com/android/build/gradle/internal/plugins/AndroidPluginBaseServices
instanceKlass com/android/build/gradle/AppPluginKt
instanceKlass com/android/build/gradle/internal/services/RunOnceBuildServiceImpl$ActionName
instanceKlass com/android/Version
instanceKlass com/android/build/gradle/internal/services/BuildServicesKt
instanceKlass  @bci com/android/build/gradle/internal/services/RunOnceBuildServiceImpl$Inject $gradleInit ()V 1 <appendix> member <vmtarget> ; # com/android/build/gradle/internal/services/RunOnceBuildServiceImpl$Inject$$Lambda+0x0000000100b84c78
instanceKlass com/android/build/gradle/internal/services/GlobalServiceRegistrationAction$execute$1
instanceKlass com/android/build/gradle/internal/services/GlobalServiceRegistrationAction$execute$globalService$1
instanceKlass com/android/build/gradle/internal/services/RunOnceBuildServiceImpl
instanceKlass com/android/build/gradle/internal/services/RunOnceBuildService
instanceKlass com/android/build/gradle/internal/services/GlobalServiceRegistrationAction
instanceKlass com/google/common/collect/ObjectArrays
instanceKlass com/google/common/collect/UnmodifiableIterator
instanceKlass com/android/ide/common/repository/GradleVersion$VersionSegment
instanceKlass com/google/common/base/NullnessCasts
instanceKlass com/google/common/base/AbstractIterator$1
instanceKlass com/google/common/collect/CollectPreconditions
instanceKlass com/google/common/collect/Lists
instanceKlass com/google/common/base/Splitter$5
instanceKlass com/google/common/base/AbstractIterator
instanceKlass com/google/common/base/Splitter$1
instanceKlass com/google/common/base/Preconditions
instanceKlass com/google/common/base/CharMatcher
instanceKlass com/google/common/base/Predicate
instanceKlass com/google/common/base/CommonPattern
instanceKlass com/google/common/base/Splitter$Strategy
instanceKlass com/google/common/base/Splitter
instanceKlass com/google/common/annotations/VisibleForTesting
instanceKlass com/android/ide/common/repository/GradleVersion
instanceKlass com/android/build/gradle/internal/plugins/VersionCheckPlugin$Companion
instanceKlass com/android/build/gradle/internal/plugins/VersionCheckPlugin
instanceKlass org/gradle/api/internal/plugins/DefaultObjectConfigurationAction$3
instanceKlass com/android/build/gradle/AssetPackPluginKt
instanceKlass com/google/gms/googleservices/GoogleServicesPlugin$GoogleServicesPluginConfig
instanceKlass com/google/gms/googleservices/GoogleServicesPlugin$Companion
instanceKlass com/google/gms/googleservices/GoogleServicesPlugin
instanceKlass org/gradle/plugin/use/resolve/internal/ClassPathPluginResolution
instanceKlass com/android/build/gradle/BasePlugin
instanceKlass org/gradle/plugin/management/internal/autoapply/AutoAppliedDevelocityPlugin
instanceKlass org/gradle/kotlin/dsl/VersionCatalogAccessorsKt
# instanceKlass java/lang/invoke/LambdaForm$DMH+0x0000000100b34000
instanceKlass org/gradle/api/internal/project/ProjectOrderingUtil
instanceKlass  @bci org/gradle/api/internal/project/DefaultProjectRegistry getSubProjects (Ljava/lang/String;)Ljava/util/Set; 13 <appendix> argL0 ; # org/gradle/api/internal/project/DefaultProjectRegistry$$Lambda+0x0000000100b31800
instanceKlass org/gradle/configuration/project/ConfigureProjectBuildOperationType$1
instanceKlass org/gradle/configuration/project/ConfigureProjectBuildOperationType$Result
instanceKlass org/gradle/configuration/project/ConfigureProjectBuildOperationType
instanceKlass org/gradle/configuration/project/NotifyProjectAfterEvaluatedBuildOperationType$1
instanceKlass org/gradle/configuration/project/NotifyProjectAfterEvaluatedBuildOperationType$Result
instanceKlass org/gradle/configuration/project/NotifyProjectAfterEvaluatedBuildOperationType
instanceKlass org/gradle/configuration/project/LifecycleProjectEvaluator$NotifyAfterEvaluate$1
instanceKlass org/gradle/configuration/project/LifecycleProjectEvaluator$NotifyProjectAfterEvaluatedDetails
instanceKlass org/gradle/configuration/project/NotifyProjectAfterEvaluatedBuildOperationType$Details
instanceKlass org/gradle/configuration/project/LifecycleProjectEvaluator$NotifyAfterEvaluate
instanceKlass org/gradle/configuration/project/DefaultProjectConfigurationActionContainer
instanceKlass  @bci org/gradle/kotlin/dsl/provider/plugins/KotlinScriptRootPlugin_Decorated $gradleInit ()V 1 <appendix> member <vmtarget> ; # org/gradle/kotlin/dsl/provider/plugins/KotlinScriptRootPlugin_Decorated$$Lambda+0x0000000100b2c170
instanceKlass org/gradle/kotlin/dsl/provider/plugins/KotlinScriptRootPlugin
instanceKlass  @bci org/gradle/kotlin/dsl/provider/plugins/KotlinScriptBasePlugin_Decorated $gradleInit ()V 1 <appendix> member <vmtarget> ; # org/gradle/kotlin/dsl/provider/plugins/KotlinScriptBasePlugin_Decorated$$Lambda+0x0000000100b2b8e8
instanceKlass org/gradle/kotlin/dsl/provider/plugins/KotlinScriptBasePlugin
instanceKlass  @bci org/gradle/plugin/use/internal/DefaultPluginRequestApplicator applyPlugins (Lorg/gradle/plugin/management/internal/PluginRequests;Lorg/gradle/api/internal/initialization/ScriptHandlerInternal;Lorg/gradle/api/internal/plugins/PluginManagerInternal;Lorg/gradle/api/internal/initialization/ClassLoaderScope;)V 370 <appendix> member <vmtarget> ; # org/gradle/plugin/use/internal/DefaultPluginRequestApplicator$$Lambda+0x0000000100b2b050
instanceKlass org/gradle/plugin/use/internal/DefaultPluginRequestApplicator$ApplyAction
instanceKlass  @bci org/gradle/plugin/use/internal/DefaultPluginRequestApplicator applyPlugins (Lorg/gradle/plugin/management/internal/PluginRequests;Lorg/gradle/api/internal/initialization/ScriptHandlerInternal;Lorg/gradle/api/internal/plugins/PluginManagerInternal;Lorg/gradle/api/internal/initialization/ClassLoaderScope;)V 349 <appendix> member <vmtarget> ; # org/gradle/plugin/use/internal/DefaultPluginRequestApplicator$$Lambda+0x0000000100b2abe0
instanceKlass org/gradle/internal/hash/HashCode$1
instanceKlass java/lang/foreign/MemorySegment
instanceKlass org/gradle/api/internal/artifacts/DownloadArtifactBuildOperationType$1
instanceKlass org/gradle/api/internal/artifacts/DownloadArtifactBuildOperationType$Result
instanceKlass org/gradle/api/internal/artifacts/DownloadArtifactBuildOperationType
instanceKlass org/gradle/api/internal/artifacts/DownloadArtifactBuildOperationType$DetailsImpl
instanceKlass org/gradle/api/internal/artifacts/DownloadArtifactBuildOperationType$Details
instanceKlass org/gradle/api/internal/artifacts/ivyservice/resolveengine/artifact/ArtifactBackedResolvedVariant$DownloadArtifactFile
instanceKlass org/gradle/api/internal/artifacts/ivyservice/resolveengine/artifact/ArtifactBackedResolvedVariant$SingleArtifactSet
instanceKlass org/gradle/api/internal/artifacts/dsl/ArtifactFile
instanceKlass org/gradle/internal/component/external/model/UrlBackedArtifactMetadata
instanceKlass  @bci org/gradle/api/internal/artifacts/ivyservice/resolveengine/excludes/factories/NormalizingExcludeFactory doUnion (Ljava/util/Set;)Lorg/gradle/api/internal/artifacts/ivyservice/resolveengine/excludes/specs/ExcludeSpec; 1086 <appendix> member <vmtarget> ; # org/gradle/api/internal/artifacts/ivyservice/resolveengine/excludes/factories/NormalizingExcludeFactory$$Lambda+0x0000000100b294b8
instanceKlass org/gradle/api/internal/artifacts/ivyservice/resolveengine/excludes/simple/DefaultModuleIdSetExclude
instanceKlass  @bci org/gradle/api/internal/artifacts/ivyservice/resolveengine/excludes/factories/NormalizingExcludeFactory doUnion (Ljava/util/Set;)Lorg/gradle/api/internal/artifacts/ivyservice/resolveengine/excludes/specs/ExcludeSpec; 200 <appendix> argL0 ; # org/gradle/api/internal/artifacts/ivyservice/resolveengine/excludes/factories/NormalizingExcludeFactory$$Lambda+0x0000000100b29008
instanceKlass  @bci org/gradle/api/internal/artifacts/ivyservice/resolveengine/excludes/factories/NormalizingExcludeFactory doUnion (Ljava/util/Set;)Lorg/gradle/api/internal/artifacts/ivyservice/resolveengine/excludes/specs/ExcludeSpec; 78 <appendix> argL0 ; # org/gradle/api/internal/artifacts/ivyservice/resolveengine/excludes/factories/NormalizingExcludeFactory$$Lambda+0x0000000100b28bb0
instanceKlass sun/security/ssl/Alert$AlertConsumer
instanceKlass org/gradle/api/internal/artifacts/ivyservice/resolveengine/excludes/factories/NormalizingExcludeFactory$FlattenOperationResult
instanceKlass  @bci org/gradle/api/internal/artifacts/ivyservice/resolveengine/excludes/factories/NormalizingExcludeFactory doUnion (Ljava/util/Set;)Lorg/gradle/api/internal/artifacts/ivyservice/resolveengine/excludes/specs/ExcludeSpec; 31 <appendix> member <vmtarget> ; # org/gradle/api/internal/artifacts/ivyservice/resolveengine/excludes/factories/NormalizingExcludeFactory$$Lambda+0x0000000100b284d0
instanceKlass  @bci org/gradle/api/internal/artifacts/ivyservice/resolveengine/excludes/factories/NormalizingExcludeFactory doUnion (Ljava/util/Set;)Lorg/gradle/api/internal/artifacts/ivyservice/resolveengine/excludes/specs/ExcludeSpec; 19 <appendix> member <vmtarget> ; # org/gradle/api/internal/artifacts/ivyservice/resolveengine/excludes/factories/NormalizingExcludeFactory$$Lambda+0x0000000100b28268
instanceKlass  @bci org/gradle/api/internal/artifacts/ivyservice/resolveengine/excludes/factories/NormalizingExcludeFactory simplifySet (Ljava/lang/Class;Ljava/util/Set;)Ljava/util/Set; 12 <appendix> member <vmtarget> ; # org/gradle/api/internal/artifacts/ivyservice/resolveengine/excludes/factories/NormalizingExcludeFactory$$Lambda+0x0000000100b28000
instanceKlass org/apache/http/impl/conn/PoolingHttpClientConnectionManager$2
instanceKlass org/gradle/api/internal/artifacts/ivyservice/resolveengine/excludes/specs/ExcludeAllOf
instanceKlass  @bci org/gradle/api/internal/artifacts/ivyservice/resolveengine/excludes/factories/CachingExcludeFactory anyOf (Ljava/util/Set;)Lorg/gradle/api/internal/artifacts/ivyservice/resolveengine/excludes/specs/ExcludeSpec; 14 <appendix> member <vmtarget> ; # org/gradle/api/internal/artifacts/ivyservice/resolveengine/excludes/factories/CachingExcludeFactory$$Lambda+0x0000000100b278a8
instanceKlass org/gradle/api/internal/artifacts/ivyservice/resolveengine/excludes/factories/CachingExcludeFactory$ExcludesKey
instanceKlass  @bci org/gradle/api/internal/artifacts/ivyservice/resolveengine/excludes/factories/OptimizingExcludeFactory anyOf (Ljava/util/Set;)Lorg/gradle/api/internal/artifacts/ivyservice/resolveengine/excludes/specs/ExcludeSpec; 3 <appendix> member <vmtarget> ; # org/gradle/api/internal/artifacts/ivyservice/resolveengine/excludes/factories/OptimizingExcludeFactory$$Lambda+0x0000000100b27430
instanceKlass org/gradle/api/internal/artifacts/ivyservice/resolveengine/excludes/specs/ExcludeEverything
instanceKlass org/gradle/api/internal/artifacts/ivyservice/resolveengine/excludes/simple/DefaultModuleIdExclude
instanceKlass org/apache/ivy/plugins/matcher/PatternMatcher
instanceKlass org/gradle/api/internal/artifacts/ivyservice/resolveengine/excludes/PatternMatchers
instanceKlass  @bci org/gradle/api/internal/artifacts/ivyservice/resolveengine/excludes/ModuleExclusions forExclude (Lorg/gradle/internal/component/model/ExcludeMetadata;)Lorg/gradle/api/internal/artifacts/ivyservice/resolveengine/excludes/specs/ExcludeSpec; 6 <appendix> member <vmtarget> ; # org/gradle/api/internal/artifacts/ivyservice/resolveengine/excludes/ModuleExclusions$$Lambda+0x0000000100b26930
instanceKlass java/util/Collections$ReverseComparator2
instanceKlass java/util/Collections$ReverseComparator
instanceKlass org/gradle/internal/component/external/model/AbstractMutableModuleComponentResolveMetadata$DependencyConstraintImpl
instanceKlass org/gradle/internal/component/external/model/ComponentVariant$DependencyConstraint
instanceKlass org/gradle/api/internal/artifacts/ivyservice/ivyresolve/strategy/InverseVersionSelector
instanceKlass org/gradle/api/internal/artifacts/ivyservice/resolveengine/graph/conflicts/DefaultConflictResolverDetails
instanceKlass org/gradle/api/internal/artifacts/ivyservice/resolveengine/graph/selectors/SelectorStateResolverResults$Registration
instanceKlass com/google/common/primitives/Longs$AsciiDigits
instanceKlass org/gradle/internal/component/external/descriptor/DefaultExclude
instanceKlass org/gradle/internal/component/model/Exclude
instanceKlass org/gradle/internal/component/external/model/GradleDependencyMetadata
instanceKlass org/gradle/internal/component/external/model/LazyVariantBackedConfigurationMetadata$RuleAwareVariant
instanceKlass org/gradle/internal/component/external/model/AbstractVariantBackedConfigurationMetadata
instanceKlass org/gradle/internal/component/external/model/AbstractMutableModuleComponentResolveMetadata$ImmutableVariantImpl
instanceKlass org/gradle/internal/component/external/model/ComponentVariant
instanceKlass org/gradle/internal/component/external/model/AbstractMutableModuleComponentResolveMetadata$FileImpl
instanceKlass org/gradle/internal/component/external/model/ComponentVariant$File
instanceKlass  @bci org/gradle/internal/component/external/model/AbstractMutableModuleComponentResolveMetadata$DependencyImpl <init> (Ljava/lang/String;Ljava/lang/String;Lorg/gradle/api/artifacts/VersionConstraint;Ljava/util/List;Ljava/lang/String;Lorg/gradle/api/internal/attributes/ImmutableAttributes;Ljava/util/List;ZLorg/gradle/internal/component/model/IvyArtifactName;)V 48 <appendix> argL0 ; # org/gradle/internal/component/external/model/AbstractMutableModuleComponentResolveMetadata$DependencyImpl$$Lambda+0x0000000100b238c8
instanceKlass org/gradle/internal/component/external/model/AbstractMutableModuleComponentResolveMetadata$DependencyImpl
instanceKlass org/gradle/internal/component/external/model/ComponentVariant$Dependency
instanceKlass org/gradle/internal/component/external/model/AbstractMutableModuleComponentResolveMetadata$MutableVariantImpl
instanceKlass org/gradle/internal/component/external/model/ExternalModuleDependencyMetadata
instanceKlass org/gradle/api/internal/artifacts/ivyservice/resolveengine/excludes/factories/Optimizations
instanceKlass  @bci org/gradle/api/internal/artifacts/ivyservice/resolveengine/excludes/factories/OptimizingExcludeFactory anyOf (Lorg/gradle/api/internal/artifacts/ivyservice/resolveengine/excludes/specs/ExcludeSpec;Lorg/gradle/api/internal/artifacts/ivyservice/resolveengine/excludes/specs/ExcludeSpec;)Lorg/gradle/api/internal/artifacts/ivyservice/resolveengine/excludes/specs/ExcludeSpec; 3 <appendix> member <vmtarget> ; # org/gradle/api/internal/artifacts/ivyservice/resolveengine/excludes/factories/OptimizingExcludeFactory$$Lambda+0x0000000100b220d0
instanceKlass org/gradle/internal/component/model/DefaultCompatibilityCheckResult
instanceKlass org/gradle/api/internal/artifacts/ProjectBackedModule
instanceKlass  @bci org/gradle/plugin/use/internal/DefaultPluginRequestApplicator applyPlugins (Lorg/gradle/plugin/management/internal/PluginRequests;Lorg/gradle/api/internal/initialization/ScriptHandlerInternal;Lorg/gradle/api/internal/plugins/PluginManagerInternal;Lorg/gradle/api/internal/initialization/ClassLoaderScope;)V 231 <appendix> member <vmtarget> ; # org/gradle/plugin/use/internal/DefaultPluginRequestApplicator$$Lambda+0x0000000100b21500
instanceKlass sun/security/ssl/PreSharedKeyExtension$SHPreSharedKeySpec
instanceKlass sun/security/ssl/SSLEngineOutputRecord$RecordMemo
instanceKlass sun/security/ssl/SSLEngineOutputRecord$HandshakeFragment
instanceKlass sun/security/ssl/PreSharedKeyExtension$CHPreSharedKeySpec
instanceKlass sun/security/ssl/PreSharedKeyExtension$PskIdentity
instanceKlass  @bci org/gradle/plugin/use/tracker/internal/PluginVersionTracker setPluginVersionAt (Lorg/gradle/api/internal/initialization/ClassLoaderScope;Ljava/lang/String;Ljava/lang/String;)V 10 <appendix> argL0 ; # org/gradle/plugin/use/tracker/internal/PluginVersionTracker$$Lambda+0x0000000100b212b0
instanceKlass  @bci org/gradle/plugin/use/resolve/internal/ArtifactRepositoriesPluginResolver$ExternalPluginResolution accept (Lorg/gradle/plugin/use/resolve/internal/PluginResolutionVisitor;)V 83 <appendix> member <vmtarget> ; # org/gradle/plugin/use/resolve/internal/ArtifactRepositoriesPluginResolver$ExternalPluginResolution$$Lambda+0x0000000100b21068
instanceKlass org/gradle/plugin/management/internal/PluginCoordinates
instanceKlass  @bci org/gradle/plugin/use/resolve/internal/ArtifactRepositoriesPluginResolver$ExternalPluginResolution visitDependency (Lorg/gradle/plugin/use/resolve/internal/PluginResolutionVisitor;Lorg/gradle/api/artifacts/ModuleIdentifier;)V 25 <appendix> member <vmtarget> ; # org/gradle/plugin/use/resolve/internal/ArtifactRepositoriesPluginResolver$ExternalPluginResolution$$Lambda+0x0000000100b20e30
instanceKlass org/gradle/plugin/use/resolve/internal/ArtifactRepositoriesPluginResolver$ExternalPluginResolution
instanceKlass  @bci org/gradle/api/internal/artifacts/ivyservice/WritableArtifactCacheLockingAccessCoordinator$CacheLockingIndexedCache put (Ljava/lang/Object;Ljava/lang/Object;)V 10 <appendix> member <vmtarget> ; # org/gradle/api/internal/artifacts/ivyservice/WritableArtifactCacheLockingAccessCoordinator$CacheLockingIndexedCache$$Lambda+0x0000000100b20988
instanceKlass  @bci org/gradle/internal/resource/cached/AbstractCachedIndex storeInternal (Ljava/lang/Object;Lorg/gradle/internal/resource/cached/CachedItem;)V 7 <appendix> member <vmtarget> ; # org/gradle/internal/resource/cached/AbstractCachedIndex$$Lambda+0x0000000100b20750
instanceKlass org/apache/http/util/EntityUtils
instanceKlass org/apache/http/client/utils/HttpClientUtils
instanceKlass org/gradle/internal/resource/transport/http/HttpClientResponse
instanceKlass  @bci org/gradle/internal/verifier/HttpRedirectVerifierFactory lambda$create$1 (Ljava/util/function/Consumer;Ljava/util/Collection;)V 6 <appendix> argL0 ; # org/gradle/internal/verifier/HttpRedirectVerifierFactory$$Lambda+0x0000000100a6ac30
instanceKlass org/apache/http/entity/HttpEntityWrapper
instanceKlass org/apache/http/conn/EofSensorWatcher
instanceKlass org/apache/http/impl/execchain/HttpResponseProxy
instanceKlass org/apache/http/message/TokenParser
instanceKlass org/apache/http/message/BasicHeaderValueParser
instanceKlass org/apache/http/message/HeaderValueParser
instanceKlass org/apache/http/message/BasicHeaderElementIterator
instanceKlass org/apache/http/message/BasicHeaderIterator
instanceKlass org/apache/http/message/BasicTokenIterator
instanceKlass org/apache/http/message/BufferedHeader
instanceKlass org/apache/http/message/BasicStatusLine
instanceKlass org/apache/http/protocol/HTTP
instanceKlass org/apache/http/FormattedHeader
instanceKlass org/apache/http/message/BasicListHeaderIterator
instanceKlass org/apache/http/impl/auth/HttpAuthenticator$1
instanceKlass org/apache/http/conn/util/DnsUtils
instanceKlass org/apache/http/conn/ssl/DefaultHostnameVerifier$1
instanceKlass org/apache/http/conn/ssl/SubjectName
instanceKlass com/sun/crypto/provider/GaloisCounterMode$EncryptOp
instanceKlass sun/security/ssl/SSLBasicKeyDerivation$SecretSizeSpec
instanceKlass sun/security/ssl/SSLBasicKeyDerivation
instanceKlass sun/security/ssl/Finished$1
instanceKlass sun/security/ssl/Finished$T13VerifyDataGenerator
instanceKlass sun/security/ssl/Finished$T12VerifyDataGenerator
instanceKlass sun/security/ssl/Finished$T10VerifyDataGenerator
instanceKlass sun/security/ssl/Finished$S30VerifyDataGenerator
instanceKlass sun/security/ssl/Finished$VerifyDataGenerator
instanceKlass sun/security/util/math/IntegerModuloP$MultiplicativeInverser$Secp256R1Field
instanceKlass  @bci sun/security/ec/ECDSASignature engineVerify ([B)Z 37 <appendix> member <vmtarget> ; # sun/security/ec/ECDSASignature$$Lambda+0x0000000100b1c7d0
instanceKlass  @bci sun/security/ec/ECDSAOperations forParameters (Ljava/security/spec/ECParameterSpec;)Ljava/util/Optional; 7 <appendix> member <vmtarget> ; # sun/security/ec/ECDSAOperations$$Lambda+0x0000000100b1c578
instanceKlass sun/security/ec/ECDSAOperations
instanceKlass sun/security/ssl/X509Authentication$X509Credentials
instanceKlass sun/security/validator/SymantecTLSPolicy
instanceKlass sun/security/validator/CADistrustPolicy$2
instanceKlass java/security/cert/PKIXCertPathValidatorResult
instanceKlass java/security/cert/CertPathValidatorResult
instanceKlass sun/security/rsa/RSAPadding
instanceKlass sun/security/rsa/RSACore
instanceKlass java/security/interfaces/RSAPrivateCrtKey
instanceKlass java/security/interfaces/RSAPrivateKey
instanceKlass sun/security/util/SignatureUtil
instanceKlass java/security/interfaces/DSAPublicKey
instanceKlass java/security/interfaces/DSAKey
instanceKlass sun/security/util/Length
instanceKlass sun/security/provider/certpath/CertPathConstraintsParameters
instanceKlass sun/security/util/ConstraintsParameters
instanceKlass sun/security/provider/certpath/PKIXMasterCertPathValidator
instanceKlass sun/security/provider/certpath/PolicyNodeImpl
instanceKlass java/security/cert/PolicyNode
instanceKlass sun/security/util/DisabledAlgorithmConstraints$CertPathHolder
instanceKlass  @bci sun/security/x509/X509CertImpl getFingerprint (Ljava/lang/String;Lsun/security/util/Debug;)Ljava/lang/String; 7 <appendix> member <vmtarget> ; # sun/security/x509/X509CertImpl$$Lambda+0x0000000100b5f460
instanceKlass sun/security/util/UntrustedCertificates$1
instanceKlass sun/security/util/UntrustedCertificates
instanceKlass java/security/cert/X509CertSelector
instanceKlass java/security/cert/CertSelector
instanceKlass sun/security/provider/certpath/PKIX$ValidatorParams
instanceKlass sun/security/provider/certpath/PKIX
instanceKlass java/security/cert/CertPath
instanceKlass java/security/cert/CertPathValidatorSpi
instanceKlass java/security/cert/CertPathValidator
instanceKlass java/security/cert/PKIXCertPathChecker
instanceKlass java/security/cert/CertPathChecker
instanceKlass java/security/Timestamp
instanceKlass sun/security/ssl/SSLAlgorithmConstraints$SupportedSignatureAlgorithmConstraints
instanceKlass jdk/internal/icu/util/CodePointTrie$Data
instanceKlass jdk/internal/icu/util/CodePointMap
instanceKlass jdk/internal/icu/impl/NormalizerImpl$IsAcceptable
instanceKlass jdk/internal/icu/impl/NormalizerImpl
instanceKlass jdk/internal/icu/impl/Norm2AllModes$Norm2AllModesSingleton
instanceKlass jdk/internal/icu/impl/Norm2AllModes$NFKCSingleton
instanceKlass jdk/internal/icu/impl/Norm2AllModes
instanceKlass jdk/internal/icu/text/Normalizer2
instanceKlass jdk/internal/icu/text/NormalizerBase$ModeImpl
instanceKlass jdk/internal/icu/text/NormalizerBase$NFKDModeImpl
instanceKlass jdk/internal/icu/text/NormalizerBase$1
instanceKlass jdk/internal/icu/text/NormalizerBase$Mode
instanceKlass jdk/internal/icu/text/NormalizerBase
instanceKlass java/text/Normalizer
instanceKlass sun/security/pkcs/SignerInfo
instanceKlass sun/security/pkcs/PKCS9Attribute
instanceKlass sun/security/x509/AVAKeyword
instanceKlass java/security/cert/PKIXParameters
instanceKlass java/security/cert/CertPathParameters
instanceKlass sun/security/provider/certpath/CertPathHelper
instanceKlass java/security/cert/TrustAnchor
instanceKlass sun/security/validator/EndEntityChecker
instanceKlass sun/security/validator/Validator
instanceKlass javax/net/ssl/SSLEngine
instanceKlass sun/security/ssl/CertificateMessage$CertificateEntry
instanceKlass com/sun/crypto/provider/GaloisCounterMode$DecryptOp
instanceKlass com/sun/crypto/provider/GaloisCounterMode$GCMOperation
instanceKlass com/sun/crypto/provider/GHASH
instanceKlass com/sun/crypto/provider/GCM
instanceKlass com/sun/crypto/provider/GaloisCounterMode$GCMEngine
instanceKlass javax/crypto/spec/GCMParameterSpec
instanceKlass sun/security/ssl/ChangeCipherSpec$T13ChangeCipherSpecConsumer
instanceKlass sun/security/ssl/ChangeCipherSpec$T10ChangeCipherSpecProducer
instanceKlass sun/security/ssl/ChangeCipherSpec$T10ChangeCipherSpecConsumer
instanceKlass sun/security/ssl/ChangeCipherSpec
instanceKlass javax/crypto/spec/IvParameterSpec
instanceKlass sun/security/ssl/SSLTrafficKeyDerivation$T13TrafficKeyDerivation
instanceKlass sun/security/ssl/SSLTrafficKeyDerivation$1
instanceKlass sun/security/ssl/SSLTrafficKeyDerivation$T13TrafficKeyDerivationGenerator
instanceKlass sun/security/ssl/SSLTrafficKeyDerivation$T12TrafficKeyDerivationGenerator
instanceKlass sun/security/ssl/SSLTrafficKeyDerivation$T10TrafficKeyDerivationGenerator
instanceKlass sun/security/ssl/SSLTrafficKeyDerivation$S30TrafficKeyDerivationGenerator
instanceKlass sun/security/ssl/SSLKeyDerivationGenerator
instanceKlass sun/security/ssl/SSLSecretDerivation
instanceKlass javax/crypto/MacSpi
instanceKlass javax/crypto/Mac
instanceKlass sun/security/ssl/HKDF
instanceKlass  @bci javax/crypto/spec/SecretKeySpec <clinit> ()V 0 <appendix> argL0 ; # javax/crypto/spec/SecretKeySpec$$Lambda+0x0000000100b4edb0
instanceKlass jdk/internal/access/JavaxCryptoSpecAccess
instanceKlass javax/crypto/spec/SecretKeySpec
instanceKlass  @bci sun/security/ec/XDHKeyAgreement engineDoPhase (Ljava/security/Key;Z)Ljava/security/Key; 70 <appendix> argL0 ; # sun/security/ec/XDHKeyAgreement$$Lambda+0x0000000100b1c0e0
instanceKlass  @bci sun/security/ec/XDHKeyAgreement initImpl (Ljava/security/Key;)V 66 <appendix> argL0 ; # sun/security/ec/XDHKeyAgreement$$Lambda+0x0000000100b1beb0
instanceKlass  @bci sun/security/ec/XDHKeyAgreement initImpl (Ljava/security/Key;)V 38 <appendix> argL0 ; # sun/security/ec/XDHKeyAgreement$$Lambda+0x0000000100b1bc60
instanceKlass  @bci sun/security/ec/XDHKeyAgreement initImpl (Ljava/security/Key;)V 22 <appendix> argL0 ; # sun/security/ec/XDHKeyAgreement$$Lambda+0x0000000100b1ba10
instanceKlass javax/crypto/SecretKey
instanceKlass javax/crypto/KeyAgreementSpi
instanceKlass sun/security/ssl/KAKeyDerivation
instanceKlass sun/security/ssl/XDHKeyExchange$XDHEKAGenerator
instanceKlass sun/security/ssl/XDHKeyExchange
instanceKlass  @bci sun/security/ec/XDHKeyFactory generatePublicImpl (Ljava/security/spec/KeySpec;)Ljava/security/PublicKey; 65 <appendix> argL0 ; # sun/security/ec/XDHKeyFactory$$Lambda+0x0000000100b1b570
instanceKlass  @bci sun/security/ec/XDHKeyFactory generatePublicImpl (Ljava/security/spec/KeySpec;)Ljava/security/PublicKey; 51 <appendix> argL0 ; # sun/security/ec/XDHKeyFactory$$Lambda+0x0000000100b1b320
instanceKlass java/security/spec/XECPublicKeySpec
instanceKlass sun/security/ssl/XDHKeyExchange$XDHECredentials
instanceKlass sun/security/ssl/NamedGroupCredentials
instanceKlass sun/security/ssl/KeyShareExtension$SHKeyShareSpec
instanceKlass sun/security/ssl/HandshakeHash$CloneableHash
instanceKlass sun/security/ssl/HandshakeHash$T13HandshakeHash
instanceKlass sun/security/ssl/SupportedVersionsExtension$SHSupportedVersionsSpec
instanceKlass sun/security/ssl/TransportContext$1
instanceKlass sun/security/ssl/Plaintext
instanceKlass sun/security/ssl/OutputRecord$T13PaddingHolder
instanceKlass sun/security/ssl/KeyShareExtension$CHKeyShareSpec
instanceKlass sun/security/util/math/IntegerModuloP$MultiplicativeInverser$Secp256R1
instanceKlass sun/security/ec/ECOperations$PointMultiplier$Default
instanceKlass sun/security/ec/ECOperations$PointMultiplier$Secp256R1GeneratorMultiplier$P256
instanceKlass sun/security/ec/ECOperations$PointMultiplier$Secp256R1GeneratorMultiplier
instanceKlass sun/security/ec/ECOperations$PointMultiplier
instanceKlass  @bci sun/security/ec/ECPrivateKeyImpl calculatePublicKey ()Ljava/security/PublicKey; 9 <appendix> argL0 ; # sun/security/ec/ECPrivateKeyImpl$$Lambda+0x0000000100b192e0
instanceKlass sun/security/util/ArrayUtil
instanceKlass java/security/interfaces/ECPrivateKey
instanceKlass sun/security/ec/ECOperations
instanceKlass sun/security/ssl/ECDHKeyExchange$ECDHEPossession
instanceKlass sun/security/ssl/KeyShareExtension$KeyShareEntry
instanceKlass sun/security/ssl/XDHKeyExchange$1
instanceKlass sun/security/pkcs/PKCS8Key
instanceKlass sun/security/util/InternalPrivateKey
instanceKlass java/security/interfaces/XECPrivateKey
instanceKlass java/security/interfaces/XECPublicKey
instanceKlass java/security/interfaces/XECKey
instanceKlass java/security/KeyPair
instanceKlass sun/security/util/math/IntegerModuloP$MultiplicativeInverser$Default
instanceKlass sun/security/util/math/IntegerModuloP$MultiplicativeInverser
instanceKlass sun/security/util/math/MutableIntegerModuloP
instanceKlass sun/security/jca/JCAUtil$CachedSecureRandomHolder
instanceKlass sun/security/ec/XECOperations
instanceKlass sun/security/ec/XECParameters
instanceKlass  @bci sun/security/ec/XDHKeyPairGenerator initialize (Ljava/security/spec/AlgorithmParameterSpec;Ljava/security/SecureRandom;)V 0 <appendix> argL0 ; # sun/security/ec/XDHKeyPairGenerator$$Lambda+0x0000000100b18000
instanceKlass sun/security/ssl/XDHKeyExchange$XDHEPossession
instanceKlass sun/security/ssl/ECDHKeyExchange$ECDHEXDHKAGenerator
instanceKlass sun/security/ssl/ECDHKeyExchange$ECDHEKAGenerator
instanceKlass sun/security/ssl/ECDHKeyExchange$ECDHKAGenerator
instanceKlass sun/security/ssl/ECDHKeyExchange$ECDHEPossessionGenerator
instanceKlass sun/security/ssl/ECDHKeyExchange
instanceKlass sun/security/ssl/DHKeyExchange$DHEKAGenerator
instanceKlass sun/security/ssl/DHKeyExchange$DHEPossessionGenerator
instanceKlass sun/security/ssl/DHKeyExchange
instanceKlass sun/security/ssl/RSAKeyExchange$RSAKAGenerator
instanceKlass sun/security/ssl/RSAKeyExchange$EphemeralRSAPossessionGenerator
instanceKlass sun/security/ssl/RSAKeyExchange
instanceKlass sun/security/ssl/SSLKeyExchange$T13KeyAgreement
instanceKlass sun/security/ssl/SSLKeyAgreement
instanceKlass sun/security/ssl/SSLPossessionGenerator
instanceKlass sun/security/ssl/SSLKeyExchange
instanceKlass sun/security/ssl/SSLHandshakeBinding
instanceKlass sun/security/ssl/SSLKeyAgreementGenerator
instanceKlass sun/security/ssl/PskKeyExchangeModesExtension$PskKeyExchangeModesSpec
instanceKlass sun/security/ssl/SupportedVersionsExtension$CHSupportedVersionsSpec
instanceKlass sun/security/ssl/SignatureAlgorithmsExtension$SignatureSchemesSpec
instanceKlass sun/security/ssl/ExtendedMasterSecretExtension$ExtendedMasterSecretSpec
instanceKlass sun/security/ssl/CertStatusExtension$CertStatusRequestV2Spec
instanceKlass sun/security/ssl/ECPointFormatsExtension$ECPointFormatsSpec
instanceKlass sun/security/ssl/SupportedGroupsExtension$SupportedGroupsSpec
instanceKlass sun/security/ssl/CertStatusExtension$CertStatusRequest
instanceKlass sun/security/ssl/CertStatusExtension$CertStatusRequestSpec
instanceKlass sun/security/ssl/ServerNameExtension$CHServerNamesSpec
instanceKlass sun/security/ssl/SSLExtension$SSLExtensionSpec
instanceKlass sun/security/ssl/SSLExtension$ClientExtensions
instanceKlass sun/security/ssl/PreSharedKeyExtension$SHPreSharedKeyStringizer
instanceKlass sun/security/ssl/PreSharedKeyExtension$SHPreSharedKeyAbsence
instanceKlass sun/security/ssl/PreSharedKeyExtension$SHPreSharedKeyConsumer
instanceKlass sun/security/ssl/PreSharedKeyExtension$SHPreSharedKeyProducer
instanceKlass sun/security/ssl/PreSharedKeyExtension$CHPreSharedKeyStringizer
instanceKlass sun/security/ssl/PreSharedKeyExtension$CHPreSharedKeyOnTradeAbsence
instanceKlass sun/security/ssl/PreSharedKeyExtension$CHPreSharedKeyUpdate
instanceKlass sun/security/ssl/PreSharedKeyExtension$CHPreSharedKeyOnLoadAbsence
instanceKlass sun/security/ssl/PreSharedKeyExtension$CHPreSharedKeyConsumer
instanceKlass sun/security/ssl/PreSharedKeyExtension$CHPreSharedKeyProducer
instanceKlass sun/security/ssl/PreSharedKeyExtension
instanceKlass sun/security/ssl/RenegoInfoExtension$RenegotiationInfoStringizer
instanceKlass sun/security/ssl/RenegoInfoExtension$SHRenegotiationInfoAbsence
instanceKlass sun/security/ssl/RenegoInfoExtension$SHRenegotiationInfoConsumer
instanceKlass sun/security/ssl/RenegoInfoExtension$SHRenegotiationInfoProducer
instanceKlass sun/security/ssl/RenegoInfoExtension$CHRenegotiationInfoAbsence
instanceKlass sun/security/ssl/RenegoInfoExtension$CHRenegotiationInfoConsumer
instanceKlass sun/security/ssl/RenegoInfoExtension$CHRenegotiationInfoProducer
instanceKlass sun/security/ssl/RenegoInfoExtension
instanceKlass sun/security/ssl/KeyShareExtension$HRRKeyShareStringizer
instanceKlass sun/security/ssl/KeyShareExtension$HRRKeyShareReproducer
instanceKlass sun/security/ssl/KeyShareExtension$HRRKeyShareConsumer
instanceKlass sun/security/ssl/KeyShareExtension$HRRKeyShareProducer
instanceKlass sun/security/ssl/KeyShareExtension$SHKeyShareStringizer
instanceKlass sun/security/ssl/KeyShareExtension$SHKeyShareAbsence
instanceKlass sun/security/ssl/KeyShareExtension$SHKeyShareConsumer
instanceKlass sun/security/ssl/KeyShareExtension$SHKeyShareProducer
instanceKlass sun/security/ssl/KeyShareExtension$CHKeyShareStringizer
instanceKlass sun/security/ssl/KeyShareExtension$CHKeyShareOnTradeAbsence
instanceKlass sun/security/ssl/KeyShareExtension$CHKeyShareConsumer
instanceKlass sun/security/ssl/KeyShareExtension$CHKeyShareProducer
instanceKlass sun/security/ssl/KeyShareExtension
instanceKlass sun/security/ssl/CertSignAlgsExtension$CertSignatureSchemesStringizer
instanceKlass sun/security/ssl/CertSignAlgsExtension$CRCertSignatureSchemesUpdate
instanceKlass sun/security/ssl/CertSignAlgsExtension$CRCertSignatureSchemesConsumer
instanceKlass sun/security/ssl/CertSignAlgsExtension$CRCertSignatureSchemesProducer
instanceKlass sun/security/ssl/CertSignAlgsExtension$CHCertSignatureSchemesUpdate
instanceKlass sun/security/ssl/CertSignAlgsExtension$CHCertSignatureSchemesConsumer
instanceKlass sun/security/ssl/CertSignAlgsExtension$CHCertSignatureSchemesProducer
instanceKlass sun/security/ssl/CertSignAlgsExtension
instanceKlass sun/security/ssl/CertificateAuthoritiesExtension$CertificateAuthoritiesStringizer
instanceKlass sun/security/ssl/CertificateAuthoritiesExtension$CRCertificateAuthoritiesConsumer
instanceKlass sun/security/ssl/CertificateAuthoritiesExtension$CRCertificateAuthoritiesProducer
instanceKlass sun/security/ssl/CertificateAuthoritiesExtension$CHCertificateAuthoritiesConsumer
instanceKlass sun/security/ssl/CertificateAuthoritiesExtension$CHCertificateAuthoritiesProducer
instanceKlass sun/security/ssl/CertificateAuthoritiesExtension
instanceKlass sun/security/ssl/PskKeyExchangeModesExtension$PskKeyExchangeModesStringizer
instanceKlass sun/security/ssl/PskKeyExchangeModesExtension$PskKeyExchangeModesOnTradeAbsence
instanceKlass sun/security/ssl/PskKeyExchangeModesExtension$PskKeyExchangeModesOnLoadAbsence
instanceKlass sun/security/ssl/PskKeyExchangeModesExtension$PskKeyExchangeModesConsumer
instanceKlass sun/security/ssl/PskKeyExchangeModesExtension$PskKeyExchangeModesProducer
instanceKlass sun/security/ssl/PskKeyExchangeModesExtension
instanceKlass sun/security/ssl/CookieExtension$CookieStringizer
instanceKlass sun/security/ssl/CookieExtension$HRRCookieReproducer
instanceKlass sun/security/ssl/CookieExtension$HRRCookieConsumer
instanceKlass sun/security/ssl/CookieExtension$HRRCookieProducer
instanceKlass sun/security/ssl/CookieExtension$CHCookieUpdate
instanceKlass sun/security/ssl/CookieExtension$CHCookieConsumer
instanceKlass sun/security/ssl/CookieExtension$CHCookieProducer
instanceKlass sun/security/ssl/CookieExtension
instanceKlass sun/security/ssl/SupportedVersionsExtension$HRRSupportedVersionsReproducer
instanceKlass sun/security/ssl/SupportedVersionsExtension$HRRSupportedVersionsConsumer
instanceKlass sun/security/ssl/SupportedVersionsExtension$HRRSupportedVersionsProducer
instanceKlass sun/security/ssl/SupportedVersionsExtension$SHSupportedVersionsStringizer
instanceKlass sun/security/ssl/SupportedVersionsExtension$SHSupportedVersionsConsumer
instanceKlass sun/security/ssl/SupportedVersionsExtension$SHSupportedVersionsProducer
instanceKlass sun/security/ssl/SupportedVersionsExtension$CHSupportedVersionsStringizer
instanceKlass sun/security/ssl/SupportedVersionsExtension$CHSupportedVersionsConsumer
instanceKlass sun/security/ssl/SupportedVersionsExtension$CHSupportedVersionsProducer
instanceKlass sun/security/ssl/SupportedVersionsExtension
instanceKlass sun/security/ssl/SignatureAlgorithmsExtension$SignatureSchemesStringizer
instanceKlass sun/security/ssl/SignatureAlgorithmsExtension$CRSignatureSchemesUpdate
instanceKlass sun/security/ssl/SignatureAlgorithmsExtension$CRSignatureSchemesAbsence
instanceKlass sun/security/ssl/SignatureAlgorithmsExtension$CRSignatureSchemesConsumer
instanceKlass sun/security/ssl/SignatureAlgorithmsExtension$CRSignatureSchemesProducer
instanceKlass sun/security/ssl/SignatureAlgorithmsExtension$CHSignatureSchemesOnTradeAbsence
instanceKlass sun/security/ssl/SignatureAlgorithmsExtension$CHSignatureSchemesUpdate
instanceKlass sun/security/ssl/SignatureAlgorithmsExtension$CHSignatureSchemesOnLoadAbsence
instanceKlass sun/security/ssl/SignatureAlgorithmsExtension$CHSignatureSchemesConsumer
instanceKlass sun/security/ssl/SignatureAlgorithmsExtension$CHSignatureSchemesProducer
instanceKlass sun/security/ssl/SignatureAlgorithmsExtension
instanceKlass sun/security/ssl/SessionTicketExtension$SessionTicketStringizer
instanceKlass sun/security/ssl/SessionTicketExtension$T12SHSessionTicketConsumer
instanceKlass sun/security/ssl/SessionTicketExtension$T12SHSessionTicketProducer
instanceKlass sun/security/ssl/SessionTicketExtension$T12CHSessionTicketConsumer
instanceKlass sun/security/ssl/SessionTicketExtension$T12CHSessionTicketProducer
instanceKlass sun/security/ssl/SessionTicketExtension
instanceKlass sun/security/ssl/ExtendedMasterSecretExtension$ExtendedMasterSecretStringizer
instanceKlass sun/security/ssl/ExtendedMasterSecretExtension$SHExtendedMasterSecretAbsence
instanceKlass sun/security/ssl/ExtendedMasterSecretExtension$SHExtendedMasterSecretConsumer
instanceKlass sun/security/ssl/ExtendedMasterSecretExtension$SHExtendedMasterSecretProducer
instanceKlass sun/security/ssl/ExtendedMasterSecretExtension$CHExtendedMasterSecretAbsence
instanceKlass sun/security/ssl/ExtendedMasterSecretExtension$CHExtendedMasterSecretConsumer
instanceKlass sun/security/ssl/ExtendedMasterSecretExtension$CHExtendedMasterSecretProducer
instanceKlass sun/security/ssl/ExtendedMasterSecretExtension
instanceKlass  @bci sun/security/ssl/AlpnExtension <clinit> ()V 100 <appendix> argL0 ; # sun/security/ssl/AlpnExtension$$Lambda+0x0000000100ab4410
instanceKlass sun/security/ssl/AlpnExtension$AlpnStringizer
instanceKlass sun/security/ssl/AlpnExtension$SHAlpnAbsence
instanceKlass sun/security/ssl/AlpnExtension$SHAlpnConsumer
instanceKlass sun/security/ssl/AlpnExtension$SHAlpnProducer
instanceKlass sun/security/ssl/AlpnExtension$CHAlpnAbsence
instanceKlass sun/security/ssl/AlpnExtension$CHAlpnConsumer
instanceKlass sun/security/ssl/AlpnExtension$CHAlpnProducer
instanceKlass sun/security/ssl/AlpnExtension
instanceKlass sun/security/ssl/ECPointFormatsExtension$ECPointFormatsStringizer
instanceKlass sun/security/ssl/ECPointFormatsExtension$SHECPointFormatsConsumer
instanceKlass sun/security/ssl/ECPointFormatsExtension$CHECPointFormatsConsumer
instanceKlass sun/security/ssl/ECPointFormatsExtension$CHECPointFormatsProducer
instanceKlass sun/security/ssl/ECPointFormatsExtension
instanceKlass sun/security/ssl/SupportedGroupsExtension$EESupportedGroupsConsumer
instanceKlass sun/security/ssl/SupportedGroupsExtension$EESupportedGroupsProducer
instanceKlass sun/security/ssl/SupportedGroupsExtension$SupportedGroupsStringizer
instanceKlass sun/security/ssl/SupportedGroupsExtension$CHSupportedGroupsOnTradeAbsence
instanceKlass sun/security/ssl/SupportedGroupsExtension$CHSupportedGroupsConsumer
instanceKlass sun/security/ssl/SupportedGroupsExtension$CHSupportedGroupsProducer
instanceKlass sun/security/ssl/SupportedGroupsExtension
instanceKlass sun/security/ssl/CertStatusExtension$CertStatusRespStringizer
instanceKlass sun/security/ssl/CertStatusExtension$CertStatusRequestsStringizer
instanceKlass sun/security/ssl/CertStatusExtension$SHCertStatusReqV2Consumer
instanceKlass sun/security/ssl/CertStatusExtension$SHCertStatusReqV2Producer
instanceKlass sun/security/ssl/CertStatusExtension$CHCertStatusReqV2Consumer
instanceKlass sun/security/ssl/CertStatusExtension$CHCertStatusReqV2Producer
instanceKlass sun/security/ssl/CertStatusExtension$CertStatusRequestStringizer
instanceKlass sun/security/ssl/CertStatusExtension$CTCertStatusResponseConsumer
instanceKlass sun/security/ssl/CertStatusExtension$CTCertStatusResponseProducer
instanceKlass sun/security/ssl/CertStatusExtension$SHCertStatusReqConsumer
instanceKlass sun/security/ssl/CertStatusExtension$SHCertStatusReqProducer
instanceKlass sun/security/ssl/CertStatusExtension$CHCertStatusReqConsumer
instanceKlass sun/security/ssl/CertStatusExtension$CHCertStatusReqProducer
instanceKlass sun/security/ssl/CertStatusExtension
instanceKlass sun/security/ssl/MaxFragExtension$MaxFragLenStringizer
instanceKlass sun/security/ssl/MaxFragExtension$EEMaxFragmentLengthUpdate
instanceKlass sun/security/ssl/MaxFragExtension$EEMaxFragmentLengthConsumer
instanceKlass sun/security/ssl/MaxFragExtension$EEMaxFragmentLengthProducer
instanceKlass sun/security/ssl/MaxFragExtension$SHMaxFragmentLengthUpdate
instanceKlass sun/security/ssl/MaxFragExtension$SHMaxFragmentLengthConsumer
instanceKlass sun/security/ssl/MaxFragExtension$SHMaxFragmentLengthProducer
instanceKlass sun/security/ssl/MaxFragExtension$CHMaxFragmentLengthConsumer
instanceKlass sun/security/ssl/MaxFragExtension$CHMaxFragmentLengthProducer
instanceKlass sun/security/ssl/MaxFragExtension
instanceKlass sun/security/ssl/ServerNameExtension$EEServerNameConsumer
instanceKlass sun/security/ssl/ServerNameExtension$EEServerNameProducer
instanceKlass sun/security/ssl/ServerNameExtension$SHServerNamesStringizer
instanceKlass sun/security/ssl/ServerNameExtension$SHServerNameConsumer
instanceKlass sun/security/ssl/ServerNameExtension$SHServerNameProducer
instanceKlass sun/security/ssl/ServerNameExtension$CHServerNamesStringizer
instanceKlass sun/security/ssl/ServerNameExtension$CHServerNameConsumer
instanceKlass sun/security/ssl/SSLExtension$ExtensionConsumer
instanceKlass sun/security/ssl/ServerNameExtension$CHServerNameProducer
instanceKlass sun/security/ssl/ServerNameExtension
instanceKlass sun/security/ssl/SSLStringizer
instanceKlass sun/security/ssl/SSLExtensions
instanceKlass sun/security/ssl/SSLHandshake$HandshakeMessage
instanceKlass sun/security/ssl/RandomCookie
instanceKlass java/lang/Byte$ByteCache
instanceKlass sun/security/util/KeyUtil
instanceKlass sun/security/ssl/SSLKeyDerivation
instanceKlass sun/security/ssl/SSLCredentials
instanceKlass sun/security/ssl/NamedGroupPossession
instanceKlass sun/security/ssl/SSLPossession
instanceKlass sun/security/ssl/HandshakeContext
instanceKlass jdk/internal/icu/impl/Trie2$UTrie2Header
instanceKlass jdk/internal/icu/impl/Trie2$1
instanceKlass jdk/internal/icu/impl/Trie2$ValueMapper
instanceKlass jdk/internal/icu/impl/Trie2
instanceKlass jdk/internal/icu/impl/UCharacterProperty$IsAcceptable
instanceKlass jdk/internal/icu/impl/ICUBinary$1
instanceKlass jdk/internal/icu/impl/UCharacterProperty$IntProperty
instanceKlass jdk/internal/icu/impl/UCharacterProperty
instanceKlass jdk/internal/icu/lang/UCharacter
instanceKlass jdk/internal/icu/util/VersionInfo
instanceKlass jdk/internal/icu/impl/Trie
instanceKlass jdk/internal/icu/text/StringPrep$StringPrepTrieImpl
instanceKlass jdk/internal/icu/impl/Trie$DataManipulate
instanceKlass jdk/internal/icu/impl/ICUBinary
instanceKlass jdk/internal/icu/impl/StringPrepDataReader
instanceKlass jdk/internal/icu/impl/ICUBinary$Authenticate
instanceKlass  @bci jdk/internal/module/SystemModuleFinders$SystemModuleReader open (Ljava/lang/String;)Ljava/util/Optional; 6 <appendix> member <vmtarget> ; # jdk/internal/module/SystemModuleFinders$SystemModuleReader$$Lambda+0x0000000100aa7480
instanceKlass jdk/internal/icu/text/StringPrep
instanceKlass java/net/IDN
instanceKlass javax/net/ssl/SNIServerName
instanceKlass java/net/SocksSocketImpl$3
instanceKlass  @bci sun/nio/ch/NioSocketImpl closerFor (Ljava/io/FileDescriptor;Z)Ljava/lang/Runnable; 5 <appendix> member <vmtarget> ; # sun/nio/ch/NioSocketImpl$$Lambda+0x0000000100aa6790
instanceKlass java/net/InetAddress$CachedLookup
instanceKlass sun/net/InetAddressCachePolicy$1
instanceKlass sun/net/InetAddressCachePolicy
instanceKlass  @bci java/net/InetAddress getAddressesFromNameService (Ljava/lang/String;)[Ljava/net/InetAddress; 94 <appendix> argL0 ; # java/net/InetAddress$$Lambda+0x0000000100aa5c48
instanceKlass  @bci java/net/InetAddress loadResolver ()Ljava/net/spi/InetAddressResolver; 8 <appendix> argL0 ; # java/net/InetAddress$$Lambda+0x0000000100aa59f8
instanceKlass java/net/spi/InetAddressResolverProvider
instanceKlass java/net/InetAddress$NameServiceAddresses
instanceKlass java/net/InetAddress$Addresses
instanceKlass org/apache/http/conn/routing/RouteTracker
instanceKlass org/apache/http/impl/execchain/ConnectionHolder
instanceKlass org/apache/http/conn/ConnectionReleaseTrigger
instanceKlass org/apache/http/impl/conn/CPoolProxy
instanceKlass org/apache/http/impl/conn/Wire
instanceKlass org/apache/http/impl/io/AbstractMessageParser
instanceKlass org/apache/http/util/CharArrayBuffer
instanceKlass org/apache/http/impl/io/AbstractMessageWriter
instanceKlass org/apache/http/impl/HttpConnectionMetricsImpl
instanceKlass org/apache/http/impl/io/SessionOutputBufferImpl
instanceKlass org/apache/http/util/ByteArrayBuffer
instanceKlass org/apache/http/config/MessageConstraints$Builder
instanceKlass org/apache/http/config/MessageConstraints
instanceKlass org/apache/http/impl/io/SessionInputBufferImpl
instanceKlass org/apache/http/io/BufferInfo
instanceKlass org/apache/http/impl/io/HttpTransportMetricsImpl
instanceKlass org/apache/http/io/SessionInputBuffer
instanceKlass org/apache/http/io/SessionOutputBuffer
instanceKlass org/apache/http/HttpConnectionMetrics
instanceKlass org/apache/http/io/HttpTransportMetrics
instanceKlass org/apache/http/config/ConnectionConfig$Builder
instanceKlass org/apache/http/config/ConnectionConfig
instanceKlass org/apache/http/util/LangUtils
instanceKlass org/apache/http/impl/conn/PoolingHttpClientConnectionManager$1
instanceKlass org/apache/http/pool/AbstractConnPool$2
instanceKlass org/apache/http/util/Asserts
instanceKlass org/apache/http/impl/cookie/DefaultCookieSpec
instanceKlass org/apache/http/impl/cookie/BasicDomainHandler
instanceKlass org/apache/http/impl/cookie/RFC2109DomainHandler
instanceKlass org/apache/http/impl/cookie/RFC2965DiscardAttributeHandler
instanceKlass org/apache/http/impl/cookie/RFC2965CommentUrlAttributeHandler
instanceKlass org/apache/http/impl/cookie/AbstractCookieAttributeHandler
instanceKlass org/apache/http/impl/cookie/RFC2965PortAttributeHandler
instanceKlass org/apache/http/impl/cookie/PublicSuffixDomainFilter
instanceKlass org/apache/http/impl/cookie/RFC2965DomainAttributeHandler
instanceKlass org/apache/http/impl/cookie/RFC2965VersionAttributeHandler
instanceKlass org/apache/http/cookie/SetCookie
instanceKlass org/apache/http/cookie/Cookie
instanceKlass org/apache/http/impl/cookie/AbstractCookieSpec
instanceKlass org/apache/http/cookie/CookieOrigin
instanceKlass org/apache/http/conn/routing/HttpRoute
instanceKlass org/apache/http/impl/conn/SystemDefaultRoutePlanner$1
instanceKlass sun/net/spi/DefaultProxySelector$3
instanceKlass sun/net/spi/DefaultProxySelector$NonProxyInfo
instanceKlass org/apache/http/auth/AuthState
instanceKlass org/apache/http/protocol/HttpCoreContext
instanceKlass org/apache/http/message/BasicRequestLine
instanceKlass org/apache/http/params/HttpProtocolParams
instanceKlass org/apache/http/params/CoreProtocolPNames
instanceKlass org/apache/http/params/AbstractHttpParams
instanceKlass org/apache/http/params/HttpParamsNames
instanceKlass org/apache/http/HttpHost
instanceKlass org/apache/http/client/utils/URIUtils
instanceKlass org/apache/http/conn/ClientConnectionManager
instanceKlass org/apache/http/impl/client/HttpClientBuilder$2
instanceKlass org/apache/http/cookie/CookieIdentityComparator
instanceKlass org/apache/http/impl/client/BasicCookieStore
instanceKlass org/apache/http/impl/execchain/RedirectExec
instanceKlass org/apache/http/impl/execchain/RetryExec
instanceKlass org/apache/http/impl/client/DefaultHttpRequestRetryHandler
instanceKlass org/apache/http/impl/execchain/ProtocolExec
instanceKlass org/apache/http/client/entity/DeflateInputStreamFactory
instanceKlass org/apache/http/client/entity/GZIPInputStreamFactory
instanceKlass org/apache/http/client/entity/InputStreamFactory
instanceKlass org/apache/http/client/protocol/ResponseContentEncoding
instanceKlass org/apache/http/client/protocol/ResponseProcessCookies
instanceKlass org/apache/http/client/protocol/RequestAuthCache
instanceKlass org/apache/http/client/protocol/RequestAcceptEncoding
instanceKlass org/apache/http/client/protocol/RequestAddCookies
instanceKlass org/apache/http/protocol/ChainBuilder
instanceKlass org/apache/http/client/protocol/RequestExpectContinue
instanceKlass org/apache/http/client/protocol/RequestClientConnControl
instanceKlass org/apache/http/protocol/RequestContent
instanceKlass org/apache/http/client/protocol/RequestDefaultHeaders
instanceKlass org/apache/http/protocol/HttpProcessorBuilder
instanceKlass org/apache/http/conn/routing/BasicRouteDirector
instanceKlass org/apache/http/impl/auth/HttpAuthenticator
instanceKlass org/apache/http/conn/routing/RouteInfo
instanceKlass org/apache/http/client/methods/CloseableHttpResponse
instanceKlass org/apache/http/conn/routing/HttpRouteDirector
instanceKlass org/apache/http/impl/execchain/MainClientExec
instanceKlass org/apache/http/protocol/RequestUserAgent
instanceKlass org/apache/http/protocol/RequestTargetHost
instanceKlass org/apache/http/protocol/ImmutableHttpProcessor
instanceKlass org/apache/http/impl/client/DefaultUserTokenHandler
instanceKlass org/apache/http/client/AuthCache
instanceKlass org/apache/http/impl/client/AuthenticationStrategyImpl
instanceKlass org/apache/http/HeaderElementIterator
instanceKlass org/apache/http/impl/client/DefaultConnectionKeepAliveStrategy
instanceKlass org/apache/http/TokenIterator
instanceKlass org/apache/http/impl/DefaultConnectionReuseStrategy
instanceKlass org/apache/http/impl/entity/StrictContentLengthStrategy
instanceKlass org/apache/http/impl/entity/LaxContentLengthStrategy
instanceKlass org/apache/http/impl/EnglishReasonPhraseCatalog
instanceKlass org/apache/http/HttpResponse
instanceKlass org/apache/http/ReasonPhraseCatalog
instanceKlass org/apache/http/impl/DefaultHttpResponseFactory
instanceKlass org/apache/http/StatusLine
instanceKlass org/apache/http/message/BasicLineParser
instanceKlass org/apache/http/io/HttpMessageParser
instanceKlass org/apache/http/HttpResponseFactory
instanceKlass org/apache/http/message/LineParser
instanceKlass org/apache/http/impl/conn/DefaultHttpResponseParserFactory
instanceKlass org/apache/http/message/BasicLineFormatter
instanceKlass org/apache/http/io/HttpMessageWriter
instanceKlass org/apache/http/message/LineFormatter
instanceKlass org/apache/http/impl/io/DefaultHttpRequestWriterFactory
instanceKlass org/apache/http/impl/BHttpConnectionBase
instanceKlass org/apache/http/conn/ManagedHttpClientConnection
instanceKlass org/apache/http/HttpInetConnection
instanceKlass org/apache/http/HttpClientConnection
instanceKlass org/apache/http/HttpConnection
instanceKlass org/apache/http/entity/ContentLengthStrategy
instanceKlass org/apache/http/io/HttpMessageParserFactory
instanceKlass org/apache/http/io/HttpMessageWriterFactory
instanceKlass org/apache/http/impl/conn/ManagedHttpClientConnectionFactory
instanceKlass org/apache/http/conn/HttpConnectionFactory
instanceKlass org/apache/http/impl/conn/PoolingHttpClientConnectionManager$InternalConnectionFactory
instanceKlass org/apache/http/pool/RouteSpecificPool
instanceKlass org/apache/http/pool/AbstractConnPool
instanceKlass org/apache/http/pool/ConnPool
instanceKlass org/apache/http/impl/conn/PoolingHttpClientConnectionManager$ConfigData
instanceKlass org/apache/http/impl/conn/SystemDefaultDnsResolver
instanceKlass org/apache/http/conn/DnsResolver
instanceKlass org/apache/http/impl/conn/DefaultHttpClientConnectionOperator
instanceKlass org/apache/http/conn/socket/PlainConnectionSocketFactory
instanceKlass org/apache/http/pool/PoolEntry
instanceKlass org/apache/http/conn/ConnectionRequest
instanceKlass org/apache/http/pool/PoolEntryCallback
instanceKlass org/apache/http/pool/ConnFactory
instanceKlass org/apache/http/conn/HttpClientConnectionOperator
instanceKlass org/apache/http/impl/conn/PoolingHttpClientConnectionManager
instanceKlass org/apache/http/pool/ConnPoolControl
instanceKlass org/apache/http/ProtocolVersion
instanceKlass org/apache/http/protocol/HttpRequestExecutor
instanceKlass org/apache/http/impl/client/DefaultRedirectStrategy
instanceKlass org/gradle/internal/resource/transport/http/HttpClientConfigurer$1
instanceKlass org/gradle/internal/resource/transport/http/RedirectVerifyingStrategyDecorator
instanceKlass org/apache/http/config/SocketConfig$Builder
instanceKlass org/apache/http/config/SocketConfig
instanceKlass org/apache/http/client/config/RequestConfig$Builder
instanceKlass org/apache/http/client/config/RequestConfig
instanceKlass org/gradle/internal/resource/transport/http/JavaSystemPropertiesHttpTimeoutSettings
instanceKlass org/apache/http/impl/cookie/IgnoreSpecProvider
instanceKlass org/apache/http/impl/cookie/NetscapeDraftSpecProvider
instanceKlass org/apache/http/impl/cookie/RFC6265CookieSpecProvider
instanceKlass org/apache/http/cookie/CookieSpec
instanceKlass org/apache/http/impl/cookie/BasicPathHandler
instanceKlass org/apache/http/cookie/CommonCookieAttributeHandler
instanceKlass org/apache/http/cookie/CookieAttributeHandler
instanceKlass org/apache/http/impl/cookie/DefaultCookieSpecProvider
instanceKlass org/apache/http/cookie/CookieSpecProvider
instanceKlass org/apache/http/conn/util/PublicSuffixMatcher
instanceKlass org/apache/http/conn/util/PublicSuffixList
instanceKlass org/apache/http/conn/util/PublicSuffixListParser
instanceKlass org/apache/http/conn/util/PublicSuffixMatcherLoader
instanceKlass org/apache/http/impl/conn/DefaultSchemePortResolver
instanceKlass sun/net/spi/DefaultProxySelector$1
instanceKlass java/net/Proxy
instanceKlass java/net/ProxySelector
instanceKlass org/apache/http/impl/conn/DefaultRoutePlanner
instanceKlass org/gradle/internal/resource/transport/http/HttpProxySettings$HttpProxy
instanceKlass org/gradle/internal/resource/transport/http/JavaSystemPropertiesProxySettings
instanceKlass org/apache/http/config/Registry
instanceKlass org/gradle/internal/resource/transport/http/HttpHeaderSchemeFactory
instanceKlass org/apache/http/impl/auth/KerberosSchemeFactory
instanceKlass org/apache/http/impl/auth/SPNegoSchemeFactory
instanceKlass org/apache/http/impl/auth/NTLMEngine
instanceKlass org/gradle/internal/resource/transport/http/ntlm/NTLMSchemeFactory
instanceKlass org/apache/http/impl/auth/DigestSchemeFactory
instanceKlass org/apache/http/impl/auth/BasicSchemeFactory
instanceKlass org/apache/http/auth/AuthSchemeProvider
instanceKlass org/apache/http/auth/AuthSchemeFactory
instanceKlass org/apache/http/config/RegistryBuilder
instanceKlass org/apache/http/conn/ssl/AbstractVerifier
instanceKlass org/apache/http/conn/ssl/X509HostnameVerifier
instanceKlass org/apache/http/conn/ssl/SSLConnectionSocketFactory
instanceKlass org/apache/http/impl/client/BasicCredentialsProvider
instanceKlass org/apache/http/impl/client/SystemDefaultCredentialsProvider
instanceKlass sun/security/ssl/SSLConfiguration$1
instanceKlass javax/net/ssl/SSLParameters
instanceKlass sun/security/ssl/SessionId
instanceKlass java/security/spec/MGF1ParameterSpec
instanceKlass sun/security/ec/ParametersMap$1
instanceKlass  @bci sun/security/ec/ed/EdDSAParameters <clinit> ()V 268 <appendix> argL0 ; # sun/security/ec/ed/EdDSAParameters$$Lambda+0x0000000100a8f3e0
instanceKlass sun/security/ec/ed/EdDSAParameters$SHAKE256DigesterFactory
instanceKlass sun/security/ec/point/ProjectivePoint
instanceKlass  @bci sun/security/ec/ed/EdDSAParameters <clinit> ()V 117 <appendix> argL0 ; # sun/security/ec/ed/EdDSAParameters$$Lambda+0x0000000100a8e9d8
instanceKlass sun/security/ec/ed/EdDSAParameters$Digester
instanceKlass sun/security/ec/ed/EdDSAParameters$SHA512DigesterFactory
instanceKlass sun/security/ec/point/ExtendedHomogeneousPoint
instanceKlass sun/security/ec/point/AffinePoint
instanceKlass sun/security/util/math/intpoly/IntegerPolynomial$Limb
instanceKlass sun/security/util/math/SmallValue
instanceKlass sun/security/ec/point/MutablePoint
instanceKlass sun/security/ec/point/ImmutablePoint
instanceKlass sun/security/ec/point/Point
instanceKlass sun/security/util/math/intpoly/IntegerPolynomial$Element
instanceKlass sun/security/util/math/ImmutableIntegerModuloP
instanceKlass sun/security/util/math/IntegerModuloP
instanceKlass sun/security/util/math/intpoly/IntegerPolynomial
instanceKlass sun/security/ec/ParametersMap
instanceKlass sun/security/ec/ed/EdECOperations
instanceKlass sun/security/ec/ed/EdDSAParameters$DigesterFactory
instanceKlass sun/security/util/math/IntegerFieldModuloP
instanceKlass sun/security/ec/ed/EdDSAParameters
instanceKlass  @bci sun/security/ec/ed/EdDSASignature <init> (Ljava/security/spec/NamedParameterSpec;)V 27 <appendix> argL0 ; # sun/security/ec/ed/EdDSASignature$$Lambda+0x0000000100722678
instanceKlass java/security/spec/EdDSAParameterSpec
instanceKlass sun/security/ec/ed/EdDSASignature$MessageAccumulator
instanceKlass javax/net/ssl/ExtendedSSLSession
instanceKlass javax/net/ssl/SSLSession
instanceKlass javax/crypto/spec/DHParameterSpec
instanceKlass sun/security/ssl/PredefinedDHParameterSpecs$1
instanceKlass sun/security/ssl/PredefinedDHParameterSpecs
instanceKlass sun/security/ssl/NamedGroup$SupportedGroups
instanceKlass sun/security/ssl/SSLConfiguration$CustomizedClientSignatureSchemes
instanceKlass javax/crypto/KeyGeneratorSpi
instanceKlass javax/crypto/KeyGenerator
instanceKlass sun/security/ssl/SSLConfiguration
instanceKlass sun/security/ssl/SSLCipher$SSLWriteCipher
instanceKlass sun/security/ssl/KeyUpdate$KeyUpdateProducer
instanceKlass sun/security/ssl/KeyUpdate$KeyUpdateConsumer
instanceKlass sun/security/ssl/KeyUpdate$KeyUpdateKickstartProducer
instanceKlass sun/security/ssl/KeyUpdate
instanceKlass sun/security/ssl/CertificateStatus$CertificateStatusAbsence
instanceKlass sun/security/ssl/HandshakeAbsence
instanceKlass sun/security/ssl/CertificateStatus$CertificateStatusProducer
instanceKlass sun/security/ssl/CertificateStatus$CertificateStatusConsumer
instanceKlass sun/security/ssl/CertificateStatus
instanceKlass sun/security/ssl/Finished$T13FinishedProducer
instanceKlass sun/security/ssl/Finished$T13FinishedConsumer
instanceKlass sun/security/ssl/Finished$T12FinishedProducer
instanceKlass sun/security/ssl/Finished$T12FinishedConsumer
instanceKlass sun/security/ssl/Finished
instanceKlass sun/security/ssl/ClientKeyExchange$ClientKeyExchangeProducer
instanceKlass sun/security/ssl/ClientKeyExchange$ClientKeyExchangeConsumer
instanceKlass sun/security/ssl/ClientKeyExchange
instanceKlass sun/security/ssl/CertificateVerify$T13CertificateVerifyProducer
instanceKlass sun/security/ssl/CertificateVerify$T13CertificateVerifyConsumer
instanceKlass sun/security/ssl/CertificateVerify$T12CertificateVerifyProducer
instanceKlass sun/security/ssl/CertificateVerify$T12CertificateVerifyConsumer
instanceKlass sun/security/ssl/CertificateVerify$T10CertificateVerifyProducer
instanceKlass sun/security/ssl/CertificateVerify$T10CertificateVerifyConsumer
instanceKlass sun/security/ssl/CertificateVerify$S30CertificateVerifyProducer
instanceKlass sun/security/ssl/CertificateVerify$S30CertificateVerifyConsumer
instanceKlass sun/security/ssl/CertificateVerify
instanceKlass sun/security/ssl/ServerHelloDone$ServerHelloDoneProducer
instanceKlass sun/security/ssl/ServerHelloDone$ServerHelloDoneConsumer
instanceKlass sun/security/ssl/ServerHelloDone
instanceKlass sun/security/ssl/CertificateRequest$T13CertificateRequestProducer
instanceKlass sun/security/ssl/CertificateRequest$T13CertificateRequestConsumer
instanceKlass sun/security/ssl/CertificateRequest$T12CertificateRequestProducer
instanceKlass sun/security/ssl/CertificateRequest$T12CertificateRequestConsumer
instanceKlass sun/security/ssl/CertificateRequest$T10CertificateRequestProducer
instanceKlass sun/security/ssl/CertificateRequest$T10CertificateRequestConsumer
instanceKlass sun/security/ssl/CertificateRequest
instanceKlass sun/security/ssl/ServerKeyExchange$ServerKeyExchangeProducer
instanceKlass sun/security/ssl/ServerKeyExchange$ServerKeyExchangeConsumer
instanceKlass sun/security/ssl/ServerKeyExchange
instanceKlass sun/security/ssl/CertificateMessage$T13CertificateProducer
instanceKlass sun/security/ssl/CertificateMessage$T13CertificateConsumer
instanceKlass sun/security/ssl/CertificateMessage$T12CertificateProducer
instanceKlass sun/security/ssl/CertificateMessage$T12CertificateConsumer
instanceKlass sun/security/ssl/CertificateMessage
instanceKlass sun/security/ssl/EncryptedExtensions$EncryptedExtensionsConsumer
instanceKlass sun/security/ssl/EncryptedExtensions$EncryptedExtensionsProducer
instanceKlass sun/security/ssl/EncryptedExtensions
instanceKlass sun/security/ssl/NewSessionTicket$T12NewSessionTicketProducer
instanceKlass sun/security/ssl/NewSessionTicket$T13NewSessionTicketProducer
instanceKlass sun/security/ssl/NewSessionTicket$T12NewSessionTicketConsumer
instanceKlass sun/security/ssl/NewSessionTicket$T13NewSessionTicketConsumer
instanceKlass sun/security/ssl/NewSessionTicket
instanceKlass sun/security/ssl/HelloVerifyRequest$HelloVerifyRequestProducer
instanceKlass sun/security/ssl/HelloVerifyRequest$HelloVerifyRequestConsumer
instanceKlass sun/security/ssl/HelloVerifyRequest
instanceKlass sun/security/ssl/ServerHello$T13HelloRetryRequestConsumer
instanceKlass sun/security/ssl/ServerHello$T13ServerHelloConsumer
instanceKlass sun/security/ssl/ServerHello$T12ServerHelloConsumer
instanceKlass sun/security/ssl/ServerHello$T13HelloRetryRequestReproducer
instanceKlass sun/security/ssl/ServerHello$T13HelloRetryRequestProducer
instanceKlass sun/security/ssl/ServerHello$T13ServerHelloProducer
instanceKlass sun/security/ssl/ServerHello$T12ServerHelloProducer
instanceKlass sun/security/ssl/ServerHello$ServerHelloConsumer
instanceKlass sun/security/ssl/ServerHello
instanceKlass sun/security/ssl/ClientHello$D13ClientHelloConsumer
instanceKlass sun/security/ssl/ClientHello$D12ClientHelloConsumer
instanceKlass sun/security/ssl/ClientHello$T13ClientHelloConsumer
instanceKlass sun/security/ssl/ClientHello$T12ClientHelloConsumer
instanceKlass sun/security/ssl/HandshakeConsumer
instanceKlass sun/security/ssl/ClientHello$ClientHelloProducer
instanceKlass sun/security/ssl/ClientHello$ClientHelloConsumer
instanceKlass sun/security/ssl/ClientHello$ClientHelloKickstartProducer
instanceKlass sun/security/ssl/ClientHello
instanceKlass sun/security/ssl/HelloRequest$HelloRequestProducer
instanceKlass sun/security/ssl/HelloRequest$HelloRequestConsumer
instanceKlass sun/security/ssl/HelloRequest$HelloRequestKickstartProducer
instanceKlass sun/security/ssl/SSLProducer
instanceKlass sun/security/ssl/HelloRequest
instanceKlass sun/security/ssl/HandshakeProducer
instanceKlass sun/security/ssl/SSLConsumer
instanceKlass sun/security/ssl/Authenticator$MacImpl
instanceKlass sun/security/ssl/Authenticator$MAC
instanceKlass sun/security/ssl/Authenticator
instanceKlass sun/security/ssl/SSLCipher$SSLReadCipher
instanceKlass sun/security/ssl/InputRecord
instanceKlass sun/security/ssl/SSLRecord
instanceKlass sun/security/ssl/Record
instanceKlass sun/security/ssl/TransportContext
instanceKlass sun/security/ssl/ConnectionContext
instanceKlass sun/security/ssl/HandshakeHash$CacheOnlyHash
instanceKlass sun/security/ssl/HandshakeHash$TranscriptHash
instanceKlass sun/security/ssl/HandshakeHash
instanceKlass java/net/SocksConsts
instanceKlass sun/net/PlatformSocketImpl
instanceKlass sun/security/ssl/SSLTransport
instanceKlass javax/net/SocketFactory
instanceKlass  @bci sun/security/ssl/SSLContextImpl engineInit ([Ljavax/net/ssl/KeyManager;[Ljavax/net/ssl/TrustManager;Ljava/security/SecureRandom;)V 57 <appendix> argL0 ; # sun/security/ssl/SSLContextImpl$$Lambda+0x0000000100ae9be8
instanceKlass javax/net/ssl/X509ExtendedTrustManager
instanceKlass sun/security/validator/TrustStoreUtil
instanceKlass javax/net/ssl/TrustManagerFactorySpi
instanceKlass  @bci javax/net/ssl/TrustManagerFactory getDefaultAlgorithm ()Ljava/lang/String; 0 <appendix> argL0 ; # javax/net/ssl/TrustManagerFactory$$Lambda+0x0000000100ae8be8
instanceKlass javax/net/ssl/TrustManagerFactory
instanceKlass sun/security/x509/AccessDescription
instanceKlass sun/security/x509/RFC822Name
instanceKlass sun/security/x509/NetscapeCertTypeExtension$MapEntry
instanceKlass sun/security/x509/DNSName
instanceKlass sun/security/x509/URIName
instanceKlass sun/security/x509/DistributionPoint
instanceKlass java/security/cert/PolicyQualifierInfo
instanceKlass sun/security/x509/CertificatePolicyId
instanceKlass sun/security/x509/PolicyInformation
instanceKlass java/security/interfaces/ECPublicKey
instanceKlass sun/security/x509/GeneralName
instanceKlass sun/security/pkcs12/PKCS12KeyStore$Entry
instanceKlass jdk/internal/event/EventHelper$ThreadTrackHolder
instanceKlass jdk/internal/event/EventHelper
instanceKlass sun/security/jca/JCAUtil
instanceKlass sun/security/util/MemoryCache$CacheEntry
instanceKlass sun/security/x509/GeneralNames
instanceKlass sun/security/x509/KeyIdentifier
instanceKlass sun/security/x509/OIDMap$OIDInfo
instanceKlass sun/security/x509/PKIXExtensions
instanceKlass sun/security/x509/OIDMap
instanceKlass sun/security/x509/Extension
instanceKlass java/security/cert/Extension
instanceKlass sun/security/x509/CertificateExtensions
instanceKlass sun/security/rsa/RSAUtil
instanceKlass java/security/interfaces/RSAPublicKey
instanceKlass java/security/interfaces/RSAKey
instanceKlass java/security/spec/PSSParameterSpec
instanceKlass java/security/spec/RSAPrivateKeySpec
instanceKlass java/security/spec/RSAPublicKeySpec
instanceKlass  @bci java/security/spec/EncodedKeySpec <clinit> ()V 0 <appendix> argL0 ; # java/security/spec/EncodedKeySpec$$Lambda+0x0000000100adf8e8
instanceKlass  @cpi javax/crypto/spec/SecretKeySpec 161 form vmentry <vmtarget> ; # java/lang/invoke/LambdaForm$DMH+0x0000000100a8c000
instanceKlass jdk/internal/access/JavaSecuritySpecAccess
instanceKlass java/security/spec/EncodedKeySpec
instanceKlass java/security/spec/KeySpec
instanceKlass sun/security/util/BitArray
instanceKlass sun/security/x509/X509Key
instanceKlass sun/security/x509/CertificateX509Key
instanceKlass sun/security/x509/CertificateValidity
instanceKlass sun/security/x509/AVA
instanceKlass sun/security/x509/RDN
instanceKlass javax/security/auth/x500/X500Principal
instanceKlass  @bci sun/security/x509/X500Name <clinit> ()V 153 <appendix> argL0 ; # sun/security/x509/X500Name$$Lambda+0x0000000100add6f0
instanceKlass sun/security/x509/X500Name
instanceKlass sun/security/x509/GeneralNameInterface
instanceKlass sun/security/x509/CertificateAlgorithmId
instanceKlass sun/security/x509/SerialNumber
instanceKlass sun/security/x509/CertificateSerialNumber
instanceKlass sun/security/x509/CertificateVersion
instanceKlass sun/security/x509/X509CertInfo
instanceKlass sun/security/x509/AlgorithmId
instanceKlass java/security/cert/X509Extension
instanceKlass sun/security/util/Cache$EqualByteArray
instanceKlass java/security/cert/CertificateFactorySpi
instanceKlass java/security/cert/CertificateFactory
instanceKlass sun/security/pkcs/ContentInfo
instanceKlass sun/security/util/IOUtils
instanceKlass sun/security/util/DerInputStream
instanceKlass sun/security/util/DerValue
instanceKlass javax/net/ssl/X509ExtendedKeyManager
instanceKlass javax/net/ssl/X509KeyManager
instanceKlass javax/net/ssl/KeyManager
instanceKlass javax/net/ssl/KeyManagerFactorySpi
instanceKlass  @bci javax/net/ssl/KeyManagerFactory getDefaultAlgorithm ()Ljava/lang/String; 0 <appendix> argL0 ; # javax/net/ssl/KeyManagerFactory$$Lambda+0x0000000100ad8f58
instanceKlass javax/net/ssl/KeyManagerFactory
instanceKlass  @bci sun/security/util/KeyStoreDelegator <init> (Ljava/lang/String;Ljava/lang/Class;Ljava/lang/String;Ljava/lang/Class;)V 4 <appendix> argL0 ; # sun/security/util/KeyStoreDelegator$$Lambda+0x0000000100ad8900
instanceKlass java/security/KeyStoreSpi
instanceKlass  @bci java/security/KeyStore getDefaultType ()Ljava/lang/String; 0 <appendix> argL0 ; # java/security/KeyStore$$Lambda+0x0000000100ad7588
instanceKlass java/security/KeyStore
instanceKlass sun/security/util/Cache
instanceKlass sun/security/ssl/SSLSessionContextImpl
instanceKlass javax/net/ssl/SSLSessionContext
instanceKlass sun/security/ssl/EphemeralKeyManager$EphemeralKeyPair
instanceKlass sun/security/ssl/EphemeralKeyManager
instanceKlass sun/security/ssl/SSLContextImpl$CustomizedSSLProtocols
instanceKlass java/security/spec/NamedParameterSpec
instanceKlass sun/security/util/ECKeySizeParameterSpec
instanceKlass java/security/AlgorithmParametersSpi
instanceKlass java/security/AlgorithmParameters
instanceKlass sun/security/util/ECUtil
instanceKlass java/security/KeyPairGeneratorSpi
instanceKlass java/security/PrivateKey
instanceKlass javax/security/auth/Destroyable
instanceKlass java/security/PublicKey
instanceKlass java/security/KeyFactorySpi
instanceKlass java/security/KeyFactory
instanceKlass javax/crypto/KeyAgreement
instanceKlass java/security/interfaces/ECKey
instanceKlass java/security/Key
instanceKlass java/security/Signature$1
instanceKlass jdk/internal/access/JavaSecuritySignatureAccess
instanceKlass java/security/SignatureSpi
instanceKlass sun/security/ssl/JsseJce$EcAvailability
instanceKlass sun/security/ssl/SSLAlgorithmDecomposer$1
instanceKlass sun/security/ssl/Utilities
instanceKlass sun/security/ssl/JsseJce
instanceKlass sun/security/ssl/NamedGroup$XDHScheme
instanceKlass sun/security/ssl/NamedGroup$FFDHEScheme
instanceKlass sun/security/ssl/NamedGroup$ECDHEScheme
instanceKlass sun/security/ssl/NamedGroup$NamedGroupScheme
instanceKlass sun/security/ssl/SSLCipher$1
instanceKlass sun/security/ssl/SSLCipher$T13CC20P1305WriteCipherGenerator
instanceKlass sun/security/ssl/SSLCipher$T12CC20P1305WriteCipherGenerator
instanceKlass sun/security/ssl/SSLCipher$T13CC20P1305ReadCipherGenerator
instanceKlass sun/security/ssl/SSLCipher$T12CC20P1305ReadCipherGenerator
instanceKlass sun/security/ssl/SSLCipher$T13GcmWriteCipherGenerator
instanceKlass sun/security/ssl/SSLCipher$T13GcmReadCipherGenerator
instanceKlass sun/security/ssl/SSLCipher$T12GcmWriteCipherGenerator
instanceKlass sun/security/ssl/SSLCipher$T12GcmReadCipherGenerator
instanceKlass com/sun/crypto/provider/AESConstants
instanceKlass java/util/Vector$1
instanceKlass  @bci javax/crypto/JceSecurityManager <clinit> ()V 67 <appendix> argL0 ; # javax/crypto/JceSecurityManager$$Lambda+0x0000000100acbf48
instanceKlass  @bci javax/crypto/JceSecurityManager <clinit> ()V 49 <appendix> argL0 ; # javax/crypto/JceSecurityManager$$Lambda+0x0000000100acbd18
instanceKlass javax/crypto/JceSecurityManager
instanceKlass sun/security/ssl/SSLCipher$T11BlockWriteCipherGenerator
instanceKlass sun/security/ssl/SSLCipher$T11BlockReadCipherGenerator
instanceKlass com/sun/crypto/provider/PKCS5Padding
instanceKlass com/sun/crypto/provider/Padding
instanceKlass com/sun/crypto/provider/FeedbackCipher
instanceKlass com/sun/crypto/provider/SymmetricCipher
instanceKlass com/sun/crypto/provider/DESConstants
instanceKlass com/sun/crypto/provider/CipherCore
instanceKlass sun/security/ssl/SSLCipher$T10BlockWriteCipherGenerator
instanceKlass sun/security/ssl/SSLCipher$T10BlockReadCipherGenerator
instanceKlass javax/crypto/CipherSpi
instanceKlass javax/crypto/ProviderVerifier
instanceKlass javax/crypto/JceSecurity$3
instanceKlass javax/crypto/JceSecurity$2
instanceKlass java/net/spi/URLStreamHandlerProvider
instanceKlass java/net/URL$1
instanceKlass java/net/URL$2
instanceKlass java/net/URL$ThreadTrackHolder
instanceKlass java/util/Vector$Itr
instanceKlass javax/crypto/CryptoPolicyParser$CryptoPermissionEntry
instanceKlass javax/crypto/CryptoPolicyParser$GrantEntry
instanceKlass java/io/StreamTokenizer
instanceKlass javax/crypto/CryptoPolicyParser
instanceKlass java/nio/file/Files$1
instanceKlass sun/nio/fs/WindowsFileSystem$2
instanceKlass sun/nio/fs/Globs
instanceKlass javax/crypto/JceSecurity$1
instanceKlass javax/crypto/JceSecurity
instanceKlass sun/security/jca/ProviderList$ServiceList$1
instanceKlass sun/security/jca/ServiceId
instanceKlass javax/crypto/Cipher$Transform
instanceKlass javax/crypto/Cipher
instanceKlass sun/security/ssl/SSLCipher$StreamWriteCipherGenerator
instanceKlass sun/security/ssl/SSLCipher$StreamReadCipherGenerator
instanceKlass sun/security/ssl/SSLCipher$NullWriteCipherGenerator
instanceKlass sun/security/ssl/SSLCipher$WriteCipherGenerator
instanceKlass sun/security/ssl/SSLCipher$NullReadCipherGenerator
instanceKlass sun/security/ssl/SSLCipher$ReadCipherGenerator
instanceKlass sun/security/util/DisabledAlgorithmConstraints$Constraints$Holder
instanceKlass sun/security/util/DisabledAlgorithmConstraints$Constraint
instanceKlass sun/security/util/DisabledAlgorithmConstraints$Constraints
instanceKlass sun/security/util/AbstractAlgorithmConstraints$1
instanceKlass sun/security/util/AlgorithmDecomposer
instanceKlass sun/security/util/AbstractAlgorithmConstraints
instanceKlass sun/security/ssl/SSLAlgorithmConstraints
instanceKlass java/security/AlgorithmConstraints
instanceKlass sun/security/ssl/SSLLogger
instanceKlass javax/net/ssl/SSLContextSpi
instanceKlass org/gradle/internal/resource/transport/http/SystemDefaultSSLContextFactory
instanceKlass org/gradle/internal/resource/transport/http/DefaultSslContextFactory$SslContextLoader
instanceKlass  @bci org/gradle/internal/resource/transport/http/DefaultSslContextFactory$SynchronizedSystemPropertiesCacheLoader load (Ljava/util/Map;)Ljavax/net/ssl/SSLContext; 5 <appendix> member <vmtarget> ; # org/gradle/internal/resource/transport/http/DefaultSslContextFactory$SynchronizedSystemPropertiesCacheLoader$$Lambda+0x0000000100a8a3a8
instanceKlass javax/net/ssl/SSLContext
instanceKlass  @bci org/gradle/internal/resource/transport/http/DefaultSslContextFactory getCurrentProperties ()Ljava/util/Map; 3 <appendix> argL0 ; # org/gradle/internal/resource/transport/http/DefaultSslContextFactory$$Lambda+0x0000000100a8a178
instanceKlass org/apache/http/auth/AuthScheme
instanceKlass org/apache/http/auth/Credentials
instanceKlass org/gradle/internal/resource/transport/http/HttpClientConfigurer
instanceKlass org/apache/http/impl/client/CloseableHttpClient
instanceKlass org/apache/http/client/HttpClient
instanceKlass org/apache/http/client/CredentialsProvider
instanceKlass org/apache/http/client/CookieStore
instanceKlass org/apache/http/client/RedirectStrategy
instanceKlass org/apache/http/conn/routing/HttpRoutePlanner
instanceKlass org/apache/http/conn/SchemePortResolver
instanceKlass org/apache/http/client/HttpRequestRetryHandler
instanceKlass org/apache/http/impl/execchain/ClientExecChain
instanceKlass org/apache/http/config/Lookup
instanceKlass org/apache/http/protocol/HttpProcessor
instanceKlass org/apache/http/HttpResponseInterceptor
instanceKlass org/apache/http/HttpRequestInterceptor
instanceKlass org/apache/http/client/UserTokenHandler
instanceKlass org/apache/http/client/AuthenticationStrategy
instanceKlass org/apache/http/conn/ConnectionKeepAliveStrategy
instanceKlass org/apache/http/ConnectionReuseStrategy
instanceKlass org/apache/http/conn/HttpClientConnectionManager
instanceKlass org/apache/http/conn/socket/LayeredConnectionSocketFactory
instanceKlass org/apache/http/conn/socket/ConnectionSocketFactory
instanceKlass org/apache/http/impl/client/HttpClientBuilder
instanceKlass org/apache/http/util/TextUtils
instanceKlass org/apache/http/conn/util/InetAddressUtils
instanceKlass sun/nio/cs/ThreadLocalCoders$Cache
instanceKlass sun/nio/cs/ThreadLocalCoders
instanceKlass org/apache/http/message/ParserCursor
instanceKlass org/apache/http/client/utils/URLEncodedUtils
instanceKlass org/apache/http/Consts
instanceKlass org/apache/http/client/utils/URIBuilder
instanceKlass org/apache/http/protocol/BasicHttpContext
instanceKlass org/apache/http/HeaderElement
instanceKlass org/apache/http/message/BasicHeader
instanceKlass org/apache/http/util/Args
instanceKlass java/util/concurrent/atomic/AtomicMarkableReference$Pair
instanceKlass java/util/concurrent/atomic/AtomicMarkableReference
instanceKlass org/apache/http/HeaderIterator
instanceKlass org/apache/http/message/HeaderGroup
instanceKlass org/apache/http/RequestLine
instanceKlass org/apache/http/concurrent/Cancellable
instanceKlass org/apache/http/params/HttpParams
instanceKlass org/apache/http/Header
instanceKlass org/apache/http/NameValuePair
instanceKlass org/gradle/internal/resource/transfer/AbstractProgressLoggingHandler$LocationDetails
instanceKlass org/gradle/internal/resource/ExternalResourceReadMetadataBuildOperationType$Details
instanceKlass org/gradle/internal/resource/transfer/ProgressLoggingExternalResourceAccessor$MetadataOperation
instanceKlass org/gradle/internal/resource/AbstractExternalResource
instanceKlass org/apache/ivy/util/StringUtils
instanceKlass org/gradle/api/internal/artifacts/repositories/PatternHelper
instanceKlass org/gradle/api/internal/artifacts/repositories/resolver/DefaultExternalResourceArtifactResolver
instanceKlass  @bci org/gradle/api/internal/artifacts/repositories/resolver/MavenResolver createArtifactResolver (Lorg/gradle/internal/component/model/ModuleSources;)Lorg/gradle/api/internal/artifacts/repositories/resolver/ExternalResourceArtifactResolver; 15 <appendix> member <vmtarget> ; # org/gradle/api/internal/artifacts/repositories/resolver/MavenResolver$$Lambda+0x0000000100a85ce8
instanceKlass org/gradle/api/internal/artifacts/repositories/resolver/MavenUniqueSnapshotModuleSource
instanceKlass  @bci org/gradle/api/internal/artifacts/ivyservice/ivyresolve/CachingModuleComponentRepository findCachingModuleSource (Lorg/gradle/internal/component/model/ModuleSources;)Lorg/gradle/api/internal/artifacts/ivyservice/ivyresolve/ModuleDescriptorHashModuleSource; 9 <appendix> member <vmtarget> ; # org/gradle/api/internal/artifacts/ivyservice/ivyresolve/CachingModuleComponentRepository$$Lambda+0x0000000100a855b0
instanceKlass org/gradle/api/internal/artifacts/ivyservice/modulecache/artifacts/DefaultCachedArtifact
instanceKlass  @bci org/gradle/internal/resource/cached/AbstractCachedIndex lookup (Ljava/lang/Object;)Lorg/gradle/internal/resource/cached/CachedItem; 11 <appendix> member <vmtarget> ; # org/gradle/internal/resource/cached/AbstractCachedIndex$$Lambda+0x0000000100a850e0
instanceKlass org/gradle/api/internal/artifacts/ivyservice/modulecache/artifacts/ArtifactAtRepositoryKey
instanceKlass  @bci org/gradle/api/internal/artifacts/ivyservice/ivyresolve/ErrorHandlingModuleComponentRepository$ErrorHandlingModuleComponentRepositoryAccess resolveArtifact (Lorg/gradle/internal/component/model/ComponentArtifactMetadata;Lorg/gradle/internal/component/model/ModuleSources;Lorg/gradle/internal/resolve/result/BuildableArtifactFileResolveResult;)V 19 <appendix> member <vmtarget> ; # org/gradle/api/internal/artifacts/ivyservice/ivyresolve/ErrorHandlingModuleComponentRepository$ErrorHandlingModuleComponentRepositoryAccess$$Lambda+0x0000000100a84c78
instanceKlass  @bci org/gradle/api/internal/artifacts/ivyservice/ivyresolve/ErrorHandlingModuleComponentRepository$ErrorHandlingModuleComponentRepositoryAccess resolveArtifact (Lorg/gradle/internal/component/model/ComponentArtifactMetadata;Lorg/gradle/internal/component/model/ModuleSources;Lorg/gradle/internal/resolve/result/BuildableArtifactFileResolveResult;)V 13 <appendix> member <vmtarget> ; # org/gradle/api/internal/artifacts/ivyservice/ivyresolve/ErrorHandlingModuleComponentRepository$ErrorHandlingModuleComponentRepositoryAccess$$Lambda+0x0000000100a84a40
instanceKlass  @bci org/gradle/api/internal/artifacts/ivyservice/ivyresolve/ErrorHandlingModuleComponentRepository$ErrorHandlingModuleComponentRepositoryAccess resolveArtifact (Lorg/gradle/internal/component/model/ComponentArtifactMetadata;Lorg/gradle/internal/component/model/ModuleSources;Lorg/gradle/internal/resolve/result/BuildableArtifactFileResolveResult;)V 6 <appendix> member <vmtarget> ; # org/gradle/api/internal/artifacts/ivyservice/ivyresolve/ErrorHandlingModuleComponentRepository$ErrorHandlingModuleComponentRepositoryAccess$$Lambda+0x0000000100a84808
instanceKlass  @bci org/gradle/api/internal/artifacts/ivyservice/ivyresolve/RepositoryChainArtifactResolver lambda$resolveArtifact$2 (Lorg/gradle/internal/component/model/ComponentArtifactMetadata;Lorg/gradle/internal/component/model/ComponentArtifactResolveMetadata;Lorg/gradle/api/internal/artifacts/ivyservice/ivyresolve/ModuleComponentRepository;Lorg/gradle/api/artifacts/component/ComponentArtifactIdentifier;)Lorg/gradle/api/internal/artifacts/ivyservice/resolveengine/artifact/ResolvableArtifact; 52 <appendix> member <vmtarget> ; # org/gradle/api/internal/artifacts/ivyservice/ivyresolve/RepositoryChainArtifactResolver$$Lambda+0x0000000100a84238
instanceKlass  @bci org/gradle/api/internal/artifacts/ivyservice/ivyresolve/RepositoryChainArtifactResolver lambda$resolveArtifact$2 (Lorg/gradle/internal/component/model/ComponentArtifactMetadata;Lorg/gradle/internal/component/model/ComponentArtifactResolveMetadata;Lorg/gradle/api/internal/artifacts/ivyservice/ivyresolve/ModuleComponentRepository;Lorg/gradle/api/artifacts/component/ComponentArtifactIdentifier;)Lorg/gradle/api/internal/artifacts/ivyservice/resolveengine/artifact/ResolvableArtifact; 17 <appendix> member <vmtarget> ; # org/gradle/api/internal/artifacts/ivyservice/ivyresolve/RepositoryChainArtifactResolver$$Lambda+0x0000000100a84000
instanceKlass  @bci org/gradle/api/internal/artifacts/ivyservice/ivyresolve/RepositoryChainArtifactResolver resolveArtifact (Lorg/gradle/internal/component/model/ComponentArtifactResolveMetadata;Lorg/gradle/internal/component/model/ComponentArtifactMetadata;Lorg/gradle/internal/resolve/result/BuildableArtifactResolveResult;)V 30 <appendix> member <vmtarget> ; # org/gradle/api/internal/artifacts/ivyservice/ivyresolve/RepositoryChainArtifactResolver$$Lambda+0x0000000100a7fd60
instanceKlass  @bci org/gradle/api/internal/artifacts/ivyservice/ivyresolve/RepositoryChainArtifactResolver findSourceRepository (Lorg/gradle/internal/component/model/ModuleSources;)Lorg/gradle/api/internal/artifacts/ivyservice/ivyresolve/ModuleComponentRepository; 8 <appendix> argL0 ; # org/gradle/api/internal/artifacts/ivyservice/ivyresolve/RepositoryChainArtifactResolver$$Lambda+0x0000000100a7fb30
instanceKlass  @bci org/gradle/api/internal/artifacts/ivyservice/resolveengine/artifact/VariantResolvingArtifactSet select (Lorg/gradle/api/internal/artifacts/transform/ArtifactVariantSelector;Lorg/gradle/api/internal/artifacts/ivyservice/resolveengine/artifact/ArtifactSelectionSpec;)Lorg/gradle/api/internal/artifacts/ivyservice/resolveengine/artifact/ResolvedArtifactSet; 142 <appendix> member <vmtarget> ; # org/gradle/api/internal/artifacts/ivyservice/resolveengine/artifact/VariantResolvingArtifactSet$$Lambda+0x0000000100a7efe8
instanceKlass org/gradle/api/internal/artifacts/ivyservice/resolveengine/artifact/DefaultResolvedVariantSet
instanceKlass org/gradle/internal/resolve/result/BuildableArtifactResolveResult
instanceKlass org/gradle/internal/resolve/resolver/DefaultComponentArtifactResolver
instanceKlass org/gradle/api/internal/artifacts/ivyservice/resolveengine/artifact/ArtifactBackedResolvedVariant
instanceKlass org/gradle/internal/component/model/DefaultExternalComponentGraphResolveState$ExternalArtifactResolveMetadata
instanceKlass  @bci org/gradle/api/internal/artifacts/ivyservice/resolveengine/oldresult/TransientConfigurationResultsBuilder parentChildMapping (Ljava/lang/Long;Ljava/lang/Long;I)V 7 <appendix> member <vmtarget> ; # org/gradle/api/internal/artifacts/ivyservice/resolveengine/oldresult/TransientConfigurationResultsBuilder$$Lambda+0x0000000100a7e1b0
instanceKlass  @cpi org/gradle/api/internal/artifacts/ivyservice/resolveengine/oldresult/TransientConfigurationResultsBuilder 228 form vmentry <vmtarget> ; # java/lang/invoke/LambdaForm$DMH+0x0000000100a80c00
instanceKlass  @bci org/gradle/api/internal/artifacts/ivyservice/resolveengine/artifact/VariantResolvingArtifactSet <init> (Lorg/gradle/internal/resolve/resolver/VariantArtifactResolver;Lorg/gradle/internal/component/model/ComponentGraphResolveState;Lorg/gradle/internal/component/model/VariantGraphResolveState;Lorg/gradle/api/internal/artifacts/ivyservice/resolveengine/graph/DependencyGraphEdge;Lorg/gradle/internal/component/model/GraphVariantSelector;Lorg/gradle/api/internal/attributes/AttributesSchemaInternal;)V 9 <appendix> member <vmtarget> ; # org/gradle/api/internal/artifacts/ivyservice/resolveengine/artifact/VariantResolvingArtifactSet$$Lambda+0x0000000100a7df78
instanceKlass org/gradle/api/internal/artifacts/ivyservice/resolveengine/artifact/VariantResolvingArtifactSet
instanceKlass  @bci org/gradle/api/internal/artifacts/ivyservice/resolveengine/artifact/ResolvedArtifactsGraphVisitor resolveVariantArtifacts (Lorg/gradle/api/internal/artifacts/ivyservice/resolveengine/graph/DependencyGraphEdge;Lorg/gradle/api/internal/artifacts/ivyservice/resolveengine/graph/DependencyGraphNode;)Lorg/gradle/api/internal/artifacts/ivyservice/resolveengine/artifact/ResolvedArtifactsGraphVisitor$ArtifactsForNode; 131 <appendix> member <vmtarget> ; # org/gradle/api/internal/artifacts/ivyservice/resolveengine/artifact/ResolvedArtifactsGraphVisitor$$Lambda+0x0000000100a7daf8
instanceKlass  @cpi org/gradle/api/internal/artifacts/ivyservice/resolveengine/artifact/ResolvedArtifactsGraphVisitor 188 form vmentry <vmtarget> ; # java/lang/invoke/LambdaForm$DMH+0x0000000100a80800
instanceKlass org/gradle/api/internal/artifacts/ivyservice/resolveengine/artifact/ResolvedArtifactsGraphVisitor$ArtifactsForNode
instanceKlass  @bci org/gradle/api/internal/artifacts/ivyservice/resolveengine/result/StreamingResolutionResultBuilder visitEdges (Lorg/gradle/api/internal/artifacts/ivyservice/resolveengine/graph/DependencyGraphNode;)V 77 <appendix> member <vmtarget> ; # org/gradle/api/internal/artifacts/ivyservice/resolveengine/result/StreamingResolutionResultBuilder$$Lambda+0x0000000100a7d6a0
instanceKlass  @bci org/gradle/api/internal/artifacts/ivyservice/resolveengine/oldresult/TransientConfigurationResultsBuilder firstLevelDependency (Ljava/lang/Long;)V 5 <appendix> member <vmtarget> ; # org/gradle/api/internal/artifacts/ivyservice/resolveengine/oldresult/TransientConfigurationResultsBuilder$$Lambda+0x0000000100a7d468
instanceKlass org/gradle/api/internal/artifacts/ivyservice/resolveengine/graph/conflicts/VersionConflictResolutionDetails
instanceKlass  @bci org/gradle/api/internal/artifacts/ivyservice/resolveengine/result/StreamingResolutionResultBuilder visitSelector (Lorg/gradle/api/internal/artifacts/ivyservice/resolveengine/graph/DependencyGraphSelector;)V 6 <appendix> member <vmtarget> ; # org/gradle/api/internal/artifacts/ivyservice/resolveengine/result/StreamingResolutionResultBuilder$$Lambda+0x0000000100a7cb88
instanceKlass  @bci org/gradle/api/internal/artifacts/ivyservice/resolveengine/graph/builder/ResolveState getNode (Lorg/gradle/api/internal/artifacts/ivyservice/resolveengine/graph/builder/ComponentState;Lorg/gradle/internal/component/model/VariantGraphResolveState;Z)Lorg/gradle/api/internal/artifacts/ivyservice/resolveengine/graph/builder/NodeState; 29 <appendix> member <vmtarget> ; # org/gradle/api/internal/artifacts/ivyservice/resolveengine/graph/builder/ResolveState$$Lambda+0x0000000100a7c930
instanceKlass org/gradle/internal/component/model/GraphVariantSelectionResult
# instanceKlass java/lang/invoke/LambdaForm$MH+0x0000000100a80400
# instanceKlass java/lang/invoke/LambdaForm$MH+0x0000000100a80000
instanceKlass org/gradle/internal/component/model/DefaultMultipleCandidateResult
instanceKlass  @bci org/gradle/internal/component/model/MultipleCandidateMatcher disambiguateExtraAttribute (Lorg/gradle/api/attributes/Attribute;Ljava/util/BitSet;)V 3 <appendix> member <vmtarget> ; # org/gradle/internal/component/model/MultipleCandidateMatcher$$Lambda+0x0000000100a7c238
instanceKlass org/gradle/internal/component/model/AttributeSelectionUtils
instanceKlass  @bci org/gradle/api/internal/attributes/DefaultAttributesSchema$DefaultAttributeSelectionSchema collectExtraAttributes ([Lorg/gradle/api/internal/attributes/ImmutableAttributes;Lorg/gradle/api/internal/attributes/ImmutableAttributes;)[Lorg/gradle/api/attributes/Attribute; 19 <appendix> member <vmtarget> ; # org/gradle/api/internal/attributes/DefaultAttributesSchema$DefaultAttributeSelectionSchema$$Lambda+0x0000000100a7bdc8
instanceKlass org/gradle/api/internal/attributes/DefaultAttributesSchema$ExtraAttributesEntry
instanceKlass org/gradle/internal/component/model/AttributeSelectionSchema$PrecedenceResult
instanceKlass org/gradle/internal/component/model/MultipleCandidateMatcher
instanceKlass  @bci org/gradle/internal/component/model/DefaultAttributeMatcher matchMultipleCandidates (Ljava/util/Collection;Lorg/gradle/api/internal/attributes/ImmutableAttributes;Lorg/gradle/internal/component/model/AttributeMatchingExplanationBuilder;)Ljava/util/List; 144 <appendix> member <vmtarget> ; # org/gradle/internal/component/model/DefaultAttributeMatcher$$Lambda+0x0000000100a7b508
instanceKlass org/gradle/internal/component/model/DefaultAttributeMatcher$CachedQuery
instanceKlass  @bci org/gradle/internal/component/model/DefaultExternalComponentGraphResolveState$DefaultConfigurationGraphResolveState <init> (JLorg/gradle/internal/component/model/AbstractComponentGraphResolveState;Lorg/gradle/internal/component/model/ModuleConfigurationMetadata;)V 23 <appendix> member <vmtarget> ; # org/gradle/internal/component/model/DefaultExternalComponentGraphResolveState$DefaultConfigurationGraphResolveState$$Lambda+0x0000000100a7ac50
instanceKlass org/gradle/internal/component/model/DefaultExternalComponentGraphResolveState$DefaultConfigurationArtifactResolveState
instanceKlass  @bci org/gradle/internal/component/model/DefaultExternalComponentGraphResolveState resolveStateFor (Lorg/gradle/internal/component/model/ModuleConfigurationMetadata;)Lorg/gradle/internal/component/model/ConfigurationGraphResolveState; 7 <appendix> member <vmtarget> ; # org/gradle/internal/component/model/DefaultExternalComponentGraphResolveState$$Lambda+0x0000000100a7a7a8
instanceKlass org/gradle/internal/component/model/ConfigurationGraphResolveState
instanceKlass  @bci org/gradle/internal/component/model/DefaultExternalComponentGraphResolveState lambda$new$1 (Lorg/gradle/internal/component/external/model/ExternalComponentGraphResolveMetadata;)Ljava/util/List; 29 <appendix> member <vmtarget> ; # org/gradle/internal/component/model/DefaultExternalComponentGraphResolveState$$Lambda+0x0000000100a7a010
instanceKlass  @bci org/gradle/internal/component/model/DefaultExternalComponentGraphResolveState lambda$new$1 (Lorg/gradle/internal/component/external/model/ExternalComponentGraphResolveMetadata;)Ljava/util/List; 18 <appendix> member <vmtarget> ; # org/gradle/internal/component/model/DefaultExternalComponentGraphResolveState$$Lambda+0x0000000100a79db8
instanceKlass org/gradle/internal/component/model/DefaultExternalComponentGraphResolveState$ExternalGraphSelectionCandidates
instanceKlass org/gradle/api/internal/artifacts/ivyservice/ivyresolve/ModuleComponentGraphSpecificResolveState
instanceKlass org/gradle/internal/resolve/ResolveExceptionAnalyzer
instanceKlass org/gradle/api/internal/artifacts/ivyservice/ivyresolve/RepositoryChainModuleResolution
instanceKlass org/gradle/api/internal/artifacts/ivyservice/ivyresolve/RepositoryChainComponentMetaDataResolver$2
instanceKlass org/gradle/api/internal/artifacts/DefaultComponentSelection
instanceKlass org/gradle/api/internal/artifacts/repositories/resolver/ComponentMetadataAdapter
instanceKlass org/gradle/api/internal/artifacts/ivyservice/ivyresolve/CachedMetadataProvider
instanceKlass  @bci org/gradle/api/internal/artifacts/ivyservice/ivyresolve/ErrorHandlingModuleComponentRepository$ErrorHandlingModuleComponentRepositoryAccess tryResolveAndMaybeDisable (Lorg/gradle/internal/resolve/result/ErroringResolveResult;Ljava/lang/Runnable;Lorg/gradle/api/Transformer;)V 3 <appendix> member <vmtarget> ; # org/gradle/api/internal/artifacts/ivyservice/ivyresolve/ErrorHandlingModuleComponentRepository$ErrorHandlingModuleComponentRepositoryAccess$$Lambda+0x0000000100a788e0
instanceKlass  @bci org/gradle/api/internal/artifacts/ivyservice/ivyresolve/ErrorHandlingModuleComponentRepository$ErrorHandlingModuleComponentRepositoryAccess resolveComponentMetaData (Lorg/gradle/api/artifacts/component/ModuleComponentIdentifier;Lorg/gradle/internal/component/model/ComponentOverrideMetadata;Lorg/gradle/internal/resolve/result/BuildableModuleComponentMetaDataResolveResult;)V 19 <appendix> member <vmtarget> ; # org/gradle/api/internal/artifacts/ivyservice/ivyresolve/ErrorHandlingModuleComponentRepository$ErrorHandlingModuleComponentRepositoryAccess$$Lambda+0x0000000100a786a8
instanceKlass  @bci org/gradle/api/internal/artifacts/ivyservice/ivyresolve/ErrorHandlingModuleComponentRepository$ErrorHandlingModuleComponentRepositoryAccess resolveComponentMetaData (Lorg/gradle/api/artifacts/component/ModuleComponentIdentifier;Lorg/gradle/internal/component/model/ComponentOverrideMetadata;Lorg/gradle/internal/resolve/result/BuildableModuleComponentMetaDataResolveResult;)V 13 <appendix> member <vmtarget> ; # org/gradle/api/internal/artifacts/ivyservice/ivyresolve/ErrorHandlingModuleComponentRepository$ErrorHandlingModuleComponentRepositoryAccess$$Lambda+0x0000000100a78470
instanceKlass  @bci org/gradle/api/internal/artifacts/ivyservice/ivyresolve/ErrorHandlingModuleComponentRepository$ErrorHandlingModuleComponentRepositoryAccess resolveComponentMetaData (Lorg/gradle/api/artifacts/component/ModuleComponentIdentifier;Lorg/gradle/internal/component/model/ComponentOverrideMetadata;Lorg/gradle/internal/resolve/result/BuildableModuleComponentMetaDataResolveResult;)V 6 <appendix> member <vmtarget> ; # org/gradle/api/internal/artifacts/ivyservice/ivyresolve/ErrorHandlingModuleComponentRepository$ErrorHandlingModuleComponentRepositoryAccess$$Lambda+0x0000000100a78238
instanceKlass  @bci org/gradle/api/internal/artifacts/ivyservice/ivyresolve/FilteredModuleComponentRepository$FilteringAccess resolveComponentMetaData (Lorg/gradle/api/artifacts/component/ModuleComponentIdentifier;Lorg/gradle/internal/component/model/ComponentOverrideMetadata;Lorg/gradle/internal/resolve/result/BuildableModuleComponentMetaDataResolveResult;)V 23 <appendix> member <vmtarget> ; # org/gradle/api/internal/artifacts/ivyservice/ivyresolve/FilteredModuleComponentRepository$FilteringAccess$$Lambda+0x0000000100a78000
instanceKlass  @bci org/gradle/api/internal/artifacts/ivyservice/ivyresolve/FilteredModuleComponentRepository$FilteringAccess resolveComponentMetaData (Lorg/gradle/api/artifacts/component/ModuleComponentIdentifier;Lorg/gradle/internal/component/model/ComponentOverrideMetadata;Lorg/gradle/internal/resolve/result/BuildableModuleComponentMetaDataResolveResult;)V 12 <appendix> member <vmtarget> ; # org/gradle/api/internal/artifacts/ivyservice/ivyresolve/FilteredModuleComponentRepository$FilteringAccess$$Lambda+0x0000000100a6c400
instanceKlass org/gradle/api/internal/artifacts/ivyservice/ivyresolve/ComponentMetaDataResolveState
instanceKlass  @bci org/gradle/api/internal/artifacts/ivyservice/ivyresolve/RepositoryChainComponentMetaDataResolver createValueContainerFor (Lorg/gradle/api/artifacts/component/ComponentIdentifier;Lorg/gradle/internal/component/model/ComponentOverrideMetadata;)Lorg/gradle/internal/model/CalculatedValue; 11 <appendix> member <vmtarget> ; # org/gradle/api/internal/artifacts/ivyservice/ivyresolve/RepositoryChainComponentMetaDataResolver$$Lambda+0x0000000100a77230
instanceKlass  @bci org/gradle/api/internal/artifacts/ivyservice/ivyresolve/RepositoryChainComponentMetaDataResolver resolve (Lorg/gradle/api/artifacts/component/ComponentIdentifier;Lorg/gradle/internal/component/model/ComponentOverrideMetadata;Lorg/gradle/internal/resolve/result/BuildableComponentResolveResult;)V 28 <appendix> member <vmtarget> ; # org/gradle/api/internal/artifacts/ivyservice/ivyresolve/RepositoryChainComponentMetaDataResolver$$Lambda+0x0000000100a76ff8
instanceKlass org/gradle/api/internal/artifacts/ivyservice/resolutionstrategy/DefaultCachePolicy$AbstractResolutionControl
instanceKlass org/gradle/api/internal/artifacts/ivyservice/modulecache/dynamicversions/DefaultResolvedModuleVersion
instanceKlass  @bci org/gradle/internal/component/external/model/VariantMetadataRules getAttributes (Ljava/lang/String;)Lorg/gradle/api/internal/attributes/AttributeContainerInternal; 15 <appendix> member <vmtarget> ; # org/gradle/internal/component/external/model/VariantMetadataRules$$Lambda+0x0000000100a75ff8
instanceKlass  @bci org/gradle/internal/component/model/DefaultExternalComponentGraphResolveState <init> (JLorg/gradle/internal/component/external/model/ExternalComponentGraphResolveMetadata;Lorg/gradle/internal/component/external/model/ExternalComponentResolveMetadata;Lorg/gradle/api/internal/attributes/AttributeDesugaring;Lorg/gradle/internal/component/model/ComponentIdGenerator;)V 92 <appendix> member <vmtarget> ; # org/gradle/internal/component/model/DefaultExternalComponentGraphResolveState$$Lambda+0x0000000100a75da0
instanceKlass  @bci org/gradle/internal/component/model/DefaultExternalComponentGraphResolveState <init> (JLorg/gradle/internal/component/external/model/ExternalComponentGraphResolveMetadata;Lorg/gradle/internal/component/external/model/ExternalComponentResolveMetadata;Lorg/gradle/api/internal/attributes/AttributeDesugaring;Lorg/gradle/internal/component/model/ComponentIdGenerator;)V 79 <appendix> argL0 ; # org/gradle/internal/component/model/DefaultExternalComponentGraphResolveState$$Lambda+0x0000000100a75b50
instanceKlass  @bci org/gradle/internal/component/model/DefaultExternalComponentGraphResolveState <init> (JLorg/gradle/internal/component/external/model/ExternalComponentGraphResolveMetadata;Lorg/gradle/internal/component/external/model/ExternalComponentResolveMetadata;Lorg/gradle/api/internal/attributes/AttributeDesugaring;Lorg/gradle/internal/component/model/ComponentIdGenerator;)V 69 <appendix> member <vmtarget> ; # org/gradle/internal/component/model/DefaultExternalComponentGraphResolveState$$Lambda+0x0000000100a758f8
instanceKlass  @bci org/gradle/api/internal/artifacts/repositories/metadata/DefaultMavenImmutableAttributesFactory platformWithUsage (Lorg/gradle/api/internal/attributes/ImmutableAttributes;Ljava/lang/String;Z)Lorg/gradle/api/internal/attributes/ImmutableAttributes; 33 <appendix> member <vmtarget> ; # org/gradle/api/internal/artifacts/repositories/metadata/DefaultMavenImmutableAttributesFactory$$Lambda+0x0000000100a756a0
instanceKlass  @bci org/gradle/api/internal/artifacts/repositories/metadata/DefaultMavenImmutableAttributesFactory javadocVariant (Lorg/gradle/api/internal/attributes/ImmutableAttributes;)Lorg/gradle/api/internal/attributes/ImmutableAttributes; 18 <appendix> member <vmtarget> ; # org/gradle/api/internal/artifacts/repositories/metadata/DefaultMavenImmutableAttributesFactory$$Lambda+0x0000000100a75448
instanceKlass org/gradle/api/attributes/DocsType$Impl
instanceKlass  @bci org/gradle/api/internal/artifacts/repositories/metadata/DefaultMavenImmutableAttributesFactory sourcesVariant (Lorg/gradle/api/internal/attributes/ImmutableAttributes;)Lorg/gradle/api/internal/attributes/ImmutableAttributes; 18 <appendix> member <vmtarget> ; # org/gradle/api/internal/artifacts/repositories/metadata/DefaultMavenImmutableAttributesFactory$$Lambda+0x0000000100a751f0
instanceKlass  @bci org/gradle/api/internal/artifacts/repositories/metadata/DefaultMavenImmutableAttributesFactory runtimeScope (Lorg/gradle/api/internal/attributes/ImmutableAttributes;)Lorg/gradle/api/internal/attributes/ImmutableAttributes; 14 <appendix> member <vmtarget> ; # org/gradle/api/internal/artifacts/repositories/metadata/DefaultMavenImmutableAttributesFactory$$Lambda+0x0000000100a74f98
instanceKlass org/gradle/internal/component/external/model/DefaultConfigurationMetadata$1
instanceKlass org/gradle/internal/component/external/model/DefaultConfigurationMetadata$2
instanceKlass org/gradle/internal/component/external/model/DefaultConfigurationMetadata$Builder
instanceKlass  @bci org/gradle/api/internal/artifacts/repositories/metadata/DefaultMavenImmutableAttributesFactory compileScope (Lorg/gradle/api/internal/attributes/ImmutableAttributes;)Lorg/gradle/api/internal/attributes/ImmutableAttributes; 14 <appendix> member <vmtarget> ; # org/gradle/api/internal/artifacts/repositories/metadata/DefaultMavenImmutableAttributesFactory$$Lambda+0x0000000100a74680
instanceKlass org/gradle/internal/component/external/model/ShadowedImmutableCapability
instanceKlass org/gradle/api/internal/capabilities/ShadowedCapability
instanceKlass  @bci org/gradle/internal/component/external/model/maven/DefaultMavenModuleResolveMetadata createConfiguration (Lorg/gradle/api/artifacts/component/ModuleComponentIdentifier;Ljava/lang/String;ZZLcom/google/common/collect/ImmutableSet;Lorg/gradle/internal/component/external/model/VariantMetadataRules;)Lorg/gradle/internal/component/external/model/DefaultConfigurationMetadata; 39 <appendix> member <vmtarget> ; # org/gradle/internal/component/external/model/maven/DefaultMavenModuleResolveMetadata$$Lambda+0x0000000100a741b8
instanceKlass org/gradle/internal/component/external/model/AbstractConfigurationMetadata
instanceKlass org/gradle/internal/component/external/model/DefaultModuleComponentArtifactMetadata
instanceKlass  @bci org/gradle/internal/component/model/DefaultExternalComponentGraphResolveState <init> (JLorg/gradle/internal/component/external/model/ExternalComponentGraphResolveMetadata;Lorg/gradle/internal/component/external/model/ExternalComponentResolveMetadata;Lorg/gradle/api/internal/attributes/AttributeDesugaring;Lorg/gradle/internal/component/model/ComponentIdGenerator;)V 31 <appendix> member <vmtarget> ; # org/gradle/internal/component/model/DefaultExternalComponentGraphResolveState$$Lambda+0x0000000100a71f20
instanceKlass org/gradle/internal/component/external/model/ivy/IvyModuleResolveMetadata
instanceKlass org/gradle/api/internal/artifacts/ivyservice/ivyresolve/RepositoryChainModuleSource
instanceKlass org/gradle/internal/component/model/ImmutableModuleSources
instanceKlass org/gradle/internal/component/external/model/AbstractModuleComponentResolveMetadata
instanceKlass org/gradle/api/internal/artifacts/repositories/metadata/DefaultMetadataFileSource
instanceKlass org/gradle/api/internal/artifacts/ivyservice/ivyresolve/ModuleDescriptorHashModuleSource
instanceKlass org/gradle/api/internal/artifacts/ivyservice/ivyresolve/parser/data/PomDependencyMgt
instanceKlass org/gradle/api/internal/artifacts/ivyservice/ivyresolve/parser/GradlePomModuleDescriptorBuilder
instanceKlass org/gradle/internal/component/model/MutableModuleSources
instanceKlass org/gradle/internal/component/external/model/VariantMetadataRules
instanceKlass org/gradle/internal/component/external/model/maven/MavenModuleResolveMetadata
instanceKlass org/gradle/internal/component/external/model/MutableComponentVariant
instanceKlass org/gradle/internal/component/external/model/AbstractMutableModuleComponentResolveMetadata
instanceKlass org/gradle/internal/component/external/model/ExternalDependencyDescriptor
instanceKlass org/gradle/api/internal/artifacts/ivyservice/modulecache/ModuleMetadataSerializer$Reader
instanceKlass org/gradle/api/internal/artifacts/ivyservice/modulecache/StringDeduplicatingDecoder
instanceKlass  @bci org/gradle/internal/resource/local/DefaultLocallyAvailableResource <init> (Ljava/io/File;Lorg/gradle/internal/hash/ChecksumService;)V 3 <appendix> member <vmtarget> ; # org/gradle/internal/resource/local/DefaultLocallyAvailableResource$$Lambda+0x0000000100a68c08
instanceKlass org/gradle/internal/resource/local/AbstractLocallyAvailableResource
instanceKlass org/gradle/internal/file/PathTraversalChecker
instanceKlass  @bci java/util/function/Predicate negate ()Ljava/util/function/Predicate; 1 <appendix> member <vmtarget> ; # java/util/function/Predicate$$Lambda+0x00000001006fd688
instanceKlass  @cpi java/util/function/Predicate 75 form vmentry <vmtarget> ; # java/lang/invoke/LambdaForm$DMH+0x0000000100a6c000
instanceKlass  @bci org/gradle/internal/resource/local/DefaultPathKeyFileStore getFile ([Ljava/lang/String;)Ljava/io/File; 17 <appendix> argL0 ; # org/gradle/internal/resource/local/DefaultPathKeyFileStore$$Lambda+0x0000000100a68240
instanceKlass org/gradle/api/internal/artifacts/ivyservice/resolveengine/result/ComponentIdentifierSerializer$1
instanceKlass  @bci org/gradle/api/internal/artifacts/ivyservice/WritableArtifactCacheLockingAccessCoordinator$CacheLockingIndexedCache getIfPresent (Ljava/lang/Object;)Ljava/lang/Object; 9 <appendix> member <vmtarget> ; # org/gradle/api/internal/artifacts/ivyservice/WritableArtifactCacheLockingAccessCoordinator$CacheLockingIndexedCache$$Lambda+0x0000000100a67160
instanceKlass  @bci org/gradle/api/internal/artifacts/ivyservice/modulecache/PersistentModuleMetadataCache get (Lorg/gradle/api/internal/artifacts/ivyservice/modulecache/ModuleComponentAtRepositoryKey;)Lorg/gradle/api/internal/artifacts/ivyservice/modulecache/ModuleMetadataCache$CachedMetadata; 12 <appendix> member <vmtarget> ; # org/gradle/api/internal/artifacts/ivyservice/modulecache/PersistentModuleMetadataCache$$Lambda+0x0000000100a66f28
instanceKlass org/gradle/api/internal/artifacts/ivyservice/modulecache/DefaultCachedMetadata
instanceKlass org/gradle/api/internal/artifacts/ivyservice/WritableArtifactCacheLockingAccessCoordinator$CacheLockingIndexedCache
instanceKlass  @bci org/gradle/api/internal/artifacts/ivyservice/WritableArtifactCacheLockingAccessCoordinator createCacheCleanupStrategy (Lorg/gradle/api/internal/artifacts/ivyservice/ArtifactCacheMetadata;Lorg/gradle/internal/file/FileAccessTimeJournal;Lorg/gradle/cache/internal/UsedGradleVersions;Lorg/gradle/api/internal/cache/CacheConfigurationsInternal;)Lorg/gradle/cache/CacheCleanupStrategy; 21 <appendix> member <vmtarget> ; # org/gradle/api/internal/artifacts/ivyservice/WritableArtifactCacheLockingAccessCoordinator$$Lambda+0x0000000100a66790
instanceKlass org/gradle/cache/internal/CompositeCleanupAction$ScopedCleanupAction
instanceKlass org/gradle/api/internal/artifacts/ivyservice/modulecache/ModuleMetadataCacheEntry
instanceKlass org/gradle/api/internal/artifacts/ivyservice/modulecache/ModuleComponentAtRepositoryKey
instanceKlass org/gradle/api/internal/artifacts/ivyservice/ivyresolve/FilteredModuleComponentRepository$DefaultArtifactResolutionDetails
instanceKlass  @bci org/gradle/api/internal/artifacts/ivyservice/ivyresolve/FilteredModuleComponentRepository$FilteringAccess estimateMetadataFetchingCost (Lorg/gradle/api/artifacts/component/ModuleComponentIdentifier;)Lorg/gradle/api/internal/artifacts/repositories/resolver/MetadataFetchingCost; 15 <appendix> argL0 ; # org/gradle/api/internal/artifacts/ivyservice/ivyresolve/FilteredModuleComponentRepository$FilteringAccess$$Lambda+0x0000000100a657b8
instanceKlass  @bci org/gradle/api/internal/artifacts/ivyservice/ivyresolve/FilteredModuleComponentRepository$FilteringAccess estimateMetadataFetchingCost (Lorg/gradle/api/artifacts/component/ModuleComponentIdentifier;)Lorg/gradle/api/internal/artifacts/repositories/resolver/MetadataFetchingCost; 10 <appendix> member <vmtarget> ; # org/gradle/api/internal/artifacts/ivyservice/ivyresolve/FilteredModuleComponentRepository$FilteringAccess$$Lambda+0x0000000100a65580
instanceKlass org/gradle/api/internal/artifacts/ivyservice/ivyresolve/FilteredModuleComponentRepository$FilteringAccess
instanceKlass org/gradle/api/internal/artifacts/ivyservice/resolveengine/graph/conflicts/PotentialConflictFactory$NoConflict
instanceKlass org/gradle/api/internal/artifacts/ivyservice/resolveengine/graph/conflicts/PotentialConflictFactory
instanceKlass  @bci org/gradle/api/internal/artifacts/ivyservice/resolveengine/graph/conflicts/DefaultConflictHandler hasKnownConflictFor (Lorg/gradle/api/artifacts/ModuleVersionIdentifier;)Z 5 <appendix> member <vmtarget> ; # org/gradle/api/internal/artifacts/ivyservice/resolveengine/graph/conflicts/DefaultConflictHandler$$Lambda+0x0000000100a649e0
instanceKlass org/gradle/api/internal/artifacts/ivyservice/resolveengine/graph/selectors/SelectorStateResolverResults
instanceKlass org/gradle/internal/component/local/model/DefaultProjectComponentSelector
instanceKlass org/gradle/internal/component/local/model/ProjectComponentSelectorInternal
instanceKlass org/gradle/internal/resolve/result/DefaultResourceAwareResolveResult
instanceKlass org/gradle/api/internal/artifacts/ivyservice/ivyresolve/strategy/AbstractVersionSelector
instanceKlass org/gradle/api/internal/artifacts/dependencies/DefaultResolvedVersionConstraint
instanceKlass  @bci org/gradle/api/internal/artifacts/ivyservice/resolveengine/graph/builder/ResolveState resolveVersionConstraint (Lorg/gradle/api/artifacts/VersionConstraint;)Lorg/gradle/api/internal/artifacts/ResolvedVersionConstraint; 6 <appendix> member <vmtarget> ; # org/gradle/api/internal/artifacts/ivyservice/resolveengine/graph/builder/ResolveState$$Lambda+0x0000000100a62900
instanceKlass org/gradle/internal/component/model/DefaultComponentOverrideMetadata
instanceKlass org/gradle/internal/component/model/ComponentOverrideMetadata
instanceKlass org/gradle/internal/resolve/result/BuildableComponentIdResolveResult
instanceKlass org/gradle/internal/resolve/result/ComponentIdResolveResult
instanceKlass  @bci org/gradle/api/internal/artifacts/ivyservice/resolveengine/graph/builder/ResolveState getSelector (Lorg/gradle/api/internal/artifacts/ivyservice/resolveengine/graph/builder/DependencyState;Z)Lorg/gradle/api/internal/artifacts/ivyservice/resolveengine/graph/builder/SelectorState; 29 <appendix> member <vmtarget> ; # org/gradle/api/internal/artifacts/ivyservice/resolveengine/graph/builder/ResolveState$$Lambda+0x0000000100a61e08
instanceKlass org/gradle/api/internal/artifacts/ivyservice/resolveengine/graph/builder/SelectorState
instanceKlass org/gradle/api/internal/artifacts/ivyservice/resolveengine/graph/builder/ResolveState$SelectorCacheKey
instanceKlass org/gradle/api/internal/artifacts/ivyservice/resolveengine/graph/builder/LenientPlatformDependencyMetadata
instanceKlass org/gradle/api/internal/artifacts/ivyservice/resolveengine/graph/DependencyGraphSelector
instanceKlass  @bci org/gradle/api/internal/artifacts/ivyservice/resolveengine/graph/builder/NodeState createAndLinkEdgeState (Lorg/gradle/api/internal/artifacts/ivyservice/resolveengine/graph/builder/DependencyState;Ljava/util/Collection;Lorg/gradle/api/internal/artifacts/ivyservice/resolveengine/excludes/specs/ExcludeSpec;Z)V 7 <appendix> member <vmtarget> ; # org/gradle/api/internal/artifacts/ivyservice/resolveengine/graph/builder/NodeState$$Lambda+0x0000000100a61020
instanceKlass org/gradle/internal/component/model/DelegatingDependencyMetadata
instanceKlass org/gradle/internal/component/local/model/DslOriginDependencyMetadata
instanceKlass  @bci org/gradle/api/internal/artifacts/ivyservice/moduleconverter/dependencies/AbstractDependencyMetadataConverter convertExcludeRules (Ljava/util/Set;)Ljava/util/List; 10 <appendix> member <vmtarget> ; # org/gradle/api/internal/artifacts/ivyservice/moduleconverter/dependencies/AbstractDependencyMetadataConverter$$Lambda+0x0000000100a604e8
instanceKlass org/gradle/api/internal/artifacts/ivyservice/ivyresolve/FilteredModuleComponentRepository
instanceKlass org/gradle/api/internal/artifacts/repositories/DefaultRepositoryContentDescriptor$PatternSpecMatcher
instanceKlass org/gradle/api/internal/artifacts/repositories/DefaultRepositoryContentDescriptor$1
instanceKlass org/gradle/api/internal/artifacts/repositories/DefaultRepositoryContentDescriptor$RepositoryFilterAction
instanceKlass  @bci org/gradle/plugin/use/resolve/internal/ArtifactRepositoriesPluginResolver exists (Lorg/gradle/api/artifacts/ModuleDependency;)Z 39 <appendix> argL0 ; # org/gradle/plugin/use/resolve/internal/ArtifactRepositoriesPluginResolver$$Lambda+0x0000000100a5bbb0
instanceKlass org/gradle/internal/service/scopes/DetachedDependencyMetadataProvider
instanceKlass org/gradle/api/internal/artifacts/configurations/DetachedConfigurationsProvider
instanceKlass org/gradle/internal/locking/NoOpDependencyLockingProvider
instanceKlass org/gradle/api/internal/artifacts/dsl/dependencies/ModuleFactoryHelper
instanceKlass  @bci org/gradle/api/internal/artifacts/dependencies/DefaultExternalModuleDependency_Decorated $gradleInit ()V 1 <appendix> member <vmtarget> ; # org/gradle/api/internal/artifacts/dependencies/DefaultExternalModuleDependency_Decorated$$Lambda+0x0000000100a5b000
instanceKlass org/gradle/api/internal/artifacts/dependencies/ModuleDependencyCapabilitiesInternal
instanceKlass org/gradle/api/internal/artifacts/dependencies/DefaultDependencyArtifact
instanceKlass org/gradle/api/internal/artifacts/DefaultExcludeRuleContainer
instanceKlass org/gradle/api/artifacts/ExcludeRuleContainer
instanceKlass  @bci org/gradle/internal/composite/DefaultBuildIncluder getIncludedBuildsForPluginResolution ()Ljava/util/Collection; 25 <appendix> member <vmtarget> ; # org/gradle/internal/composite/DefaultBuildIncluder$$Lambda+0x0000000100a57248
instanceKlass  @bci org/gradle/internal/composite/DefaultBuildIncluder getRegisteredPluginBuilds ()Ljava/util/Collection; 10 <appendix> member <vmtarget> ; # org/gradle/internal/composite/DefaultBuildIncluder$$Lambda+0x0000000100a56ff0
instanceKlass  @bci org/gradle/composite/internal/plugins/CompositeBuildPluginResolverContributor$CompositeBuildPluginResolver resolve (Lorg/gradle/plugin/management/internal/PluginRequestInternal;)Lorg/gradle/plugin/use/resolve/internal/PluginResolutionResult; 11 <appendix> member <vmtarget> ; # org/gradle/composite/internal/plugins/CompositeBuildPluginResolverContributor$CompositeBuildPluginResolver$$Lambda+0x0000000100a5ee30
instanceKlass org/gradle/plugin/use/resolve/internal/PluginResolutionResult$NotFound
instanceKlass org/gradle/plugin/use/resolve/internal/PluginResolutionResult
instanceKlass org/gradle/plugin/management/internal/DefaultPluginResolveDetails
instanceKlass org/gradle/plugin/management/PluginResolveDetails
instanceKlass org/gradle/plugin/use/resolve/internal/AlreadyOnClasspathPluginResolver
instanceKlass org/gradle/plugin/use/resolve/internal/ArtifactRepositoriesPluginResolver
instanceKlass  @bci org/gradle/plugin/use/internal/PluginResolverFactory addDefaultResolvers (Lorg/gradle/plugin/use/resolve/internal/PluginArtifactRepositories;Ljava/util/List;)V 55 <appendix> member <vmtarget> ; # org/gradle/plugin/use/internal/PluginResolverFactory$$Lambda+0x0000000100a5e098
instanceKlass org/gradle/plugin/use/resolve/internal/CorePluginResolver
instanceKlass org/gradle/plugin/use/resolve/internal/PluginResolution
instanceKlass org/gradle/plugin/use/resolve/internal/NoopPluginResolver
instanceKlass org/gradle/plugin/use/resolve/internal/CompositePluginResolver
instanceKlass org/gradle/plugin/use/internal/DefaultPluginRequestApplicator$CollectingPluginRequestResolutionVisitor
instanceKlass org/gradle/plugin/use/internal/PluginArtifactRepository
instanceKlass org/gradle/plugin/use/internal/DefaultPluginArtifactRepositories
instanceKlass  @bci org/gradle/plugin/management/internal/autoapply/CompositeAutoAppliedPluginRegistry getAutoAppliedPlugins (Lorg/gradle/api/Project;)Lorg/gradle/plugin/management/internal/PluginRequests; 23 <appendix> argL0 ; # org/gradle/plugin/management/internal/autoapply/CompositeAutoAppliedPluginRegistry$$Lambda+0x0000000100a5cd68
instanceKlass  @bci org/gradle/plugin/management/internal/autoapply/CompositeAutoAppliedPluginRegistry getAutoAppliedPlugins (Lorg/gradle/api/Project;)Lorg/gradle/plugin/management/internal/PluginRequests; 10 <appendix> member <vmtarget> ; # org/gradle/plugin/management/internal/autoapply/CompositeAutoAppliedPluginRegistry$$Lambda+0x0000000100a5cb10
instanceKlass org/gradle/plugin/management/internal/MultiPluginRequests
instanceKlass  @bci java/util/stream/Collectors lambda$groupingBy$53 (Ljava/util/function/Function;Ljava/util/function/Supplier;Ljava/util/function/BiConsumer;Ljava/util/Map;Ljava/lang/Object;)V 20 <appendix> member <vmtarget> ; # java/util/stream/Collectors$$Lambda+0x00000001006fd430
instanceKlass  @bci java/util/stream/Collectors mapMerger (Ljava/util/function/BinaryOperator;)Ljava/util/function/BinaryOperator; 1 <appendix> member <vmtarget> ; # java/util/stream/Collectors$$Lambda+0x00000001006fd1d0
instanceKlass  @bci java/util/stream/Collectors groupingBy (Ljava/util/function/Function;Ljava/util/function/Supplier;Ljava/util/stream/Collector;)Ljava/util/stream/Collector; 19 <appendix> member <vmtarget> ; # java/util/stream/Collectors$$Lambda+0x00000001006fcf88
instanceKlass  @bci java/util/stream/Collectors groupingBy (Ljava/util/function/Function;Ljava/util/stream/Collector;)Ljava/util/stream/Collector; 1 <appendix> argL0 ; # java/util/stream/Collectors$$Lambda+0x00000001006fcd58
instanceKlass  @bci org/gradle/plugin/use/internal/PluginRequestCollector listPluginRequests ()Ljava/util/List; 20 <appendix> argL0 ; # org/gradle/plugin/use/internal/PluginRequestCollector$$Lambda+0x0000000100a568f8
instanceKlass org/gradle/plugin/management/internal/DefaultPluginRequest
instanceKlass  @bci org/gradle/plugin/use/internal/PluginRequestCollector listPluginRequests ()Ljava/util/List; 5 <appendix> member <vmtarget> ; # org/gradle/plugin/use/internal/PluginRequestCollector$$Lambda+0x0000000100a56188
instanceKlass org/gradle/kotlin/dsl/PluginDependenciesSpecScopeKt
instanceKlass org/gradle/plugin/use/internal/PluginRequestCollector$PluginDependencySpecImpl
instanceKlass org/gradle/api/internal/provider/DefaultValueSourceProviderFactory$DefaultObtainedValue
instanceKlass org/gradle/api/internal/artifacts/dependencies/DefaultPluginDependency
instanceKlass  @bci org/gradle/api/internal/catalog/PluginDependencyValueSource$Inject $gradleInit ()V 1 <appendix> member <vmtarget> ; # org/gradle/api/internal/catalog/PluginDependencyValueSource$Inject$$Lambda+0x0000000100a5c688
instanceKlass  @bci org/gradle/api/internal/provider/DefaultValueSourceProviderFactory instantiateValueSource (Ljava/lang/Class;Ljava/lang/Class;Lorg/gradle/api/provider/ValueSourceParameters;)Lorg/gradle/api/provider/ValueSource; 11 <appendix> member <vmtarget> ; # org/gradle/api/internal/provider/DefaultValueSourceProviderFactory$$Lambda+0x0000000100a553b8
instanceKlass  @bci org/gradle/api/internal/catalog/PluginDependencyValueSource$Params$Inject $gradleInit ()V 1 <appendix> member <vmtarget> ; # org/gradle/api/internal/catalog/PluginDependencyValueSource$Params$Inject$$Lambda+0x0000000100a43d08
instanceKlass org/gradle/api/internal/catalog/PluginDependencyValueSource$Params$Inject
instanceKlass org/gradle/internal/snapshot/impl/JavaSerializedValueSnapshot
instanceKlass com/google/common/collect/ImmutableMap$SerializedForm
instanceKlass org/gradle/internal/snapshot/impl/ImplementationValue
instanceKlass  @bci org/gradle/api/internal/provider/DefaultValueSourceProviderFactory$LazilyObtainedValue <init> (Lorg/gradle/api/internal/provider/DefaultValueSourceProviderFactory;Ljava/lang/Class;Ljava/lang/Class;Lorg/gradle/api/provider/ValueSourceParameters;)V 48 <appendix> member <vmtarget> ; # org/gradle/api/internal/provider/DefaultValueSourceProviderFactory$LazilyObtainedValue$$Lambda+0x0000000100a4f980
instanceKlass org/gradle/api/internal/provider/ValueSourceProviderFactory$ValueListener$ObtainedValue
instanceKlass org/gradle/api/internal/provider/DefaultValueSourceProviderFactory$LazilyObtainedValue
instanceKlass  @bci org/gradle/api/internal/catalog/AbstractExternalDependencyFactory$PluginFactory lambda$createPlugin$1 (Ljava/lang/String;Lorg/gradle/api/provider/ValueSourceSpec;)V 3 <appendix> member <vmtarget> ; # org/gradle/api/internal/catalog/AbstractExternalDependencyFactory$PluginFactory$$Lambda+0x0000000100a438a0
instanceKlass  @bci org/gradle/api/internal/provider/DefaultValueSourceProviderFactory$DefaultValueSourceSpec_Decorated $gradleInit ()V 1 <appendix> member <vmtarget> ; # org/gradle/api/internal/provider/DefaultValueSourceProviderFactory$DefaultValueSourceSpec_Decorated$$Lambda+0x0000000100a4f308
instanceKlass org/gradle/api/internal/provider/DefaultValueSourceProviderFactory$DefaultValueSourceSpec
instanceKlass  @bci org/gradle/api/internal/catalog/PluginDependencyValueSource$Params_Decorated $gradleInit ()V 1 <appendix> member <vmtarget> ; # org/gradle/api/internal/catalog/PluginDependencyValueSource$Params_Decorated$$Lambda+0x0000000100a43668
instanceKlass org/gradle/api/internal/catalog/PluginDependencyValueSource$Params_Decorated
instanceKlass org/gradle/api/internal/catalog/PluginDependencyValueSource$Params
instanceKlass org/gradle/plugin/use/PluginDependency
instanceKlass  @bci org/gradle/api/internal/catalog/AbstractExternalDependencyFactory$PluginFactory createPlugin (Ljava/lang/String;)Lorg/gradle/api/provider/Provider; 8 <appendix> member <vmtarget> ; # org/gradle/api/internal/catalog/AbstractExternalDependencyFactory$PluginFactory$$Lambda+0x0000000100a42df8
instanceKlass org/gradle/api/internal/catalog/PluginDependencyValueSource
instanceKlass kotlin/collections/MapWithDefault
instanceKlass  @bci org/gradle/accessors/dm/LibrariesForLibsInPluginsBlock_Decorated $gradleInit ()V 1 <appendix> member <vmtarget> ; # org/gradle/accessors/dm/LibrariesForLibsInPluginsBlock_Decorated$$Lambda+0x0000000100a53198
instanceKlass  @bci org/gradle/kotlin/dsl/support/PluginDependenciesSpecScopeInternalServices_Decorated $gradleInit ()V 1 <appendix> member <vmtarget> ; # org/gradle/kotlin/dsl/support/PluginDependenciesSpecScopeInternalServices_Decorated$$Lambda+0x0000000100a4e6f0
instanceKlass org/gradle/kotlin/dsl/support/PluginDependenciesSpecScopeInternalServices_Decorated
instanceKlass org/gradle/kotlin/dsl/support/PluginDependenciesSpecScopeInternalServices
instanceKlass org/gradle/kotlin/dsl/VersionCatalogAccessorsKt
instanceKlass org/gradle/kotlin/dsl/PluginDependenciesSpecScope
instanceKlass org/gradle/kotlin/dsl/support/CompiledKotlinPluginsBlock
instanceKlass org/gradle/api/internal/project/DefaultProjectStateRegistry$CalculatedModelValueImpl
instanceKlass org/gradle/kotlin/dsl/accessors/AbstractStage1BlockAccessorsUnitOfWork$identify$1
instanceKlass org/gradle/kotlin/dsl/accessors/AbstractStage1BlockAccessorsUnitOfWork$visitIdentityInputs$1
instanceKlass org/gradle/kotlin/dsl/accessors/AbstractStage1BlockAccessorsUnitOfWork$Companion
instanceKlass org/gradle/kotlin/dsl/accessors/AbstractStage1BlockAccessorsUnitOfWork
instanceKlass org/gradle/internal/build/event/types/DefaultScriptPluginIdentifier
instanceKlass  @bci org/gradle/configuration/project/BuildScriptProcessor execute (Lorg/gradle/api/internal/project/ProjectInternal;)V 83 <appendix> member <vmtarget> ; # org/gradle/configuration/project/BuildScriptProcessor$$Lambda+0x0000000100a3f9b0
instanceKlass org/gradle/internal/service/scopes/ProjectScopeServices$ScriptScopedContext
# instanceKlass java/lang/invoke/LambdaForm$MH+0x0000000100a4b800
# instanceKlass java/lang/invoke/LambdaForm$MH+0x0000000100a4b400
# instanceKlass java/lang/invoke/LambdaForm$MH+0x0000000100a4b000
# instanceKlass java/lang/invoke/LambdaForm$MH+0x0000000100a4ac00
# instanceKlass java/lang/invoke/LambdaForm$MH+0x0000000100a4a800
# instanceKlass java/lang/invoke/LambdaForm$MH+0x0000000100a4a400
instanceKlass org/gradle/api/internal/artifacts/DependencyManagementProjectScopeServices$ProjectBackedModuleMetaDataProvider
instanceKlass  @bci org/gradle/buildinit/plugins/WrapperPlugin apply (Lorg/gradle/api/Project;)V 166 <appendix> member <vmtarget> ; # org/gradle/buildinit/plugins/WrapperPlugin$$Lambda+0x0000000100a42730
instanceKlass  @cpi org/gradle/buildinit/plugins/WrapperPlugin 96 form vmentry <vmtarget> ; # java/lang/invoke/LambdaForm$DMH+0x0000000100a4a000
instanceKlass org/gradle/api/internal/resources/ApiTextResourceAdapter
instanceKlass org/gradle/api/resources/internal/TextResourceInternal
instanceKlass org/gradle/internal/resource/transfer/CachingTextUriResourceLoader
instanceKlass org/gradle/api/internal/artifacts/repositories/resolver/DefaultExternalResourceAccessor
instanceKlass  @bci org/gradle/api/internal/resources/DefaultTextResourceFactory fromUri (Ljava/lang/Object;Z)Lorg/gradle/api/resources/TextResource; 20 <appendix> member <vmtarget> ; # org/gradle/api/internal/resources/DefaultTextResourceFactory$$Lambda+0x0000000100a3ef70
instanceKlass  @bci org/gradle/api/internal/resources/DefaultTextResourceFactory fromUri (Ljava/lang/Object;Z)Lorg/gradle/api/resources/TextResource; 14 <appendix> member <vmtarget> ; # org/gradle/api/internal/resources/DefaultTextResourceFactory$$Lambda+0x0000000100a3bd68
# instanceKlass java/lang/invoke/LambdaForm$MH+0x0000000100a49c00
# instanceKlass java/lang/invoke/LambdaForm$MH+0x0000000100a49800
# instanceKlass java/lang/invoke/LambdaForm$MH+0x0000000100a49400
# instanceKlass java/lang/invoke/LambdaForm$MH+0x0000000100a49000
# instanceKlass java/lang/invoke/LambdaForm$MH+0x0000000100a48c00
# instanceKlass java/lang/invoke/LambdaForm$MH+0x0000000100a48800
# instanceKlass java/lang/invoke/LambdaForm$MH+0x0000000100a48400
# instanceKlass java/lang/invoke/LambdaForm$MH+0x0000000100a48000
# instanceKlass java/lang/invoke/LambdaForm$MH+0x0000000100a47c00
# instanceKlass java/lang/invoke/LambdaForm$MH+0x0000000100a47800
# instanceKlass java/lang/invoke/LambdaForm$MH+0x0000000100a47400
# instanceKlass java/lang/invoke/LambdaForm$MH+0x0000000100a47000
# instanceKlass java/lang/invoke/LambdaForm$MH+0x0000000100a46c00
# instanceKlass java/lang/invoke/LambdaForm$MH+0x0000000100a46800
# instanceKlass java/lang/invoke/LambdaForm$MH+0x0000000100a46400
# instanceKlass java/lang/invoke/LambdaForm$MH+0x0000000100a46000
# instanceKlass java/lang/invoke/LambdaForm$MH+0x0000000100a45c00
# instanceKlass java/lang/invoke/LambdaForm$BMH+0x0000000100a45800
# instanceKlass java/lang/invoke/LambdaForm$DMH+0x0000000100a45400
# instanceKlass java/lang/invoke/LambdaForm$DMH+0x0000000100a45000
# instanceKlass java/lang/invoke/LambdaForm$MH+0x0000000100a44c00
# instanceKlass java/lang/invoke/LambdaForm$MH+0x0000000100a44800
# instanceKlass java/lang/invoke/LambdaForm$MH+0x0000000100a44400
# instanceKlass java/lang/invoke/LambdaForm$MH+0x0000000100a44000
# instanceKlass java/lang/invoke/LambdaForm$MH+0x0000000100a3cc00
instanceKlass  @bci org/gradle/internal/service/scopes/ProjectScopeServices createTemporaryFileProvider ()Lorg/gradle/api/internal/file/temp/TemporaryFileProvider; 5 <appendix> member <vmtarget> ; # org/gradle/internal/service/scopes/ProjectScopeServices$$Lambda+0x0000000100a3bb30
instanceKlass org/gradle/util/internal/DistributionLocator
instanceKlass  @bci org/gradle/buildinit/plugins/WrapperPlugin_Decorated $gradleInit ()V 1 <appendix> member <vmtarget> ; # org/gradle/buildinit/plugins/WrapperPlugin_Decorated$$Lambda+0x0000000100a42068
instanceKlass org/gradle/api/tasks/wrapper/WrapperVersionsResources
instanceKlass org/gradle/buildinit/plugins/WrapperPlugin
instanceKlass  @bci org/gradle/buildinit/plugins/BuildInitPlugin apply (Lorg/gradle/api/Project;)V 20 <appendix> member <vmtarget> ; # org/gradle/buildinit/plugins/BuildInitPlugin$$Lambda+0x0000000100a40d30
instanceKlass  @bci org/gradle/buildinit/plugins/BuildInitPlugin_Decorated $gradleInit ()V 1 <appendix> member <vmtarget> ; # org/gradle/buildinit/plugins/BuildInitPlugin_Decorated$$Lambda+0x0000000100a40af8
instanceKlass org/gradle/buildinit/plugins/BuildInitPlugin
instanceKlass  @bci org/gradle/internal/buildconfiguration/DaemonJvmPropertiesConfigurator execute (Lorg/gradle/api/internal/project/ProjectInternal;)V 20 <appendix> member <vmtarget> ; # org/gradle/internal/buildconfiguration/DaemonJvmPropertiesConfigurator$$Lambda+0x0000000100a37ad8
instanceKlass org/gradle/kotlin/dsl/tooling/builders/AbstractKotlinDslScriptsModelBuilder$Companion
instanceKlass org/gradle/kotlin/dsl/tooling/builders/AbstractKotlinDslScriptsModelBuilder
instanceKlass org/gradle/kotlin/dsl/tooling/builders/internal/IsolatedScriptsModelBuilder
instanceKlass org/gradle/kotlin/dsl/tooling/builders/KotlinBuildScriptTemplateModelBuilder
instanceKlass org/gradle/kotlin/dsl/tooling/builders/KotlinBuildScriptModelBuilder
instanceKlass  @bci org/gradle/jvm/toolchain/internal/task/ShowToolchainsTaskConfigurator execute (Lorg/gradle/api/internal/project/ProjectInternal;)V 10 <appendix> argL0 ; # org/gradle/jvm/toolchain/internal/task/ShowToolchainsTaskConfigurator$$Lambda+0x0000000100a36b28
instanceKlass org/gradle/api/internal/collections/FilteredElementSource$FilteringIterator
instanceKlass org/gradle/api/internal/collections/CollectionFilter$1
instanceKlass  @bci org/gradle/api/plugins/HelpTasksPlugin apply (Lorg/gradle/api/Project;)V 202 <appendix> argL0 ; # org/gradle/api/plugins/HelpTasksPlugin$$Lambda+0x0000000100a23dd0
instanceKlass  @bci org/gradle/api/internal/tasks/DefaultRealizableTaskCollection_Decorated $gradleInit ()V 1 <appendix> member <vmtarget> ; # org/gradle/api/internal/tasks/DefaultRealizableTaskCollection_Decorated$$Lambda+0x0000000100a3b200
instanceKlass  @bci org/gradle/api/internal/tasks/DefaultTaskCollection_Decorated $gradleInit ()V 1 <appendix> member <vmtarget> ; # org/gradle/api/internal/tasks/DefaultTaskCollection_Decorated$$Lambda+0x0000000100a3afc8
instanceKlass org/gradle/api/internal/DefaultNamedDomainObjectCollection$FilteredIndex
instanceKlass org/gradle/api/internal/collections/DefaultCollectionEventRegister$FilteredEventRegister
instanceKlass org/gradle/api/internal/collections/FilteredElementSource
# instanceKlass java/lang/invoke/LambdaForm$MH+0x0000000100a3c800
# instanceKlass java/lang/invoke/LambdaForm$MH+0x0000000100a3c400
# instanceKlass java/lang/invoke/LambdaForm$MH+0x0000000100a3c000
# instanceKlass java/lang/invoke/LambdaForm$MH+0x0000000100a2cc00
# instanceKlass java/lang/invoke/LambdaForm$MH+0x0000000100a2c800
instanceKlass  @bci org/gradle/api/plugins/HelpTasksPlugin apply (Lorg/gradle/api/Project;)V 183 <appendix> member <vmtarget> ; # org/gradle/api/plugins/HelpTasksPlugin$$Lambda+0x0000000100a35f10
instanceKlass  @bci org/gradle/api/plugins/HelpTasksPlugin apply (Lorg/gradle/api/Project;)V 166 <appendix> member <vmtarget> ; # org/gradle/api/plugins/HelpTasksPlugin$$Lambda+0x0000000100a35cd8
instanceKlass org/gradle/api/internal/DefaultNamedDomainObjectCollection$ProviderBackedElementInfo
instanceKlass org/gradle/api/internal/provider/Collectors$ElementFromProvider
instanceKlass org/gradle/api/internal/provider/ChangingValue
instanceKlass  @bci org/gradle/api/internal/tasks/DefaultTaskContainer$TaskCreatingProvider_Decorated $gradleInit ()V 1 <appendix> member <vmtarget> ; # org/gradle/api/internal/tasks/DefaultTaskContainer$TaskCreatingProvider_Decorated$$Lambda+0x0000000100a2d000
instanceKlass org/gradle/api/internal/DefaultMutationGuard$1
# instanceKlass java/lang/invoke/LambdaForm$MH+0x0000000100a2c400
instanceKlass org/gradle/api/internal/provider/ValueSupplier$SideEffect
instanceKlass org/gradle/api/internal/provider/ValueSupplier$ExecutionTimeValue
instanceKlass  @bci org/gradle/tooling/internal/provider/runner/PluginApplicationTracker findRunningPluginApplication (Lorg/gradle/internal/operations/OperationIdentifier;)Lorg/gradle/tooling/internal/provider/runner/PluginApplicationTracker$PluginApplication; 14 <appendix> member <vmtarget> ; # org/gradle/tooling/internal/provider/runner/PluginApplicationTracker$$Lambda+0x0000000100a1fc10
instanceKlass  @bci org/gradle/tooling/internal/provider/runner/TaskOriginTracker storeOrigin (Lorg/gradle/internal/operations/BuildOperationDescriptor;J)V 10 <appendix> member <vmtarget> ; # org/gradle/tooling/internal/provider/runner/TaskOriginTracker$$Lambda+0x0000000100a1f9b8
instanceKlass org/gradle/api/internal/tasks/DefaultTaskContainer$RegisterDetails
instanceKlass org/gradle/api/internal/tasks/DefaultTaskContainer$3
instanceKlass  @bci org/gradle/internal/id/ConfigurationCacheableIdFactory createId ()J 4 <appendix> argL0 ; # org/gradle/internal/id/ConfigurationCacheableIdFactory$$Lambda+0x0000000100a2ba18
instanceKlass  @cpi org/gradle/internal/id/ConfigurationCacheableIdFactory 53 form vmentry <vmtarget> ; # java/lang/invoke/LambdaForm$DMH+0x0000000100a2c000
instanceKlass java/util/function/LongUnaryOperator
instanceKlass org/gradle/model/internal/registry/RuleBindings$ScopeIndex
instanceKlass org/gradle/model/internal/registry/RuleBindings$PredicateMatches
instanceKlass  @bci org/gradle/internal/service/scopes/ProjectScopeServices lambda$createModelRegistry$3 (Ljava/lang/Runnable;)V 10 <appendix> member <vmtarget> ; # org/gradle/internal/service/scopes/ProjectScopeServices$$Lambda+0x0000000100a2aeb8
instanceKlass  @bci org/gradle/model/internal/registry/DefaultModelRegistry transitionTo (Lorg/gradle/model/internal/registry/DefaultModelRegistry$GoalGraph;Lorg/gradle/model/internal/registry/DefaultModelRegistry$ModelGoal;)V 7 <appendix> member <vmtarget> ; # org/gradle/model/internal/registry/DefaultModelRegistry$$Lambda+0x0000000100a2ac80
instanceKlass org/gradle/model/internal/registry/DefaultModelRegistry$5
instanceKlass org/gradle/model/internal/registry/NodeAtState
instanceKlass org/gradle/model/internal/registry/DefaultModelRegistry$GoalGraph
instanceKlass org/gradle/model/internal/registry/RuleBindings$NodeAtStateIndex
instanceKlass org/gradle/model/internal/registry/RuleBindings$TypePredicateIndex
instanceKlass org/gradle/model/internal/registry/RuleBindings$PathPredicateIndex
instanceKlass org/gradle/model/internal/registry/RuleBindings
instanceKlass org/gradle/model/internal/registry/ModelGraph
instanceKlass org/gradle/model/internal/core/DefaultModelRegistration
instanceKlass org/gradle/model/internal/core/AbstractModelAction
instanceKlass org/gradle/model/internal/core/EmptyModelProjection
instanceKlass org/gradle/model/internal/core/ModelProjection
instanceKlass org/gradle/model/internal/core/ModelAdapter
instanceKlass org/gradle/model/internal/core/ModelPromise
instanceKlass org/gradle/model/internal/core/ModelRegistrations$Builder$DescriptorReference
instanceKlass org/gradle/model/internal/core/ModelRegistration
instanceKlass org/gradle/model/internal/core/ModelAction
instanceKlass org/gradle/model/internal/core/ModelRegistrations$Builder
instanceKlass org/gradle/model/internal/core/ModelRegistrations
instanceKlass  @bci org/gradle/internal/service/scopes/ProjectScopeServices createModelRegistry (Lorg/gradle/model/internal/inspect/ModelRuleExtractor;)Lorg/gradle/model/internal/registry/ModelRegistry; 15 <appendix> member <vmtarget> ; # org/gradle/internal/service/scopes/ProjectScopeServices$$Lambda+0x0000000100a266a0
instanceKlass org/gradle/model/internal/registry/BoringProjectState
instanceKlass org/gradle/model/internal/registry/DefaultModelRegistry$ModelGoal
instanceKlass org/gradle/model/internal/core/ModelPredicate
instanceKlass org/gradle/model/internal/registry/ModelNodeInternal
instanceKlass org/gradle/model/internal/registry/DefaultModelRegistry
instanceKlass org/gradle/model/internal/registry/ModelRegistryInternal
instanceKlass  @bci org/gradle/api/plugins/HelpTasksPlugin_Decorated $gradleInit ()V 1 <appendix> member <vmtarget> ; # org/gradle/api/plugins/HelpTasksPlugin_Decorated$$Lambda+0x0000000100a1f780
instanceKlass org/gradle/api/reporting/Reporting
instanceKlass org/gradle/api/plugins/HelpTasksPlugin$HelpAction
instanceKlass org/gradle/api/plugins/HelpTasksPlugin$ProjectReportTaskAction
instanceKlass org/gradle/api/plugins/HelpTasksPlugin$TaskReportTaskAction
instanceKlass org/gradle/api/plugins/HelpTasksPlugin$PropertyReportTaskAction
instanceKlass org/gradle/api/plugins/HelpTasksPlugin$DependencyInsightReportTaskAction
instanceKlass org/gradle/api/plugins/HelpTasksPlugin$DependencyReportTaskAction
instanceKlass org/gradle/api/plugins/HelpTasksPlugin$BuildEnvironmentReportTaskAction
instanceKlass org/gradle/api/plugins/HelpTasksPlugin$ComponentReportAction
instanceKlass org/gradle/api/plugins/HelpTasksPlugin$ModelReportAction
instanceKlass org/gradle/api/plugins/HelpTasksPlugin$DependentComponentsReportAction
instanceKlass org/gradle/api/plugins/HelpTasksPlugin
instanceKlass org/gradle/api/internal/plugins/PluginDescriptor
instanceKlass org/gradle/configuration/project/NotifyProjectBeforeEvaluatedBuildOperationType$1
instanceKlass org/gradle/configuration/project/NotifyProjectBeforeEvaluatedBuildOperationType$Result
instanceKlass org/gradle/configuration/project/NotifyProjectBeforeEvaluatedBuildOperationType
instanceKlass org/gradle/internal/operations/BuildOperationType
instanceKlass  @bci org/gradle/api/internal/catalog/DefaultDependenciesAccessors$DefaultVersionCatalogsExtension_Decorated $gradleInit ()V 1 <appendix> member <vmtarget> ; # org/gradle/api/internal/catalog/DefaultDependenciesAccessors$DefaultVersionCatalogsExtension_Decorated$$Lambda+0x0000000100a1da30
instanceKlass org/gradle/api/internal/catalog/DefaultDependenciesAccessors$DefaultVersionCatalogsExtension
instanceKlass org/gradle/api/artifacts/VersionCatalogsExtension
instanceKlass org/gradle/api/internal/catalog/VersionCatalogView
instanceKlass org/gradle/api/artifacts/VersionCatalog
instanceKlass  @bci org/gradle/accessors/dm/LibrariesForLibs_Decorated $gradleInit ()V 1 <appendix> member <vmtarget> ; # org/gradle/accessors/dm/LibrariesForLibs_Decorated$$Lambda+0x0000000100a19ab0
# instanceKlass java/lang/invoke/LambdaForm$MH+0x0000000100a1a400
# instanceKlass java/lang/invoke/LambdaForm$MH+0x0000000100a1a000
instanceKlass org/gradle/api/internal/catalog/AbstractExternalDependencyFactory$BundleFactory
instanceKlass org/gradle/api/internal/catalog/AbstractExternalDependencyFactory$SubDependencyFactory
instanceKlass org/gradle/api/internal/catalog/AbstractExternalDependencyFactory$PluginFactory
instanceKlass org/gradle/api/internal/catalog/AbstractExternalDependencyFactory$VersionFactory
instanceKlass org/gradle/api/internal/catalog/AbstractExternalDependencyFactory
instanceKlass org/gradle/api/internal/catalog/ExternalModuleDependencyFactory
instanceKlass  @bci org/gradle/api/internal/catalog/DefaultDependenciesAccessors loadVersionCatalogFactoryClass (Ljava/lang/String;)Ljava/lang/Class; 11 <appendix> member <vmtarget> ; # org/gradle/api/internal/catalog/DefaultDependenciesAccessors$$Lambda+0x00000001009ff648
instanceKlass  @bci org/gradle/plugin/software/internal/DefaultModelDefaultsApplicator applyDefaultsTo (Ljava/lang/Object;Lorg/gradle/api/Plugin;)V 22 <appendix> member <vmtarget> ; # org/gradle/plugin/software/internal/DefaultModelDefaultsApplicator$$Lambda+0x00000001009ff400
instanceKlass  @bci org/gradle/plugin/software/internal/DefaultSoftwareTypeRegistry implementationFor (Ljava/lang/Class;)Ljava/util/Optional; 15 <appendix> member <vmtarget> ; # org/gradle/plugin/software/internal/DefaultSoftwareTypeRegistry$$Lambda+0x00000001009ff198
instanceKlass org/gradle/plugin/software/internal/SoftwareTypeImplementation
instanceKlass  @bci com/google/common/collect/ImmutableList spliterator ()Ljava/util/Spliterator; 8 <appendix> member <vmtarget> ; # com/google/common/collect/ImmutableList$$Lambda+0x0000000100a0e198
instanceKlass  @cpi com/google/common/collect/ImmutableList 363 form vmentry <vmtarget> ; # java/lang/invoke/LambdaForm$DMH+0x0000000100a18000
instanceKlass com/android/ide/gradle/model/artifacts/builder/AdditionalClassifierArtifactsModelBuilder
instanceKlass  @bci com/android/ide/gradle/model/builder/LegacyAndroidGradlePluginPropertiesModelBuilder$Companion maybeRegister (Lorg/gradle/api/Project;Lorg/gradle/tooling/provider/model/ToolingModelBuilderRegistry;)V 147 <appendix> member <vmtarget> ; # com/android/ide/gradle/model/builder/LegacyAndroidGradlePluginPropertiesModelBuilder$Companion$$Lambda+0x0000000100a15d60
instanceKlass  @bci com/android/ide/gradle/model/builder/LegacyAndroidGradlePluginPropertiesModelBuilder$Companion maybeRegister (Lorg/gradle/api/Project;Lorg/gradle/tooling/provider/model/ToolingModelBuilderRegistry;)V 118 <appendix> member <vmtarget> ; # com/android/ide/gradle/model/builder/LegacyAndroidGradlePluginPropertiesModelBuilder$Companion$$Lambda+0x0000000100a158d0
instanceKlass  @bci com/android/ide/gradle/model/builder/LegacyAndroidGradlePluginPropertiesModelBuilder$Companion maybeRegister (Lorg/gradle/api/Project;Lorg/gradle/tooling/provider/model/ToolingModelBuilderRegistry;)V 89 <appendix> member <vmtarget> ; # com/android/ide/gradle/model/builder/LegacyAndroidGradlePluginPropertiesModelBuilder$Companion$$Lambda+0x0000000100a15440
instanceKlass  @bci com/android/ide/gradle/model/builder/LegacyAndroidGradlePluginPropertiesModelBuilder$Companion maybeRegister (Lorg/gradle/api/Project;Lorg/gradle/tooling/provider/model/ToolingModelBuilderRegistry;)V 60 <appendix> member <vmtarget> ; # com/android/ide/gradle/model/builder/LegacyAndroidGradlePluginPropertiesModelBuilder$Companion$$Lambda+0x0000000100a14fb0
instanceKlass org/gradle/internal/code/DefaultUserCodeApplicationContext$CurrentApplication$1
instanceKlass org/gradle/api/internal/DefaultCollectionCallbackActionDecorator$BuildOperationEmittingAction
instanceKlass org/gradle/api/internal/plugins/ClassloaderBackedPluginDescriptorLocator
instanceKlass org/gradle/api/internal/plugins/DefaultPluginRegistry$PluginIdLookupCacheKey
instanceKlass org/gradle/api/internal/plugins/PluginManagerInternal$PluginWithId
instanceKlass java/util/DualPivotQuicksort
instanceKlass org/gradle/plugin/use/internal/DefaultPluginId
instanceKlass org/gradle/api/internal/plugins/DefaultPluginManager$2
instanceKlass  @bci com/android/ide/gradle/model/builder/LegacyAndroidGradlePluginPropertiesModelBuilder$Companion maybeRegister (Lorg/gradle/api/Project;Lorg/gradle/tooling/provider/model/ToolingModelBuilderRegistry;)V 31 <appendix> member <vmtarget> ; # com/android/ide/gradle/model/builder/LegacyAndroidGradlePluginPropertiesModelBuilder$Companion$$Lambda+0x0000000100a14b20
instanceKlass com/android/ide/gradle/model/builder/LegacyAndroidGradlePluginPropertiesModelBuilder$Companion
instanceKlass com/android/ide/gradle/model/builder/LegacyAndroidGradlePluginPropertiesModelBuilder
instanceKlass com/android/ide/gradle/model/builder/AndroidStudioToolingPluginKt
instanceKlass com/android/ide/gradle/model/builder/GradlePropertiesModelBuilder
instanceKlass com/android/ide/gradle/model/builder/LegacyV1AgpVersionModelBuilder
instanceKlass com/android/ide/gradle/model/composites/BuildMapModelBuilder
instanceKlass com/android/ide/gradle/model/builder/GradlePluginModelBuilder
# instanceKlass java/lang/invoke/LambdaForm$MH+0x0000000100a13800
# instanceKlass java/lang/invoke/LambdaForm$MH+0x0000000100a13400
instanceKlass org/gradle/tooling/internal/provider/runner/PluginApplicationTracker$PluginApplication
instanceKlass org/gradle/internal/build/event/types/DefaultBinaryPluginIdentifier
instanceKlass org/gradle/api/internal/plugins/PluginInstantiator
instanceKlass org/gradle/api/internal/plugins/ModelDefaultsApplyingPluginTarget
instanceKlass org/gradle/api/internal/plugins/RuleBasedPluginTarget
# instanceKlass java/lang/invoke/LambdaForm$MH+0x0000000100a13000
# instanceKlass java/lang/invoke/LambdaForm$MH+0x0000000100a12c00
# instanceKlass java/lang/invoke/LambdaForm$MH+0x0000000100a12800
# instanceKlass java/lang/invoke/LambdaForm$MH+0x0000000100a12400
# instanceKlass java/lang/invoke/LambdaForm$MH+0x0000000100a12000
# instanceKlass java/lang/invoke/LambdaForm$MH+0x0000000100a11c00
# instanceKlass java/lang/invoke/LambdaForm$MH+0x0000000100a11800
# instanceKlass java/lang/invoke/LambdaForm$MH+0x0000000100a11400
# instanceKlass java/lang/invoke/LambdaForm$MH+0x0000000100a11000
# instanceKlass java/lang/invoke/LambdaForm$MH+0x0000000100a10c00
# instanceKlass java/lang/invoke/LambdaForm$MH+0x0000000100a10800
# instanceKlass java/lang/invoke/LambdaForm$MH+0x0000000100a10400
# instanceKlass java/lang/invoke/LambdaForm$MH+0x0000000100a10000
instanceKlass org/gradle/plugin/software/internal/DefaultModelDefaultsApplicator
instanceKlass org/gradle/model/internal/inspect/ModelRuleExtractor$CachedRuleSource
instanceKlass org/gradle/model/internal/inspect/MethodModelRuleExtractionContext
instanceKlass org/gradle/model/Rules
instanceKlass org/gradle/model/Validate
instanceKlass org/gradle/model/Finalize
instanceKlass org/gradle/model/Mutate
instanceKlass org/gradle/model/Defaults
instanceKlass org/gradle/model/internal/core/NodeInitializerRegistry
instanceKlass org/gradle/model/Model
instanceKlass org/gradle/model/internal/inspect/MethodModelRuleExtractors
instanceKlass org/gradle/model/internal/manage/instance/ManagedInstance
instanceKlass org/gradle/model/internal/manage/schema/extract/ManagedProxyClassGenerator$GeneratedView
instanceKlass org/gradle/model/internal/manage/instance/ModelElementState
instanceKlass org/gradle/model/internal/manage/instance/GeneratedViewState
instanceKlass org/gradle/model/internal/manage/binding/StructMethodBinding
instanceKlass org/gradle/model/internal/manage/binding/StructBindings
instanceKlass org/gradle/model/internal/manage/binding/StructBindingValidationProblemCollector
instanceKlass org/gradle/model/internal/manage/binding/DefaultStructBindingsStore
instanceKlass org/gradle/internal/declarativedsl/defaults/SoftwareTypeRegistryIntegrationKt$softwareTypeRegistryBasedModelDefaultsRepository$1
instanceKlass org/gradle/internal/declarativedsl/evaluator/defaults/ModelDefaultsRepository
instanceKlass org/gradle/internal/declarativedsl/defaults/SoftwareTypeRegistryIntegrationKt
instanceKlass org/gradle/internal/declarativedsl/evaluationSchema/DefaultStepIdentifier
instanceKlass org/gradle/declarative/dsl/evaluation/InterpretationSequenceStep$StepIdentifier
instanceKlass org/gradle/internal/declarativedsl/evaluator/defaults/ApplyModelDefaults
instanceKlass org/gradle/declarative/dsl/evaluation/InterpretationStepFeature$ResolutionResultPostprocessing$ApplyModelDefaults
instanceKlass org/gradle/declarative/dsl/evaluation/InterpretationStepFeature$ResolutionResultPostprocessing
instanceKlass org/gradle/declarative/dsl/evaluation/InterpretationStepFeature
instanceKlass org/gradle/internal/declarativedsl/evaluationSchema/SimpleInterpretationSequenceStepWithConversion
instanceKlass org/gradle/internal/declarativedsl/evaluator/conversion/InterpretationSequenceStepWithConversion
instanceKlass org/gradle/declarative/dsl/evaluation/InterpretationSequenceStep
instanceKlass org/gradle/internal/declarativedsl/project/ProjectInterpretationSequenceStepKt
instanceKlass org/gradle/internal/declarativedsl/evaluator/defaults/DeclarativeModelDefaultsHandler
instanceKlass org/gradle/api/internal/initialization/ActionBasedModelDefaultsHandler
instanceKlass org/gradle/platform/base/ComponentType
instanceKlass org/gradle/platform/base/SourceComponentSpec
instanceKlass org/gradle/language/base/LanguageSourceSet
instanceKlass org/gradle/model/internal/typeregistration/BaseInstanceFactory
instanceKlass org/gradle/model/internal/typeregistration/InstanceFactory
instanceKlass org/gradle/model/internal/manage/schema/cache/ModelSchemaCache
instanceKlass org/gradle/model/internal/manage/schema/extract/DefaultModelSchemaStore
instanceKlass org/gradle/model/internal/manage/schema/extract/StructSchemaExtractionStrategySupport
instanceKlass org/gradle/model/internal/manage/schema/extract/JavaUtilCollectionStrategy
instanceKlass org/gradle/model/internal/manage/schema/extract/ModelMapStrategy
instanceKlass org/gradle/model/internal/manage/schema/extract/AbstractProxyClassGenerator
instanceKlass org/gradle/model/internal/manage/schema/extract/SpecializedMapStrategy
instanceKlass org/gradle/model/internal/type/WildcardTypeWrapper
instanceKlass org/gradle/model/ModelSet
instanceKlass org/gradle/model/internal/manage/schema/CompositeSchema
instanceKlass org/gradle/model/internal/manage/schema/AbstractModelSchema
instanceKlass org/gradle/model/internal/manage/schema/ManagedImplSchema
instanceKlass org/gradle/model/internal/manage/schema/extract/ModelSetStrategy
instanceKlass org/gradle/model/internal/manage/schema/extract/JdkValueTypeStrategy
instanceKlass org/gradle/model/internal/manage/schema/extract/EnumStrategy
instanceKlass org/gradle/model/internal/manage/schema/ModelSchema
instanceKlass org/gradle/model/internal/manage/schema/extract/PrimitiveStrategy
instanceKlass org/gradle/model/internal/manage/schema/extract/ModelSchemaExtractionContext
instanceKlass org/gradle/model/internal/manage/schema/extract/DefaultModelSchemaExtractor
instanceKlass org/gradle/platform/base/ComponentBinaries
instanceKlass org/gradle/platform/base/VariantComponentSpec
instanceKlass org/gradle/platform/base/VariantComponent
instanceKlass org/gradle/platform/base/BinaryTasks
instanceKlass org/gradle/model/internal/core/ModelPath$Cache
instanceKlass org/gradle/platform/base/BinaryContainer
instanceKlass org/gradle/model/ModelMap
instanceKlass org/gradle/model/internal/inspect/ExtractedModelRule
instanceKlass org/gradle/model/internal/inspect/RuleSourceValidationProblemCollector
instanceKlass org/gradle/model/internal/inspect/AbstractAnnotationDrivenModelRuleExtractor
instanceKlass org/gradle/model/internal/manage/schema/extract/ModelSchemaAspect
instanceKlass org/gradle/platform/base/internal/VariantAspectExtractionStrategy
instanceKlass org/xml/sax/Attributes
instanceKlass org/apache/tools/ant/BuildLogger
instanceKlass org/apache/tools/ant/BuildListener
instanceKlass org/xml/sax/Locator
instanceKlass com/android/ide/gradle/model/builder/AndroidStudioToolingPlugin
instanceKlass org/gradle/internal/cc/impl/services/DefaultIsolatedProjectEvaluationListenerProvider$withUserCodeApplicationContext$1$1$1
instanceKlass org/gradle/internal/cc/impl/services/IsolatedProjectActionsState$Companion
instanceKlass org/gradle/internal/cc/impl/services/IsolatedProjectActionsState
instanceKlass  @bci jdk/internal/reflect/MethodHandleLongFieldAccessorImpl setLong (Ljava/lang/Object;J)V 41 <adapter> ; # java/lang/invoke/LambdaForm$MH+0x00000001009f8800
instanceKlass  @bci org/gradle/util/internal/ConfigureUtil $deserializeLambda$ (Ljava/lang/invoke/SerializedLambda;)Ljava/lang/Object; 165 <appendix> member <vmtarget> ; # org/gradle/util/internal/ConfigureUtil$$Lambda+0x00000001009f2c40
# instanceKlass java/lang/invoke/LambdaForm$MH+0x00000001009f5c00
# instanceKlass java/lang/invoke/LambdaForm$MH+0x00000001009f5800
instanceKlass java/lang/invoke/SerializedLambda$1
instanceKlass org/gradle/internal/serialize/codecs/core/jos/MethodCache$forClass$1
instanceKlass  @bci jdk/internal/reflect/MethodHandleBooleanFieldAccessorImpl setBoolean (Ljava/lang/Object;Z)V 41 <adapter> ; # java/lang/invoke/LambdaForm$MH+0x00000001009f5400
instanceKlass org/gradle/internal/serialize/codecs/core/ClosureCodec$WhenMappings
instanceKlass org/gradle/internal/serialize/codecs/core/jos/JavaObjectSerializationCodec$WhenMappings
instanceKlass  @bci jdk/internal/reflect/MethodHandleObjectFieldAccessorImpl set (Ljava/lang/Object;Ljava/lang/Object;)V 41 <adapter> ; # java/lang/invoke/LambdaForm$MH+0x00000001009f4400
instanceKlass kotlin/coroutines/jvm/internal/Boxing
instanceKlass org/gradle/internal/serialize/beans/services/BeanConstructors$constructorForSerialization$1
instanceKlass org/gradle/internal/serialize/graph/BeanStateReader$DefaultImpls
instanceKlass org/gradle/internal/extensions/stdlib/UnsafeLazyKt
instanceKlass org/gradle/internal/serialize/beans/services/BeanPropertyReader
instanceKlass org/gradle/internal/serialize/graph/BeanStateReader
instanceKlass org/gradle/internal/serialize/beans/services/DefaultBeanStateReaderLookup$beanStateReaderFor$1
instanceKlass org/gradle/internal/serialize/graph/DefaultReadIsolate
instanceKlass org/gradle/internal/serialize/graph/ReadIsolate
instanceKlass it/unimi/dsi/fastutil/objects/ObjectArrays$ArrayHashStrategy
instanceKlass it/unimi/dsi/fastutil/objects/ObjectArrays
instanceKlass it/unimi/dsi/fastutil/ints/Int2ObjectMap$FastEntrySet
instanceKlass it/unimi/dsi/fastutil/ints/AbstractInt2ObjectFunction
instanceKlass it/unimi/dsi/fastutil/ints/Int2ObjectMap
instanceKlass it/unimi/dsi/fastutil/ints/Int2ObjectFunction
instanceKlass org/gradle/internal/serialize/graph/ReadIdentities
instanceKlass org/gradle/internal/cc/impl/isolation/EnvironmentDecoder
instanceKlass org/gradle/internal/serialize/graph/ClassDecoder
instanceKlass org/gradle/internal/serialize/graph/CloseableReadContext
instanceKlass org/gradle/internal/serialize/graph/MutableReadContext
instanceKlass org/gradle/internal/serialize/graph/ReadContext
instanceKlass org/gradle/internal/cc/impl/isolation/IsolatedActionDeserializer
instanceKlass org/gradle/internal/cc/impl/services/DefaultIsolatedProjectEvaluationListenerProviderKt
instanceKlass org/gradle/configuration/project/LifecycleProjectEvaluator$NotifyProjectBeforeEvaluatedDetails
instanceKlass org/gradle/configuration/project/NotifyProjectBeforeEvaluatedBuildOperationType$Details
instanceKlass org/gradle/configuration/project/LifecycleProjectEvaluator$NotifyBeforeEvaluate
instanceKlass  @bci org/gradle/api/internal/project/DefaultProjectStateRegistry$ProjectStateImpl fromMutableState (Ljava/util/function/Function;)Ljava/lang/Object; 127 <appendix> member <vmtarget> ; # org/gradle/api/internal/project/DefaultProjectStateRegistry$ProjectStateImpl$$Lambda+0x00000001009ebba0
instanceKlass  @bci org/gradle/api/internal/project/DefaultProjectStateRegistry$ProjectStateImpl applyToMutableState (Ljava/util/function/Consumer;)V 2 <appendix> member <vmtarget> ; # org/gradle/api/internal/project/DefaultProjectStateRegistry$ProjectStateImpl$$Lambda+0x00000001009eb948
instanceKlass  @bci org/gradle/configuration/project/LifecycleProjectEvaluator$EvaluateProject run (Lorg/gradle/internal/operations/BuildOperationContext;)V 11 <appendix> member <vmtarget> ; # org/gradle/configuration/project/LifecycleProjectEvaluator$EvaluateProject$$Lambda+0x00000001009eb700
instanceKlass org/gradle/configuration/project/LifecycleProjectEvaluator$ConfigureProjectDetails
instanceKlass org/gradle/configuration/project/LifecycleProjectEvaluator$EvaluateProject
instanceKlass org/gradle/configuration/project/LifecycleProjectEvaluator
instanceKlass org/gradle/configuration/project/DelayedConfigurationActions
instanceKlass org/gradle/configuration/project/BuildScriptProcessor
instanceKlass org/gradle/buildinit/plugins/internal/action/WrapperPluginAutoApplyAction
instanceKlass org/gradle/buildinit/plugins/internal/action/BuildInitAutoApplyAction
instanceKlass org/gradle/internal/buildconfiguration/DaemonJvmPropertiesConfigurator
instanceKlass org/gradle/kotlin/dsl/tooling/builders/internal/KotlinScriptingModelBuildersRegistrationAction
instanceKlass org/gradle/jvm/toolchain/internal/task/ShowToolchainsTaskConfigurator
instanceKlass org/gradle/api/plugins/internal/HelpTasksAutoApplyAction
instanceKlass org/gradle/configuration/project/ConfigureActionsProjectEvaluator
instanceKlass  @bci org/gradle/internal/model/StateTransitionController maybeTransitionIfNotCurrentlyTransitioning (Lorg/gradle/internal/model/StateTransitionController$State;Lorg/gradle/internal/model/StateTransitionController$State;Ljava/lang/Runnable;)V 8 <appendix> member <vmtarget> ; # org/gradle/internal/model/StateTransitionController$$Lambda+0x00000001009e32f0
instanceKlass  @bci org/gradle/api/internal/project/ProjectLifecycleController ensureSelfConfigured ()V 11 <appendix> member <vmtarget> ; # org/gradle/api/internal/project/ProjectLifecycleController$$Lambda+0x00000001009e30b8
instanceKlass org/gradle/internal/event/DefaultListenerManager$ExclusiveEventBroadcast$2
instanceKlass org/gradle/internal/cc/impl/services/IsolatedProjectEvaluationListener
instanceKlass org/gradle/internal/cc/impl/services/EagerBeforeProject
instanceKlass java/util/IdentityHashMap$EntryIterator$Entry
instanceKlass java/util/IdentityHashMap$IdentityHashMapIterator
instanceKlass org/gradle/internal/cc/impl/isolation/SerializedIsolatedActionGraph
instanceKlass kotlin/jdk7/AutoCloseableKt
instanceKlass kotlin/coroutines/jvm/internal/CompletedContinuation
instanceKlass org/gradle/internal/serialize/graph/codecs/OwnerServiceEncoding
instanceKlass kotlin/sequences/EmptySequence
instanceKlass kotlin/sequences/DropTakeSequence
instanceKlass  @bci jdk/internal/reflect/MethodHandleLongFieldAccessorImpl getLong (Ljava/lang/Object;)J 20 <adapter> ; # java/lang/invoke/LambdaForm$MH+0x00000001009ea000
# instanceKlass java/lang/invoke/LambdaForm$MH+0x00000001009e9c00
# instanceKlass java/lang/invoke/LambdaForm$BMH+0x00000001009e9800
# instanceKlass java/lang/invoke/LambdaForm$DMH+0x00000001009e9400
# instanceKlass java/lang/invoke/LambdaForm$MH+0x00000001009e9000
# instanceKlass java/lang/invoke/LambdaForm$BMH+0x00000001009e8c00
instanceKlass  @bci jdk/internal/reflect/MethodHandleBooleanFieldAccessorImpl getBoolean (Ljava/lang/Object;)Z 20 <adapter> ; # java/lang/invoke/LambdaForm$MH+0x00000001009e8800
# instanceKlass java/lang/invoke/LambdaForm$MH+0x00000001009e8400
# instanceKlass java/lang/invoke/LambdaForm$BMH+0x00000001009e8000
instanceKlass org/gradle/internal/serialize/graph/CodecKt
instanceKlass org/gradle/internal/serialize/codecs/core/SerializedLambdaParametersCheckingCodec
instanceKlass org/gradle/internal/serialize/codecs/core/jos/JavaObjectSerializationCodec$WriteReplaceEncoding
instanceKlass org/gradle/internal/serialize/codecs/core/jos/JavaSerializationEncodingLookup$EncodingDetails
instanceKlass org/gradle/internal/serialize/codecs/core/jos/JavaObjectSerializationCodecKt
instanceKlass org/gradle/internal/serialize/codecs/core/jos/MethodCacheKt
instanceKlass org/gradle/internal/serialize/codecs/core/jos/JavaSerializationEncodingLookup$encodingFor$1
instanceKlass org/gradle/internal/serialize/graph/BeanPropertyExtensionsKt
instanceKlass org/gradle/internal/serialize/beans/services/RelevantField
instanceKlass kotlin/comparisons/ComparisonsKt__ComparisonsKt
instanceKlass org/gradle/internal/serialize/beans/services/Workarounds
instanceKlass kotlin/jvm/internal/ArrayIterator
instanceKlass kotlin/jvm/internal/ArrayIteratorKt
instanceKlass kotlin/sequences/FilteringSequence$iterator$1
instanceKlass kotlin/sequences/SequencesKt___SequencesKt$sortedWith$1
instanceKlass org/gradle/internal/serialize/beans/services/BeanSchemaKt$special$$inlined$sortedBy$1
instanceKlass kotlin/sequences/FilteringSequence
instanceKlass kotlin/collections/ArraysKt___ArraysKt$asSequence$$inlined$Sequence$1
instanceKlass kotlin/sequences/FlatteningSequence$iterator$1
instanceKlass kotlin/sequences/TransformingSequence$iterator$1
instanceKlass kotlin/sequences/TransformingSequence
instanceKlass kotlin/sequences/FlatteningSequence
instanceKlass org/gradle/api/file/SourceDirectorySet
instanceKlass org/gradle/internal/serialize/beans/services/BeanSchemaKt
instanceKlass org/gradle/internal/serialize/beans/services/BeanPropertyWriter
instanceKlass org/gradle/internal/serialize/graph/BeanStateWriter
instanceKlass org/gradle/internal/serialize/beans/services/DefaultBeanStateWriterLookup$beanStateWriterFor$1
instanceKlass org/gradle/internal/cc/impl/isolation/EnvironmentEncoder$encodeClass$1
instanceKlass org/gradle/internal/serialize/graph/codecs/BindingsBackedCodec$TaggedEncoding
instanceKlass org/gradle/internal/serialize/graph/codecs/BindingsBackedCodec$taggedEncodingFor$1
instanceKlass org/gradle/internal/serialize/graph/DefaultWriteIsolate
instanceKlass org/gradle/internal/serialize/graph/WriteIsolate
instanceKlass org/gradle/internal/serialize/graph/Isolate
instanceKlass kotlin/coroutines/ContinuationInterceptor$Key
instanceKlass kotlin/coroutines/CoroutineContext$Key
instanceKlass kotlin/coroutines/ContinuationInterceptor
instanceKlass kotlin/coroutines/CoroutineContext$Element
instanceKlass kotlin/coroutines/ContinuationKt
instanceKlass org/gradle/internal/serialize/graph/RunningKt$runToCompletion$$inlined$Continuation$1
instanceKlass kotlin/jvm/internal/Ref$ObjectRef
instanceKlass org/gradle/internal/serialize/graph/RunningKt
instanceKlass org/gradle/internal/serialize/graph/CircularReferences
instanceKlass org/gradle/internal/serialize/graph/WriteIdentities
instanceKlass org/gradle/internal/configuration/problems/PropertyTrace
instanceKlass org/gradle/internal/cc/impl/ConfigurationCacheThrowable
instanceKlass org/gradle/internal/cc/base/LoggingKt
instanceKlass org/gradle/internal/serialize/codecs/stdlib/ProxyEncoding
instanceKlass org/gradle/internal/serialize/codecs/core/jos/MethodCache
instanceKlass org/gradle/internal/serialize/codecs/core/jos/JavaObjectSerializationCodec
instanceKlass org/gradle/internal/serialize/graph/codecs/ServicesCodec
instanceKlass org/gradle/internal/serialize/codecs/stdlib/ProxyCodec
instanceKlass org/gradle/internal/serialize/codecs/core/LoggerCodec
instanceKlass org/gradle/internal/serialize/codecs/core/DirectoryCodec
instanceKlass org/gradle/internal/serialize/codecs/core/RegularFileCodec
instanceKlass org/gradle/internal/serialize/codecs/core/jos/ExternalizableCodec
instanceKlass org/gradle/internal/serialize/codecs/core/GroovyMetaClassCodec
instanceKlass org/gradle/internal/serialize/codecs/core/ClosureCodec
instanceKlass org/gradle/internal/serialize/codecs/core/GroovyCodecsKt
instanceKlass org/gradle/internal/serialize/codecs/core/ProviderCodec
instanceKlass org/gradle/internal/serialize/codecs/core/PropertyCodec
instanceKlass org/gradle/internal/serialize/codecs/core/ListPropertyCodec
instanceKlass org/gradle/api/internal/provider/MapPropertyInternal
instanceKlass org/gradle/api/internal/provider/MapProviderInternal
instanceKlass org/gradle/internal/serialize/codecs/core/MapPropertyCodec
instanceKlass org/gradle/internal/serialize/codecs/core/SetPropertyCodec
instanceKlass org/gradle/internal/serialize/codecs/core/DirectoryPropertyCodec
instanceKlass org/gradle/internal/serialize/codecs/core/RegularFilePropertyCodec
instanceKlass org/gradle/internal/serialize/graph/codecs/BindingsBackedCodec$Companion
instanceKlass org/gradle/internal/serialize/graph/codecs/BindingsBackedCodec
instanceKlass org/gradle/internal/serialize/graph/codecs/BeanCodec
instanceKlass org/gradle/internal/serialize/codecs/core/FixedValueReplacingProviderCodec
instanceKlass org/gradle/internal/serialize/codecs/core/JavaRecordEncoding
instanceKlass org/gradle/internal/serialize/codecs/core/JavaRecordCodec
instanceKlass org/gradle/internal/serialize/codecs/guava/ImmutableMapCodec
instanceKlass org/gradle/internal/serialize/codecs/guava/ImmutableSetCodec
instanceKlass org/gradle/internal/serialize/codecs/guava/ImmutableListCodec
instanceKlass org/gradle/internal/serialize/codecs/guava/BindingsBuilderExtensionsKt
instanceKlass org/gradle/internal/serialize/codecs/stdlib/OutputStreamCodec
instanceKlass org/gradle/internal/serialize/codecs/stdlib/InputStreamCodec
instanceKlass org/gradle/internal/serialize/codecs/stdlib/DurationCodec
instanceKlass org/gradle/internal/serialize/codecs/stdlib/CharsetCodec
instanceKlass org/gradle/internal/serialize/codecs/stdlib/UnitCodec
instanceKlass org/gradle/internal/serialize/codecs/stdlib/LevelCodec
instanceKlass org/gradle/internal/serialize/codecs/stdlib/UrlCodec
instanceKlass org/gradle/internal/serialize/codecs/stdlib/EnumSubTypeEncoding
instanceKlass org/gradle/internal/serialize/codecs/stdlib/EnumEncoding
instanceKlass org/gradle/internal/serialize/codecs/stdlib/RegexpPatternCodec
instanceKlass org/gradle/internal/serialize/codecs/stdlib/EnumCodec
instanceKlass org/gradle/internal/serialize/codecs/stdlib/NonPrimitiveArrayCodec
instanceKlass org/gradle/internal/serialize/codecs/stdlib/CharArrayCodec
instanceKlass org/gradle/internal/serialize/codecs/stdlib/BooleanArrayCodec
instanceKlass org/gradle/internal/serialize/codecs/stdlib/DoubleArrayCodec
instanceKlass org/gradle/internal/serialize/codecs/stdlib/FloatArrayCodec
instanceKlass org/gradle/internal/serialize/codecs/stdlib/LongArrayCodec
instanceKlass org/gradle/internal/serialize/codecs/stdlib/IntArrayCodec
instanceKlass org/gradle/internal/serialize/codecs/stdlib/ShortArrayCodec
instanceKlass org/gradle/internal/serialize/codecs/stdlib/HashSetCodec
instanceKlass org/gradle/internal/serialize/codecs/stdlib/CollectionCodecsKt
instanceKlass org/gradle/internal/serialize/codecs/stdlib/MethodCodec
instanceKlass org/gradle/internal/serialize/codecs/stdlib/ClassCodec
instanceKlass org/gradle/internal/serialize/graph/SerializerCodec
instanceKlass org/gradle/internal/serialize/codecs/stdlib/BindingsBuilderExtensionsKt
instanceKlass org/gradle/internal/cc/impl/serialize/BaseTypesKt
instanceKlass org/gradle/api/publish/Publication
instanceKlass org/gradle/api/artifacts/result/UnresolvedComponentResult
instanceKlass org/gradle/api/artifacts/result/ComponentArtifactsResult
instanceKlass org/gradle/api/artifacts/result/ArtifactResolutionResult
instanceKlass org/gradle/internal/serialize/graph/codecs/Binding
instanceKlass org/gradle/internal/serialize/graph/codecs/BindingsBuilder$producerForSubtypesOf$1
instanceKlass org/gradle/internal/serialize/graph/codecs/EncodingProducer
instanceKlass org/gradle/internal/serialize/graph/CombinatorsKt$codec$1
instanceKlass org/gradle/internal/serialize/graph/Codec
instanceKlass org/gradle/internal/serialize/graph/DecodingProvider
instanceKlass org/gradle/internal/serialize/graph/EncodingProvider
instanceKlass org/gradle/internal/serialize/graph/CombinatorsKt
instanceKlass org/gradle/internal/serialize/codecs/core/UnsupportedTypesCodecsKt
instanceKlass org/gradle/internal/serialize/graph/codecs/BindingsBuilder
instanceKlass org/gradle/internal/serialize/graph/codecs/Bindings$Companion
instanceKlass org/gradle/internal/serialize/graph/codecs/Bindings
instanceKlass org/gradle/internal/serialize/graph/AbstractIsolateContext
instanceKlass org/gradle/internal/serialize/graph/CloseableWriteContext
instanceKlass org/gradle/internal/serialize/graph/WriteContext
instanceKlass org/gradle/internal/serialize/graph/MutableIsolateContext
instanceKlass org/gradle/internal/serialize/graph/IsolateContext
instanceKlass org/gradle/internal/cc/impl/isolation/EnvironmentEncoder
instanceKlass org/gradle/internal/serialize/graph/ClassEncoder
instanceKlass org/gradle/internal/cc/impl/isolation/IsolatedActionSerializer
instanceKlass org/gradle/internal/cc/base/serialize/IsolateOwners
instanceKlass org/gradle/internal/serialize/graph/IsolateOwner
instanceKlass org/gradle/internal/cc/impl/services/IsolatedProjectActions
instanceKlass org/gradle/initialization/NotifyingBuildLoader$3$1
instanceKlass org/gradle/initialization/NotifyProjectsLoadedBuildOperationType$Details
instanceKlass org/gradle/initialization/NotifyingBuildLoader$3
instanceKlass org/gradle/initialization/NotifyingBuildLoader$BuildStructureOperationResult
instanceKlass org/gradle/initialization/LoadProjectsBuildOperationType$Result
instanceKlass org/gradle/initialization/NotifyingBuildLoader$DefaultProjectsIdentifiedProgressDetails
instanceKlass org/gradle/initialization/ProjectsIdentifiedProgressDetails
instanceKlass  @bci org/gradle/initialization/BuildStructureOperationProject <clinit> ()V 0 <appendix> argL0 ; # org/gradle/initialization/BuildStructureOperationProject$$Lambda+0x00000001009b5930
instanceKlass org/gradle/initialization/BuildStructureOperationProject
instanceKlass org/gradle/api/internal/project/ProjectHierarchyUtils
instanceKlass  @bci org/gradle/api/internal/project/DefaultProject getExtensions ()Lorg/gradle/api/internal/plugins/ExtensionContainerInternal; 5 <appendix> member <vmtarget> ; # org/gradle/api/internal/project/DefaultProject$$Lambda+0x00000001009b5210
instanceKlass org/apache/commons/lang/reflect/MethodUtils
instanceKlass org/gradle/initialization/ProjectPropertySettingBuildLoader$CachingPropertyApplicator
instanceKlass org/gradle/internal/extensibility/ExtensibleDynamicObject$InheritedDynamicObject
instanceKlass  @bci org/gradle/api/internal/project/ProjectFactory createProject (Lorg/gradle/api/internal/GradleInternal;Lorg/gradle/api/initialization/ProjectDescriptor;Lorg/gradle/api/internal/project/ProjectState;Lorg/gradle/api/internal/project/ProjectInternal;Lorg/gradle/internal/service/scopes/ServiceRegistryFactory;Lorg/gradle/api/internal/initialization/ClassLoaderScope;Lorg/gradle/api/internal/initialization/ClassLoaderScope;)Lorg/gradle/api/internal/project/ProjectInternal; 183 <appendix> member <vmtarget> ; # org/gradle/api/internal/project/ProjectFactory$$Lambda+0x00000001009b4888
instanceKlass  @bci org/gradle/internal/management/DefaultDependencyResolutionManagement configureProject (Lorg/gradle/api/internal/project/ProjectInternal;)V 17 <appendix> member <vmtarget> ; # org/gradle/internal/management/DefaultDependencyResolutionManagement$$Lambda+0x00000001009a1370
# instanceKlass java/lang/invoke/LambdaForm$MH+0x00000001009b3400
# instanceKlass java/lang/invoke/LambdaForm$MH+0x00000001009b3000
# instanceKlass java/lang/invoke/LambdaForm$MH+0x00000001009b2c00
# instanceKlass java/lang/invoke/LambdaForm$MH+0x00000001009b2800
# instanceKlass java/lang/invoke/LambdaForm$MH+0x00000001009b2400
# instanceKlass java/lang/invoke/LambdaForm$MH+0x00000001009b2000
# instanceKlass java/lang/invoke/LambdaForm$MH+0x00000001009b1c00
# instanceKlass java/lang/invoke/LambdaForm$MH+0x00000001009b1800
# instanceKlass java/lang/invoke/LambdaForm$MH+0x00000001009b1400
# instanceKlass java/lang/invoke/LambdaForm$MH+0x00000001009b1000
# instanceKlass java/lang/invoke/LambdaForm$MH+0x00000001009b0c00
instanceKlass org/gradle/internal/service/scopes/ProjectBackedPropertyHost
instanceKlass org/gradle/nativeplatform/internal/CompilerOutputFileNamingScheme
instanceKlass  @bci org/gradle/api/internal/project/DefaultProject_Decorated $gradleInit ()V 1 <appendix> member <vmtarget> ; # org/gradle/api/internal/project/DefaultProject_Decorated$$Lambda+0x00000001009b4000
instanceKlass  @bci org/gradle/api/internal/project/DefaultProject <init> (Ljava/lang/String;Lorg/gradle/api/internal/project/ProjectInternal;Ljava/io/File;Ljava/io/File;Lorg/gradle/groovy/scripts/ScriptSource;Lorg/gradle/api/internal/GradleInternal;Lorg/gradle/api/internal/project/ProjectState;Lorg/gradle/internal/service/scopes/ServiceRegistryFactory;Lorg/gradle/api/internal/initialization/ClassLoaderScope;Lorg/gradle/api/internal/initialization/ClassLoaderScope;)V 320 <appendix> member <vmtarget> ; # org/gradle/api/internal/project/DefaultProject$$Lambda+0x00000001009afce0
instanceKlass org/gradle/internal/extensibility/ExtensibleDynamicObject$2
instanceKlass org/gradle/api/internal/project/DefaultCrossProjectModelAccess
instanceKlass  @bci org/gradle/api/internal/project/DefaultProject <init> (Ljava/lang/String;Lorg/gradle/api/internal/project/ProjectInternal;Ljava/io/File;Ljava/io/File;Lorg/gradle/groovy/scripts/ScriptSource;Lorg/gradle/api/internal/GradleInternal;Lorg/gradle/api/internal/project/ProjectState;Lorg/gradle/internal/service/scopes/ServiceRegistryFactory;Lorg/gradle/api/internal/initialization/ClassLoaderScope;Lorg/gradle/api/internal/initialization/ClassLoaderScope;)V 209 <appendix> member <vmtarget> ; # org/gradle/api/internal/project/DefaultProject$$Lambda+0x00000001009aef30
instanceKlass org/gradle/internal/BiAction
instanceKlass org/gradle/api/internal/tasks/DefaultTaskContainerFactory$1
instanceKlass  @bci org/gradle/api/internal/tasks/DefaultTaskContainer_Decorated $gradleInit ()V 1 <appendix> member <vmtarget> ; # org/gradle/api/internal/tasks/DefaultTaskContainer_Decorated$$Lambda+0x00000001009ae8a8
# instanceKlass java/lang/invoke/LambdaForm$MH+0x00000001009b0800
# instanceKlass java/lang/invoke/LambdaForm$MH+0x00000001009b0400
# instanceKlass java/lang/invoke/LambdaForm$MH+0x00000001009b0000
# instanceKlass java/lang/invoke/LambdaForm$MH+0x00000001009a7c00
# instanceKlass java/lang/invoke/LambdaForm$MH+0x00000001009a7800
# instanceKlass java/lang/invoke/LambdaForm$MH+0x00000001009a7400
# instanceKlass java/lang/invoke/LambdaForm$MH+0x00000001009a7000
# instanceKlass java/lang/invoke/LambdaForm$MH+0x00000001009a6c00
instanceKlass org/gradle/api/internal/tasks/DefaultTaskContainer$7
instanceKlass org/gradle/api/internal/tasks/DefaultTaskContainer$6
instanceKlass org/gradle/internal/reflect/MethodSet$1
instanceKlass org/gradle/model/internal/core/MutableModelNode
instanceKlass org/gradle/model/internal/core/ModelNode
instanceKlass org/gradle/model/internal/core/ModelPath
instanceKlass org/gradle/api/internal/project/taskfactory/TaskIdentity
instanceKlass org/gradle/api/tasks/TaskProvider
instanceKlass org/gradle/api/internal/tasks/RealizeTaskBuildOperationType$Result
instanceKlass org/gradle/api/internal/tasks/RegisterTaskBuildOperationType$Result
instanceKlass org/gradle/model/internal/core/rule/describe/SimpleModelRuleDescriptor$1
instanceKlass org/gradle/internal/Factories$2
instanceKlass org/gradle/model/internal/core/rule/describe/AbstractModelRuleDescriptor
instanceKlass org/gradle/model/internal/core/rule/describe/ModelRuleDescriptor
instanceKlass org/gradle/model/internal/core/ModelReference
instanceKlass org/gradle/api/internal/tasks/DefaultTaskContainerFactory
# instanceKlass java/lang/invoke/LambdaForm$MH+0x00000001009a6800
# instanceKlass java/lang/invoke/LambdaForm$MH+0x00000001009a6400
# instanceKlass java/lang/invoke/LambdaForm$MH+0x00000001009a6000
# instanceKlass java/lang/invoke/LambdaForm$MH+0x00000001009a5c00
# instanceKlass java/lang/invoke/LambdaForm$MH+0x00000001009a5800
# instanceKlass java/lang/invoke/LambdaForm$MH+0x00000001009a5400
# instanceKlass java/lang/invoke/LambdaForm$MH+0x00000001009a5000
# instanceKlass java/lang/invoke/LambdaForm$MH+0x00000001009a4c00
# instanceKlass java/lang/invoke/LambdaForm$MH+0x00000001009a4800
# instanceKlass java/lang/invoke/LambdaForm$MH+0x00000001009a4400
# instanceKlass java/lang/invoke/LambdaForm$MH+0x00000001009a4000
instanceKlass org/gradle/api/internal/project/taskfactory/TaskFactory
instanceKlass org/gradle/api/internal/project/taskfactory/AnnotationProcessingTaskFactory
instanceKlass org/gradle/api/internal/project/taskfactory/TaskActionFactory
instanceKlass org/gradle/api/internal/project/taskfactory/DefaultTaskClassInfoStore
instanceKlass org/gradle/nativeplatform/internal/CompilerOutputFileNamingSchemeFactory
instanceKlass org/gradle/nativeplatform/internal/services/NativeBinaryServices$ProjectCompilerServices
instanceKlass org/gradle/language/internal/DefaultNativeComponentFactory
instanceKlass org/gradle/language/internal/NativeComponentFactory
instanceKlass org/gradle/language/nativeplatform/internal/toolchains/ToolChainSelector$Result
instanceKlass org/gradle/language/nativeplatform/internal/toolchains/DefaultToolChainSelector
instanceKlass org/gradle/language/nativeplatform/internal/toolchains/ToolChainSelector
instanceKlass org/gradle/language/nativeplatform/internal/incremental/IncrementalCompilerBuilder$IncrementalCompiler
instanceKlass org/gradle/language/nativeplatform/internal/incremental/DefaultIncrementalCompilerBuilder
instanceKlass org/gradle/language/nativeplatform/internal/incremental/IncrementalCompilerBuilder
instanceKlass org/gradle/plugins/ide/internal/DefaultIdeArtifactRegistry
instanceKlass org/gradle/plugins/ide/internal/IdeArtifactRegistry
instanceKlass org/gradle/internal/snapshot/Snapshot
instanceKlass org/gradle/internal/snapshot/impl/DefaultSnapshottingService
instanceKlass org/gradle/internal/snapshot/SnapshottingService
instanceKlass org/gradle/internal/enterprise/test/TestTaskForkOptions
instanceKlass org/gradle/internal/enterprise/test/TestTaskFilters
instanceKlass org/gradle/internal/enterprise/test/TestTaskProperties
instanceKlass org/gradle/internal/enterprise/test/impl/DefaultTestTaskPropertiesService
instanceKlass org/gradle/internal/enterprise/test/TestTaskPropertiesService
instanceKlass org/gradle/buildinit/plugins/internal/ProjectLayoutSetupRegistry
instanceKlass org/gradle/buildinit/plugins/internal/services/BuildInitServices$1
instanceKlass org/gradle/api/plugins/jvm/internal/DefaultJvmLanguageUtilities
instanceKlass org/gradle/api/plugins/jvm/internal/JvmLanguageUtilities
instanceKlass org/gradle/api/publish/maven/internal/publisher/MavenDuplicatePublicationTracker
instanceKlass org/gradle/jvm/toolchain/internal/JavaToolchainSpecInternal
instanceKlass org/gradle/jvm/toolchain/internal/JavaToolchainSpecInternal$Key
instanceKlass org/gradle/jvm/toolchain/internal/install/SecureFileDownloader
instanceKlass org/gradle/jvm/toolchain/JavaToolchainRequest
instanceKlass org/gradle/jvm/toolchain/internal/install/DefaultJavaToolchainProvisioningService
instanceKlass org/gradle/jvm/toolchain/internal/install/JavaToolchainProvisioningService
instanceKlass org/gradle/jvm/toolchain/internal/JavaToolchainQueryService
instanceKlass org/gradle/jvm/toolchain/JavaToolchainSpec
instanceKlass org/gradle/jvm/toolchain/JavaCompiler
instanceKlass org/gradle/jvm/toolchain/internal/DefaultJavaToolchainService
instanceKlass org/gradle/jvm/toolchain/JavaToolchainService
instanceKlass org/gradle/api/plugins/jvm/internal/DefaultJvmPluginServices
instanceKlass org/gradle/api/plugins/jvm/internal/JvmPluginServices
instanceKlass org/gradle/api/plugins/jvm/internal/JvmEcosystemUtilities
instanceKlass org/gradle/api/tasks/SourceSetContainer
instanceKlass org/gradle/language/jvm/internal/JvmLanguageServices$ProjectScopeServices
instanceKlass org/gradle/jvm/toolchain/internal/ToolchainToolFactory
instanceKlass org/gradle/language/java/internal/JavaLanguageServices$JavaProjectScopeServices
instanceKlass org/gradle/jvm/toolchain/internal/JavaCompilerFactory
instanceKlass org/gradle/language/java/internal/JavaToolchainServices$ProjectScopeCompileServices
instanceKlass org/gradle/api/internal/tasks/compile/GroovyCompilerFactory
instanceKlass org/gradle/language/base/internal/compile/CompilerFactory
instanceKlass org/gradle/api/internal/tasks/compile/GroovyServices$ProjectServices
instanceKlass org/gradle/api/publish/ivy/internal/publisher/IvyDuplicatePublicationTracker
instanceKlass org/gradle/api/internal/artifacts/DependencyManagementProjectScopeServices
instanceKlass org/gradle/workers/internal/BuildOperationAwareWorker
instanceKlass org/gradle/workers/internal/IsolatedClassloaderWorkerFactory
instanceKlass org/gradle/workers/internal/WorkerDaemonFactory
instanceKlass org/gradle/workers/internal/WorkerFactory
instanceKlass org/gradle/workers/WorkerExecutor
instanceKlass org/gradle/workers/internal/WorkersServices$ProjectScopeServices
# instanceKlass java/lang/invoke/LambdaForm$MH+0x0000000100999800
# instanceKlass java/lang/invoke/LambdaForm$MH+0x0000000100999400
# instanceKlass java/lang/invoke/LambdaForm$MH+0x0000000100999000
# instanceKlass java/lang/invoke/LambdaForm$MH+0x0000000100998c00
# instanceKlass java/lang/invoke/LambdaForm$MH+0x0000000100998800
instanceKlass org/gradle/api/internal/project/taskfactory/TaskInstantiator
instanceKlass org/gradle/normalization/internal/RuntimeClasspathNormalizationInternal
instanceKlass org/gradle/normalization/RuntimeClasspathNormalization
instanceKlass org/gradle/normalization/InputNormalization
instanceKlass org/gradle/internal/service/scopes/WorkerSharedProjectScopeServices
instanceKlass org/gradle/internal/typeconversion/TypeConverter
instanceKlass org/gradle/api/internal/project/ant/AntLoggingAdapterFactory
instanceKlass org/gradle/internal/service/scopes/ProjectScopeServices
# instanceKlass java/lang/invoke/LambdaForm$MH+0x0000000100998400
# instanceKlass java/lang/invoke/LambdaForm$MH+0x0000000100998000
# instanceKlass java/lang/invoke/LambdaForm$MH+0x0000000100995c00
# instanceKlass java/lang/invoke/LambdaForm$MH+0x0000000100995800
# instanceKlass java/lang/invoke/LambdaForm$MH+0x0000000100995400
# instanceKlass java/lang/invoke/LambdaForm$MH+0x0000000100995000
# instanceKlass java/lang/invoke/LambdaForm$MH+0x0000000100994c00
# instanceKlass java/lang/invoke/LambdaForm$MH+0x0000000100994800
# instanceKlass java/lang/invoke/LambdaForm$MH+0x0000000100994400
# instanceKlass java/lang/invoke/LambdaForm$MH+0x0000000100994000
instanceKlass org/gradle/api/internal/project/DeferredProjectConfiguration
instanceKlass org/gradle/api/internal/file/DefaultProjectLayout
instanceKlass org/gradle/api/internal/file/TaskFileVarFactory
instanceKlass  @bci org/gradle/api/internal/project/ProjectFactory createProject (Lorg/gradle/api/internal/GradleInternal;Lorg/gradle/api/initialization/ProjectDescriptor;Lorg/gradle/api/internal/project/ProjectState;Lorg/gradle/api/internal/project/ProjectInternal;Lorg/gradle/internal/service/scopes/ServiceRegistryFactory;Lorg/gradle/api/internal/initialization/ClassLoaderScope;Lorg/gradle/api/internal/initialization/ClassLoaderScope;)Lorg/gradle/api/internal/project/ProjectInternal; 33 <appendix> member <vmtarget> ; # org/gradle/api/internal/project/ProjectFactory$$Lambda+0x0000000100990470
instanceKlass  @bci org/gradle/api/internal/project/ProjectLifecycleController lambda$createMutableModel$1 (Lorg/gradle/api/internal/project/ProjectState;Lorg/gradle/api/internal/project/IProjectFactory;Lorg/gradle/internal/build/BuildState;Lorg/gradle/initialization/DefaultProjectDescriptor;Lorg/gradle/api/internal/initialization/ClassLoaderScope;Lorg/gradle/api/internal/initialization/ClassLoaderScope;)V 27 <appendix> member <vmtarget> ; # org/gradle/api/internal/project/ProjectLifecycleController$$Lambda+0x0000000100990238
instanceKlass  @bci org/gradle/internal/model/StateTransitionController transition (Lorg/gradle/internal/model/StateTransitionController$State;Lorg/gradle/internal/model/StateTransitionController$State;Ljava/lang/Runnable;)V 8 <appendix> member <vmtarget> ; # org/gradle/internal/model/StateTransitionController$$Lambda+0x0000000100990000
instanceKlass  @bci org/gradle/api/internal/project/ProjectLifecycleController createMutableModel (Lorg/gradle/initialization/DefaultProjectDescriptor;Lorg/gradle/internal/build/BuildState;Lorg/gradle/api/internal/project/ProjectState;Lorg/gradle/api/internal/initialization/ClassLoaderScope;Lorg/gradle/api/internal/initialization/ClassLoaderScope;Lorg/gradle/api/internal/project/IProjectFactory;)V 20 <appendix> member <vmtarget> ; # org/gradle/api/internal/project/ProjectLifecycleController$$Lambda+0x000000010098fdb0
instanceKlass org/gradle/initialization/NotifyingBuildLoader$2$1
instanceKlass org/gradle/initialization/LoadProjectsBuildOperationType$Details
instanceKlass org/gradle/initialization/LoadProjectsBuildOperationType$Result$Project
instanceKlass org/gradle/initialization/ProjectsIdentifiedProgressDetails$Project
instanceKlass org/gradle/initialization/NotifyingBuildLoader$2
instanceKlass org/gradle/api/internal/catalog/DefaultDependenciesAccessors$GeneratedAccessors
instanceKlass  @bci org/gradle/internal/vfs/impl/DefaultSnapshotHierarchy invalidate (Ljava/lang/String;Lorg/gradle/internal/snapshot/SnapshotHierarchy$NodeDiffListener;)Lorg/gradle/internal/snapshot/SnapshotHierarchy; 52 <appendix> member <vmtarget> ; # org/gradle/internal/vfs/impl/DefaultSnapshotHierarchy$$Lambda+0x000000010098ee50
instanceKlass  @bci org/gradle/internal/vfs/impl/DefaultSnapshotHierarchy invalidate (Ljava/lang/String;Lorg/gradle/internal/snapshot/SnapshotHierarchy$NodeDiffListener;)Lorg/gradle/internal/snapshot/SnapshotHierarchy; 43 <appendix> member <vmtarget> ; # org/gradle/internal/vfs/impl/DefaultSnapshotHierarchy$$Lambda+0x000000010098ebf8
instanceKlass org/gradle/internal/snapshot/AbstractInvalidateChildHandler
instanceKlass org/gradle/internal/snapshot/AbstractIncompleteFileSystemNode$1
instanceKlass org/gradle/internal/watch/vfs/impl/WatchingVirtualFileSystem$VfsChangeLoggingNodeDiffListener
instanceKlass  @bci org/gradle/internal/watch/vfs/impl/WatchingVirtualFileSystem$InvalidateVfsChangeHandler lambda$handleChange$1 (Ljava/nio/file/Path;Lorg/gradle/internal/watch/registry/FileWatcherRegistry$Type;Lorg/gradle/internal/snapshot/SnapshotHierarchy;)Lorg/gradle/internal/snapshot/SnapshotHierarchy; 7 <appendix> member <vmtarget> ; # org/gradle/internal/watch/vfs/impl/WatchingVirtualFileSystem$InvalidateVfsChangeHandler$$Lambda+0x000000010098df78
instanceKlass  @bci org/gradle/internal/watch/vfs/impl/WatchingVirtualFileSystem$InvalidateVfsChangeHandler handleChange (Lorg/gradle/internal/watch/registry/FileWatcherRegistry$Type;Ljava/nio/file/Path;)V 7 <appendix> member <vmtarget> ; # org/gradle/internal/watch/vfs/impl/WatchingVirtualFileSystem$InvalidateVfsChangeHandler$$Lambda+0x000000010098dd08
instanceKlass  @bci org/gradle/internal/watch/vfs/impl/WatchingVirtualFileSystem$CompositeChangeHandler handleChange (Lorg/gradle/internal/watch/registry/FileWatcherRegistry$Type;Ljava/nio/file/Path;)V 6 <appendix> member <vmtarget> ; # org/gradle/internal/watch/vfs/impl/WatchingVirtualFileSystem$CompositeChangeHandler$$Lambda+0x000000010098dac0
instanceKlass org/gradle/internal/watch/registry/impl/DefaultFileWatcherRegistry$3
instanceKlass org/gradle/internal/watch/registry/impl/DefaultFileWatcherRegistry$1
instanceKlass net/rubygrapefruit/platform/internal/jni/AbstractFileEventFunctions$ChangeEvent
instanceKlass org/gradle/internal/watch/registry/impl/DefaultFileWatcherProbeRegistry$1
instanceKlass  @bci org/gradle/internal/watch/registry/impl/AbstractFileWatcherUpdater update (Lorg/gradle/internal/snapshot/SnapshotHierarchy;)V 139 <appendix> member <vmtarget> ; # org/gradle/internal/watch/registry/impl/AbstractFileWatcherUpdater$$Lambda+0x000000010098c268
instanceKlass  @bci org/gradle/internal/watch/registry/impl/AbstractFileWatcherUpdater update (Lorg/gradle/internal/snapshot/SnapshotHierarchy;)V 128 <appendix> member <vmtarget> ; # org/gradle/internal/watch/registry/impl/AbstractFileWatcherUpdater$$Lambda+0x000000010098c000
instanceKlass  @bci org/gradle/internal/watch/registry/impl/AbstractFileWatcherUpdater update (Lorg/gradle/internal/snapshot/SnapshotHierarchy;)V 110 <appendix> member <vmtarget> ; # org/gradle/internal/watch/registry/impl/AbstractFileWatcherUpdater$$Lambda+0x0000000100987bc0
instanceKlass  @bci org/gradle/internal/watch/registry/impl/AbstractFileWatcherUpdater update (Lorg/gradle/internal/snapshot/SnapshotHierarchy;)V 99 <appendix> member <vmtarget> ; # org/gradle/internal/watch/registry/impl/AbstractFileWatcherUpdater$$Lambda+0x0000000100987958
instanceKlass  @bci org/gradle/internal/watch/registry/impl/HierarchicalFileWatcherUpdater updateWatchesOnChangedWatchedFiles (Lorg/gradle/internal/file/FileHierarchySet;)V 163 <appendix> member <vmtarget> ; # org/gradle/internal/watch/registry/impl/HierarchicalFileWatcherUpdater$$Lambda+0x0000000100987710
instanceKlass  @bci org/gradle/internal/watch/registry/impl/HierarchicalFileWatcherUpdater updateWatchesOnChangedWatchedFiles (Lorg/gradle/internal/file/FileHierarchySet;)V 119 <appendix> member <vmtarget> ; # org/gradle/internal/watch/registry/impl/HierarchicalFileWatcherUpdater$$Lambda+0x00000001009874a8
instanceKlass  @bci org/gradle/internal/watch/registry/impl/HierarchicalFileWatcherUpdater updateWatchesOnChangedWatchedFiles (Lorg/gradle/internal/file/FileHierarchySet;)V 52 <appendix> member <vmtarget> ; # org/gradle/internal/watch/registry/impl/HierarchicalFileWatcherUpdater$$Lambda+0x0000000100987240
instanceKlass org/gradle/internal/file/FileHierarchySet$PrefixFileSet$2
instanceKlass  @bci org/gradle/internal/watch/registry/impl/HierarchicalFileWatcherUpdater updateWatchesOnChangedWatchedFiles (Lorg/gradle/internal/file/FileHierarchySet;)V 11 <appendix> member <vmtarget> ; # org/gradle/internal/watch/registry/impl/HierarchicalFileWatcherUpdater$$Lambda+0x0000000100986dc8
instanceKlass  @bci org/gradle/api/internal/catalog/DefaultDependenciesAccessors$AbstractAccessorUnitOfWork identify (Ljava/util/Map;Ljava/util/Map;)Lorg/gradle/internal/execution/UnitOfWork$Identity; 39 <appendix> member <vmtarget> ; # org/gradle/api/internal/catalog/DefaultDependenciesAccessors$AbstractAccessorUnitOfWork$$Lambda+0x0000000100989560
instanceKlass  @bci org/gradle/api/internal/catalog/DefaultDependenciesAccessors$AbstractAccessorUnitOfWork identify (Ljava/util/Map;Ljava/util/Map;)Lorg/gradle/internal/execution/UnitOfWork$Identity; 16 <appendix> member <vmtarget> ; # org/gradle/api/internal/catalog/DefaultDependenciesAccessors$AbstractAccessorUnitOfWork$$Lambda+0x0000000100989318
instanceKlass  @bci org/gradle/api/internal/catalog/DefaultDependenciesAccessors$DependencyAccessorUnitOfWork visitIdentityInputs (Lorg/gradle/internal/execution/UnitOfWork$InputVisitor;)V 100 <appendix> member <vmtarget> ; # org/gradle/api/internal/catalog/DefaultDependenciesAccessors$DependencyAccessorUnitOfWork$$Lambda+0x00000001009890e0
instanceKlass  @bci org/gradle/api/internal/catalog/DefaultDependenciesAccessors$DependencyAccessorUnitOfWork visitIdentityInputs (Lorg/gradle/internal/execution/UnitOfWork$InputVisitor;)V 78 <appendix> member <vmtarget> ; # org/gradle/api/internal/catalog/DefaultDependenciesAccessors$DependencyAccessorUnitOfWork$$Lambda+0x0000000100988ea8
instanceKlass  @bci org/gradle/api/internal/catalog/DefaultDependenciesAccessors$DependencyAccessorUnitOfWork visitIdentityInputs (Lorg/gradle/internal/execution/UnitOfWork$InputVisitor;)V 56 <appendix> member <vmtarget> ; # org/gradle/api/internal/catalog/DefaultDependenciesAccessors$DependencyAccessorUnitOfWork$$Lambda+0x0000000100988c70
instanceKlass  @bci org/gradle/api/internal/catalog/DefaultDependenciesAccessors$DependencyAccessorUnitOfWork visitIdentityInputs (Lorg/gradle/internal/execution/UnitOfWork$InputVisitor;)V 34 <appendix> member <vmtarget> ; # org/gradle/api/internal/catalog/DefaultDependenciesAccessors$DependencyAccessorUnitOfWork$$Lambda+0x0000000100988a38
instanceKlass org/gradle/internal/snapshot/impl/AbstractListSnapshot
instanceKlass  @bci org/gradle/api/internal/catalog/DefaultDependenciesAccessors$DependencyAccessorUnitOfWork visitIdentityInputs (Lorg/gradle/internal/execution/UnitOfWork$InputVisitor;)V 12 <appendix> member <vmtarget> ; # org/gradle/api/internal/catalog/DefaultDependenciesAccessors$DependencyAccessorUnitOfWork$$Lambda+0x0000000100988800
instanceKlass org/gradle/api/internal/catalog/DefaultDependenciesAccessors$AbstractAccessorUnitOfWork
instanceKlass  @bci org/gradle/api/internal/catalog/DefaultDependenciesAccessors generateAccessors (Ljava/util/List;Lorg/gradle/api/internal/initialization/ClassLoaderScope;Lorg/gradle/api/initialization/Settings;)V 80 <appendix> argL0 ; # org/gradle/api/internal/catalog/DefaultDependenciesAccessors$$Lambda+0x0000000100984c00
instanceKlass  @bci org/gradle/api/internal/catalog/parser/TomlCatalogFileParser registerVersion (Lorg/gradle/api/initialization/dsl/VersionCatalogBuilder;Ljava/lang/String;Ljava/lang/String;Ljava/lang/String;Ljava/lang/String;Ljava/util/List;Ljava/lang/Boolean;)V 10 <appendix> member <vmtarget> ; # org/gradle/api/internal/catalog/parser/TomlCatalogFileParser$$Lambda+0x00000001009866e0
instanceKlass  @bci org/gradle/api/internal/catalog/parser/TomlCatalogFileParser parseVersions (Lorg/tomlj/TomlTable;Lorg/gradle/api/internal/catalog/parser/StrictVersionParser;)V 32 <appendix> member <vmtarget> ; # org/gradle/api/internal/catalog/parser/TomlCatalogFileParser$$Lambda+0x0000000100986498
instanceKlass  @bci org/gradle/api/internal/catalog/parser/TomlCatalogFileParser parseVersions (Lorg/tomlj/TomlTable;Lorg/gradle/api/internal/catalog/parser/StrictVersionParser;)V 16 <appendix> argL0 ; # org/gradle/api/internal/catalog/parser/TomlCatalogFileParser$$Lambda+0x0000000100986248
instanceKlass org/gradle/api/internal/catalog/DefaultVersionCatalogBuilder$VersionReferencingPluginModel
instanceKlass  @bci org/gradle/api/internal/catalog/DefaultVersionCatalogBuilder$DefaultPluginAliasBuilder_Decorated $gradleInit ()V 1 <appendix> member <vmtarget> ; # org/gradle/api/internal/catalog/DefaultVersionCatalogBuilder$DefaultPluginAliasBuilder_Decorated$$Lambda+0x0000000100985888
# instanceKlass java/lang/invoke/LambdaForm$MH+0x0000000100984800
instanceKlass org/gradle/api/internal/catalog/DefaultVersionCatalogBuilder$DefaultPluginAliasBuilder
instanceKlass  @bci org/gradle/api/internal/catalog/parser/TomlCatalogFileParser parsePlugins (Lorg/tomlj/TomlTable;Lorg/gradle/api/internal/catalog/parser/StrictVersionParser;)V 32 <appendix> member <vmtarget> ; # org/gradle/api/internal/catalog/parser/TomlCatalogFileParser$$Lambda+0x0000000100986000
instanceKlass  @bci org/gradle/api/internal/catalog/parser/TomlCatalogFileParser parsePlugins (Lorg/tomlj/TomlTable;Lorg/gradle/api/internal/catalog/parser/StrictVersionParser;)V 16 <appendix> argL0 ; # org/gradle/api/internal/catalog/parser/TomlCatalogFileParser$$Lambda+0x0000000100983c58
instanceKlass org/gradle/api/internal/catalog/DefaultVersionCatalogBuilder$VersionReferencingDependencyModel
instanceKlass  @bci org/gradle/api/internal/catalog/DefaultVersionCatalogBuilder$DefaultLibraryAliasBuilder_Decorated $gradleInit ()V 1 <appendix> member <vmtarget> ; # org/gradle/api/internal/catalog/DefaultVersionCatalogBuilder$DefaultLibraryAliasBuilder_Decorated$$Lambda+0x0000000100957960
# instanceKlass java/lang/invoke/LambdaForm$MH+0x0000000100984400
# instanceKlass java/lang/invoke/LambdaForm$MH+0x0000000100984000
instanceKlass org/gradle/api/internal/catalog/AbstractContextAwareModel
instanceKlass org/gradle/api/internal/catalog/DefaultVersionCatalogBuilder$DefaultLibraryAliasBuilder
instanceKlass org/gradle/api/internal/catalog/AliasNormalizer
instanceKlass org/gradle/api/internal/catalog/parser/DependenciesModelHelper
instanceKlass  @bci org/gradle/api/internal/catalog/parser/TomlCatalogFileParser parseLibraries (Lorg/tomlj/TomlTable;Lorg/gradle/api/internal/catalog/parser/StrictVersionParser;)V 32 <appendix> member <vmtarget> ; # org/gradle/api/internal/catalog/parser/TomlCatalogFileParser$$Lambda+0x00000001009837f8
instanceKlass  @bci org/gradle/api/internal/catalog/parser/TomlCatalogFileParser parseLibraries (Lorg/tomlj/TomlTable;Lorg/gradle/api/internal/catalog/parser/StrictVersionParser;)V 16 <appendix> argL0 ; # org/gradle/api/internal/catalog/parser/TomlCatalogFileParser$$Lambda+0x00000001009835a8
instanceKlass org/tomlj/Parser$1
instanceKlass  @bci org/tomlj/MutableTomlTable ensureTable (Ljava/util/List;Lorg/tomlj/TomlPosition;Z)Lorg/tomlj/MutableTomlTable; 38 <appendix> member <vmtarget> ; # org/tomlj/MutableTomlTable$$Lambda+0x0000000100982bf8
instanceKlass org/tomlj/MutableTomlTable$Element
instanceKlass org/tomlj/TomlPosition
instanceKlass org/tomlj/MutableTomlTable
instanceKlass org/antlr/v4/runtime/tree/AbstractParseTreeVisitor
instanceKlass org/tomlj/internal/TomlParserVisitor
instanceKlass org/antlr/v4/runtime/misc/FlexibleHashMap$Entry
instanceKlass org/antlr/v4/runtime/misc/FlexibleHashMap
instanceKlass org/antlr/v4/runtime/misc/DoubleKeyMap
instanceKlass org/antlr/v4/runtime/atn/LexerIndexedCustomAction
instanceKlass org/antlr/v4/runtime/atn/LexerActionExecutor
instanceKlass org/antlr/v4/runtime/tree/TerminalNodeImpl
instanceKlass org/antlr/v4/runtime/atn/LL1Analyzer
instanceKlass org/antlr/v4/runtime/CommonToken
instanceKlass org/antlr/v4/runtime/WritableToken
instanceKlass org/antlr/v4/runtime/misc/MurmurHash
instanceKlass org/antlr/v4/runtime/atn/SemanticContext
instanceKlass org/antlr/v4/runtime/DefaultErrorStrategy
instanceKlass org/antlr/v4/runtime/BufferedTokenStream
instanceKlass org/antlr/v4/runtime/tree/ErrorNode
instanceKlass org/antlr/v4/runtime/tree/TerminalNode
instanceKlass org/antlr/v4/runtime/tree/ParseTreeListener
instanceKlass org/antlr/v4/runtime/RuleContext
instanceKlass org/antlr/v4/runtime/tree/RuleNode
instanceKlass org/antlr/v4/runtime/ANTLRErrorStrategy
instanceKlass org/antlr/v4/runtime/atn/LexerATNSimulator$SimState
instanceKlass org/antlr/v4/runtime/misc/AbstractEqualityComparator
instanceKlass org/antlr/v4/runtime/misc/EqualityComparator
instanceKlass org/antlr/v4/runtime/misc/Array2DHashSet
instanceKlass org/antlr/v4/runtime/dfa/DFAState
instanceKlass org/antlr/v4/runtime/atn/ATNConfigSet
instanceKlass org/antlr/v4/runtime/atn/ATNConfig
instanceKlass org/antlr/v4/runtime/misc/IntegerList
instanceKlass org/antlr/v4/runtime/Token
instanceKlass org/antlr/v4/runtime/CommonTokenFactory
instanceKlass org/antlr/v4/runtime/TokenFactory
instanceKlass org/antlr/v4/runtime/BaseErrorListener
instanceKlass org/antlr/v4/runtime/dfa/DFASerializer
instanceKlass org/antlr/v4/runtime/dfa/DFA
instanceKlass org/antlr/v4/runtime/atn/LexerPopModeAction
instanceKlass org/antlr/v4/runtime/atn/LexerModeAction
instanceKlass org/antlr/v4/runtime/atn/LexerTypeAction
instanceKlass org/antlr/v4/runtime/atn/LexerChannelAction
instanceKlass org/antlr/v4/runtime/atn/LexerPushModeAction
instanceKlass org/antlr/v4/runtime/atn/LexerCustomAction
instanceKlass org/antlr/v4/runtime/atn/ATNDeserializer$3
instanceKlass org/antlr/v4/runtime/atn/ATNDeserializer$2
instanceKlass org/antlr/v4/runtime/misc/Interval
instanceKlass org/antlr/v4/runtime/misc/IntervalSet
instanceKlass org/antlr/v4/runtime/atn/ATNDeserializer$1
instanceKlass org/antlr/v4/runtime/misc/Pair
instanceKlass org/antlr/v4/runtime/misc/IntSet
instanceKlass org/antlr/v4/runtime/atn/ATN
instanceKlass org/antlr/v4/runtime/atn/ATNDeserializationOptions
instanceKlass org/antlr/v4/runtime/atn/LexerAction
instanceKlass org/antlr/v4/runtime/atn/ATNDeserializer$UnicodeDeserializer
instanceKlass org/antlr/v4/runtime/atn/ATNState
instanceKlass org/antlr/v4/runtime/atn/Transition
instanceKlass org/antlr/v4/runtime/atn/ATNDeserializer
instanceKlass org/antlr/v4/runtime/VocabularyImpl
instanceKlass org/antlr/v4/runtime/atn/PredictionContext
instanceKlass org/antlr/v4/runtime/atn/PredictionContextCache
instanceKlass org/antlr/v4/runtime/RuntimeMetaData
instanceKlass org/antlr/v4/runtime/Vocabulary
instanceKlass org/antlr/v4/runtime/atn/ATNSimulator
instanceKlass org/antlr/v4/runtime/Recognizer
instanceKlass org/tomlj/TomlParseResult
instanceKlass org/tomlj/TomlTable
instanceKlass org/antlr/v4/runtime/tree/ParseTree
instanceKlass org/antlr/v4/runtime/tree/SyntaxTree
instanceKlass org/antlr/v4/runtime/tree/Tree
instanceKlass org/antlr/v4/runtime/tree/ParseTreeVisitor
instanceKlass org/tomlj/ErrorReporter
instanceKlass org/antlr/v4/runtime/ANTLRErrorListener
instanceKlass org/antlr/v4/runtime/TokenStream
instanceKlass org/antlr/v4/runtime/TokenSource
instanceKlass org/tomlj/Parser
instanceKlass org/antlr/v4/runtime/CodePointCharStream$1
instanceKlass org/antlr/v4/runtime/CodePointCharStream
instanceKlass org/antlr/v4/runtime/CodePointBuffer$1
instanceKlass org/antlr/v4/runtime/CodePointBuffer$Builder
instanceKlass org/antlr/v4/runtime/CodePointBuffer
instanceKlass org/antlr/v4/runtime/CharStreams
instanceKlass org/antlr/v4/runtime/CharStream
instanceKlass org/antlr/v4/runtime/IntStream
instanceKlass org/tomlj/Toml
instanceKlass org/gradle/api/internal/catalog/parser/TomlCatalogFileParser
instanceKlass  @bci org/gradle/api/internal/catalog/DefaultVersionCatalogBuilder importCatalogFromFile (Ljava/io/File;)V 94 <appendix> member <vmtarget> ; # org/gradle/api/internal/catalog/DefaultVersionCatalogBuilder$$Lambda+0x0000000100956830
instanceKlass  @bci org/gradle/api/internal/catalog/DefaultVersionCatalogBuilder maybeImportCatalogs ()V 166 <appendix> member <vmtarget> ; # org/gradle/api/internal/catalog/DefaultVersionCatalogBuilder$$Lambda+0x00000001009565f8
instanceKlass  @bci org/gradle/api/internal/artifacts/configurations/DefaultConfiguration generateSyntheticDependencies ()Ljava/util/List; 54 <appendix> member <vmtarget> ; # org/gradle/api/internal/artifacts/configurations/DefaultConfiguration$$Lambda+0x00000001009563a0
instanceKlass org/gradle/internal/locking/DefaultDependencyLockingState
instanceKlass  @bci org/gradle/internal/locking/LockFileReaderWriter readUniqueLockFile ()Ljava/util/Map; 10 <appendix> argL0 ; # org/gradle/internal/locking/LockFileReaderWriter$$Lambda+0x0000000100955ee0
instanceKlass  @bci org/gradle/internal/locking/LockFileReaderWriter readUniqueLockFile ()Ljava/util/Map; 4 <appendix> argL0 ; # org/gradle/internal/locking/LockFileReaderWriter$$Lambda+0x0000000100955c80
instanceKlass org/gradle/api/internal/provider/AbstractCollectionProperty$FixedSupplier
instanceKlass org/gradle/api/internal/artifacts/ivyservice/ivyresolve/ErrorHandlingModuleComponentRepository$ErrorHandlingModuleComponentRepositoryAccess
instanceKlass org/gradle/api/internal/artifacts/ivyservice/ivyresolve/ErrorHandlingModuleComponentRepository
instanceKlass org/gradle/api/internal/artifacts/ivyservice/ivyresolve/BaseModuleComponentRepository
instanceKlass org/gradle/api/internal/artifacts/ivyservice/ivyresolve/CachingModuleComponentRepository$ResolveAndCacheRepositoryAccess
instanceKlass org/gradle/internal/resolve/result/BuildableModuleComponentMetaDataResolveResult
instanceKlass org/gradle/api/internal/artifacts/ivyservice/ivyresolve/CachingModuleComponentRepository$LocateInCacheRepositoryAccess
instanceKlass org/gradle/api/internal/artifacts/ivyservice/ivyresolve/CachingModuleComponentRepository
instanceKlass  @bci org/gradle/api/internal/artifacts/dsl/DefaultComponentMetadataProcessor <clinit> ()V 8 <appendix> argL0 ; # org/gradle/api/internal/artifacts/dsl/DefaultComponentMetadataProcessor$$Lambda+0x0000000100954018
instanceKlass org/gradle/api/internal/artifacts/dsl/WrappingComponentMetadataContext
instanceKlass org/gradle/api/artifacts/ComponentMetadataContext
instanceKlass org/gradle/api/artifacts/ComponentMetadataDetails
instanceKlass org/gradle/api/internal/artifacts/dsl/DefaultComponentMetadataProcessor
instanceKlass org/gradle/api/internal/artifacts/ivyservice/ivyresolve/ExternalModuleComponentResolverFactory$DefaultMetadataResolutionContext
instanceKlass org/gradle/api/internal/artifacts/repositories/resolver/ExternalResourceResolver$AbstractRepositoryAccess
instanceKlass org/gradle/api/internal/artifacts/ivyservice/ivyresolve/ModuleComponentRepositoryAccess
instanceKlass org/gradle/api/internal/artifacts/repositories/resolver/VersionLister
instanceKlass  @bci org/gradle/api/internal/artifacts/repositories/AbstractArtifactRepository createInjectorForMetadataSuppliers (Lorg/gradle/api/internal/artifacts/repositories/transport/RepositoryTransport;Lorg/gradle/internal/instantiation/InstantiatorFactory;Ljava/net/URI;Lorg/gradle/internal/resource/local/FileStore;)Lorg/gradle/internal/resolve/caching/ImplicitInputsCapturingInstantiator; 24 <appendix> member <vmtarget> ; # org/gradle/api/internal/artifacts/repositories/AbstractArtifactRepository$$Lambda+0x00000001009525b0
instanceKlass org/gradle/api/internal/artifacts/repositories/AbstractArtifactRepository$1
instanceKlass org/gradle/api/internal/artifacts/repositories/metadata/DefaultImmutableMetadataSources
instanceKlass org/gradle/api/internal/artifacts/repositories/metadata/RedirectingGradleMetadataModuleMetadataSource
instanceKlass org/gradle/api/internal/artifacts/repositories/metadata/MavenMetadataArtifactProvider
instanceKlass org/gradle/internal/component/model/ModuleDescriptorArtifactMetadata
instanceKlass org/gradle/api/internal/artifacts/ivyservice/ivyresolve/parser/DescriptorParseContext
instanceKlass org/gradle/api/internal/artifacts/repositories/metadata/GradleModuleMetadataCompatibilityConverter
instanceKlass org/gradle/api/internal/artifacts/repositories/metadata/DefaultGradleModuleMetadataSource
instanceKlass org/gradle/api/internal/artifacts/repositories/DefaultMavenArtifactRepository$MavenSnapshotDecoratingSource
instanceKlass org/gradle/internal/resource/transfer/CacheAwareExternalResourceAccessor$ResourceFileStore
instanceKlass org/gradle/internal/resource/ExternalResource$ContentAndMetadataAction
instanceKlass org/gradle/internal/resource/transfer/DefaultCacheAwareExternalResourceAccessor
instanceKlass org/gradle/internal/resource/transport/DefaultExternalResourceRepository
instanceKlass org/gradle/internal/resource/transfer/ProgressLoggingExternalResourceLister$1
instanceKlass org/gradle/internal/resource/ExternalResourceListBuildOperationType$Result
instanceKlass org/gradle/internal/resource/transfer/ProgressLoggingExternalResourceAccessor$1
instanceKlass org/gradle/internal/resource/ExternalResourceReadMetadataBuildOperationType$Result
instanceKlass org/gradle/internal/resource/transfer/AbstractProgressLoggingHandler
instanceKlass org/gradle/internal/resource/transfer/CacheAwareExternalResourceAccessor
instanceKlass org/gradle/internal/resource/transport/AbstractRepositoryTransport
instanceKlass org/gradle/api/internal/artifacts/ivyservice/resolutionstrategy/DefaultExternalResourceCachePolicy
instanceKlass org/gradle/internal/resource/transfer/DefaultExternalResourceConnector$NoOpStats
instanceKlass org/gradle/internal/resource/transfer/DefaultExternalResourceConnector$1
instanceKlass org/gradle/internal/resource/transfer/DefaultExternalResourceConnector$ExternalResourceAccessStats
instanceKlass org/gradle/internal/resource/transfer/DefaultExternalResourceConnector
instanceKlass org/apache/http/HttpEntityEnclosingRequest
instanceKlass org/apache/http/HttpEntity
instanceKlass org/gradle/internal/resource/transport/http/HttpResourceUploader
instanceKlass org/gradle/internal/resource/transport/http/HttpResourceLister
instanceKlass org/gradle/internal/resource/transfer/ExternalResourceReadResponse
instanceKlass org/gradle/internal/resource/transfer/AbstractExternalResourceAccessor
instanceKlass org/apache/http/protocol/HttpContext
instanceKlass org/apache/http/message/AbstractHttpMessage
instanceKlass org/apache/http/client/methods/AbortableHttpRequest
instanceKlass org/apache/http/client/methods/HttpExecutionAware
instanceKlass org/apache/http/client/methods/Configurable
instanceKlass org/apache/http/client/methods/HttpUriRequest
instanceKlass org/slf4j/spi/LocationAwareLogger
instanceKlass org/apache/commons/logging/impl/SLF4JLog
instanceKlass org/apache/commons/logging/impl/SLF4JLocationAwareLog
instanceKlass org/apache/commons/logging/Log
instanceKlass org/apache/commons/logging/LogFactory
instanceKlass org/apache/http/conn/ssl/DefaultHostnameVerifier
instanceKlass org/gradle/internal/resource/transport/http/DefaultHttpSettings$Builder
instanceKlass org/gradle/internal/resource/transport/http/DefaultHttpSettings$2$2
instanceKlass javax/net/ssl/X509TrustManager
instanceKlass javax/net/ssl/TrustManager
instanceKlass org/gradle/internal/resource/transport/http/DefaultHttpSettings$2$1
instanceKlass org/gradle/internal/resource/transport/http/DefaultHttpSettings$2
instanceKlass org/gradle/internal/resource/transport/http/DefaultHttpSettings$1
instanceKlass org/gradle/internal/resource/transport/http/HttpProxySettings
instanceKlass org/gradle/internal/resource/transport/http/HttpTimeoutSettings
instanceKlass javax/net/ssl/HostnameVerifier
instanceKlass org/gradle/internal/resource/transport/http/DefaultHttpSettings
instanceKlass org/gradle/api/internal/artifacts/repositories/transport/RepositoryTransportFactory$DefaultResourceConnectorSpecification
instanceKlass  @bci org/gradle/internal/verifier/HttpRedirectVerifierFactory create (Ljava/net/URI;ZLjava/lang/Runnable;Ljava/util/function/Consumer;)Lorg/gradle/internal/verifier/HttpRedirectVerifier; 40 <appendix> member <vmtarget> ; # org/gradle/internal/verifier/HttpRedirectVerifierFactory$$Lambda+0x0000000100942428
instanceKlass org/gradle/internal/verifier/HttpRedirectVerifierFactory
instanceKlass  @bci org/gradle/api/internal/artifacts/repositories/DefaultUrlArtifactRepository createRedirectVerifier ()Lorg/gradle/internal/verifier/HttpRedirectVerifier; 18 <appendix> member <vmtarget> ; # org/gradle/api/internal/artifacts/repositories/DefaultUrlArtifactRepository$$Lambda+0x00000001009471c8
instanceKlass  @bci org/gradle/api/internal/artifacts/repositories/DefaultUrlArtifactRepository createRedirectVerifier ()Lorg/gradle/internal/verifier/HttpRedirectVerifier; 11 <appendix> member <vmtarget> ; # org/gradle/api/internal/artifacts/repositories/DefaultUrlArtifactRepository$$Lambda+0x0000000100946f90
instanceKlass org/gradle/api/internal/artifacts/ivyservice/ivyresolve/ExternalModuleComponentResolverFactory$ParentModuleLookupResolver
instanceKlass org/gradle/internal/resolve/result/BuildableArtifactFileResolveResult
instanceKlass org/gradle/internal/resolve/result/BuildableTypedResolveResult
instanceKlass org/gradle/internal/resolve/result/ErroringResolveResult
instanceKlass org/gradle/api/internal/artifacts/ivyservice/ivyresolve/RepositoryChainArtifactResolver
instanceKlass org/gradle/api/internal/artifacts/ivyservice/ivyresolve/RepositoryChainComponentMetaDataResolver
instanceKlass org/gradle/api/internal/artifacts/ivyservice/ivyresolve/DynamicVersionResolver
instanceKlass org/gradle/api/internal/artifacts/ivyservice/ivyresolve/RepositoryChainDependencyToComponentIdResolver
